farm_id,farmer_id,state,district,village,area_in_acres,calculated_area_in_acres,lon,lat
14149,10205,HARYANA,YAMUNANAGAR,Vpo topra kalan,3.7,3.52,77.16182626749294,30.12084148413038
17910,13615,PUNJAB,MUKTSAR,Abul khurana,5.0,4.39,74.50262053387324,30.134327494260663
17909,13615,PUNJAB,MUKTSAR,Abul khurana,3.0,3.02,74.51544997201256,30.1343904491207
17908,13615,PUNJAB,MUKTSAR,Abul khurana,1.7,1.79,74.52328793984573,30.140769482601577
17907,13615,PUNJAB,MUKTSAR,Abul khurana,8.2,8.41,74.52242834900967,30.13856284351215
16245,11459,PUNJAB,MUKTSAR,Tappa khera,46.0,46.3,74.521684180135,30.087784106847433
1548,1299,HARYANA,FATEHABAD,Haroli,18.0,13.61,75.4786156178354,29.664560291978436
21365,15926,PUNJAB,MUKTSAR,Fathui khera,6.0,5.94,74.49990078450087,30.017010707223985
21364,15926,PUNJAB,MUKTSAR,Fathui khera,40.0,36.88,74.50211345229863,30.011394440416804
16818,11800,PUNJAB,MUKTSAR,Abul khurana,14.0,13.96,74.51947441078357,30.14248273957732
15325,10909,PUNJAB,MUKTSAR,Akalgarh,5.0,4.8,74.38080042079396,30.50456372735079
16124,11380,PUNJAB,MUKTSAR,Ramgarh,3.0,2.67,74.3878515595227,30.499127689061417
16121,11380,PUNJAB,MUKTSAR,Ramgarh,5.0,5.69,74.39697583617485,30.4808179670418
20143,15003,PUNJAB,MUKTSAR,Abul Khurana,5.885,5.86,74.49898548871965,30.12211177679403
20142,15003,PUNJAB,MUKTSAR,Abul Khurana,19.649,19.64,74.50689018317861,30.14763120651377
20435,15207,PUNJAB,FAZILKA,Kandwala Hazar khan,7.599,7.61,74.2214798051375,30.294248190910075
17169,11967,HARYANA,KARNAL,Gonder,38.0,37.75,76.70982428270688,29.70795353307164
18158,13760,PUNJAB,MUKTSAR,Abul khurana,3.6,3.59,74.4935188532855,30.1290443530055
18157,13760,PUNJAB,MUKTSAR,Abul khurana,15.1,15.22,74.50473928804975,30.129952702516444
18156,13760,PUNJAB,MUKTSAR,Abul khurana,11.8,11.92,74.50438641309032,30.133235819018044
18155,13760,PUNJAB,MUKTSAR,Abul khurana,5.7,5.65,74.51085050207979,30.134068698308248
16407,11558,PUNJAB,MUKTSAR,Chakmadrassa,7.0,6.83,74.38758055767441,30.471327530107768
20042,14912,PUNJAB,MUKTSAR,Lakhawale,8.3,7.54,74.35307101024107,30.43736316159324
20035,14912,PUNJAB,MUKTSAR,Lakhawale,7.2,6.84,74.35656434355737,30.432989587525597
20034,14912,PUNJAB,MUKTSAR,Lakhawale,14.1,13.59,74.35952869996584,30.428102043072784
16822,11801,PUNJAB,MUKTSAR,Tappa khera,8.0,8.2,74.51085782472863,30.107974618558504
16821,11801,PUNJAB,MUKTSAR,Tappa khera,7.7,7.7,74.52614945168266,30.11390636343111
16820,11801,PUNJAB,MUKTSAR,Tappa khera,6.2,6.24,74.53474897386594,30.092369019883876
16819,11801,PUNJAB,MUKTSAR,Tappa khera,21.2,21.29,74.53511954535637,30.11529580975129
21367,15928,PUNJAB,MUKTSAR,Tappa khera,8.5,8.44,74.52929493503564,30.109213159346048
17023,11887,PUNJAB,MUKTSAR,Bhullar,4.732,4.8,74.55373719104745,30.44677207970134
17022,11887,PUNJAB,MUKTSAR,Bhullar,7.351,7.16,74.5439690984432,30.4534012235099
17746,13511,PUNJAB,FAZILKA,Kandwala Hazar khan,2.011,2.0,74.21436457167306,30.31780872929966
19197,14356,PUNJAB,MUKTSAR,Chakmadrassa,1.9,1.95,74.37959575909115,30.477977168729876
19196,14356,PUNJAB,MUKTSAR,Chakmadrassa,7.8,7.27,74.38032725643747,30.47775722154562
13647,9870,HARYANA,YAMUNANAGAR,Chhari,3.0,3.0,77.14421166971165,30.083945634443825
16568,11652,HARYANA,YAMUNANAGAR,Bubka,1.0,0.98,77.13497620904165,30.0383261651225
16567,11652,HARYANA,YAMUNANAGAR,Bubka,2.0,1.91,77.13705103367235,30.03747396449167
16566,11652,HARYANA,YAMUNANAGAR,Bubka,3.2,2.99,77.13842035284861,30.035738303730096
16565,11652,HARYANA,YAMUNANAGAR,Bubka,6.0,5.97,77.13421864410826,30.034795414545524
10476,7831,HARYANA,YAMUNANAGAR,Haibatpur,1.0,1.23,77.2242176933938,30.29292462991768
10461,7831,HARYANA,YAMUNANAGAR,Haibatpur,2.4,1.95,77.24267330077184,30.300139612809215
16789,11785,HARYANA,KURUKSHETRA,Bakali,7.3,7.33,77.05851134472844,30.031466993569527
19211,14365,PUNJAB,FAZILKA,Ghattian wali,34.284,28.5,74.19564909394121,30.38044742973879
18511,13951,PUNJAB,MUKTSAR,Ramgarh,3.0,3.23,74.37897596239857,30.49270697006824
18510,13951,PUNJAB,MUKTSAR,Ramgarh,5.0,5.19,74.38113896918796,30.492993191363222
12718,9303,HARYANA,AMBALA,Subri,18.0,18.34,77.00068496112938,30.182721961658224
12717,9303,HARYANA,AMBALA,Subri,20.7,20.14,76.99844858755863,30.19101663578748
12716,9303,HARYANA,AMBALA,Subri,8.0,7.81,76.99847228839684,30.192257231171265
24128,19815,HARYANA,YAMUNANAGAR,Kail,2.0,2.06,77.24985167854264,30.18663666448064
17996,13660,PUNJAB,MUKTSAR,Abul khurana,2.8,2.8,74.56340724482101,30.14267466980248
17995,13660,PUNJAB,MUKTSAR,Abul khurana,11.3,11.41,74.56881744695123,30.14304351517654
17994,13660,PUNJAB,MUKTSAR,Abul khurana,8.5,8.13,74.56591057727361,30.14335328286803
17993,13660,PUNJAB,MUKTSAR,Abul khurana,37.2,37.23,74.56198506673846,30.145504355461387
20019,14904,PUNJAB,MUKTSAR,Abul Khurana,2.079,2.12,74.5365095486645,30.133236050839887
20018,14904,PUNJAB,MUKTSAR,Abul Khurana,5.373,5.42,74.53714092763143,30.1304207515371
20017,14904,PUNJAB,MUKTSAR,Abul Khurana,36.787,36.98,74.54475071610953,30.121487093395864
20016,14904,PUNJAB,MUKTSAR,Abul Khurana,18.798,18.69,74.50880697193331,30.135465080913317
20015,14904,PUNJAB,MUKTSAR,Abul Khurana,3.819,3.73,74.53513059244042,30.13210406758043
25715,22244,HARYANA,KAITHAL,Ahun,3.0,2.96,76.69341708817947,29.793527360820104
25714,22244,HARYANA,KAITHAL,Ahun,3.5,3.47,76.69475474246028,29.794272076692916
19195,14355,PUNJAB,MUKTSAR,Chak madrassa,2.3,2.18,74.38195557970887,30.478009980271292
19194,14355,PUNJAB,MUKTSAR,Chak madrassa,2.5,2.67,74.38195866341393,30.47636910698427
15280,10779,PUNJAB,MUKTSAR,Ram garh,2.5,2.46,74.40333773968102,30.47806676929145
15087,10779,PUNJAB,MUKTSAR,Ram garh,1.5,1.46,74.39330663557206,30.499333815115516
2690,2183,PUNJAB,GURDASPUR,Maan nagar,8.0,5.76,75.18957667299512,31.83075375543097
11293,8354,PUNJAB,FEROZEPUR,Chine wala,10.0,8.97,74.58285556000543,31.013774261239
11292,8354,PUNJAB,FEROZEPUR,Chine wala,12.0,11.94,74.58673004041076,31.001983437325435
19761,14720,PUNJAB,MUKTSAR,Madrassa,3.0,3.09,74.36352536283263,30.46800470471036
12547,9184,HARYANA,YAMUNANAGAR,Ghillour majri,8.0,8.25,77.07025704338669,30.07331187250684
12546,9184,HARYANA,YAMUNANAGAR,Ghillour majri,10.0,9.97,77.07353264434185,30.07182431158149
12545,9184,HARYANA,YAMUNANAGAR,Ghillour majri,22.1,21.66,77.07720882676364,30.07140595011232
12544,9184,HARYANA,YAMUNANAGAR,Ghillour majri,12.0,11.25,77.08309992099437,30.07118552171528
20290,15094,PUNJAB,MUKTSAR,Abul Khurana,6.265,6.24,74.57639605613973,30.12419599157555
20289,15094,PUNJAB,MUKTSAR,Abul Khurana,11.147,11.16,74.52109226560457,30.147611995362784
16916,11835,PUNJAB,MUKTSAR,Abul khurana,7.0,6.98,74.55573492681,30.142234691854465
16915,11835,PUNJAB,MUKTSAR,Abul khurana,16.0,16.59,74.55778948577141,30.1432605195145
16914,11835,PUNJAB,MUKTSAR,Abul khurana,10.6,10.79,74.52637435107569,30.13056602348045
16913,11835,PUNJAB,MUKTSAR,Abul khurana,6.0,5.94,74.50403287348264,30.121382948641457
16912,11835,PUNJAB,MUKTSAR,Abul khurana,7.0,7.03,74.50381603069066,30.119283931384125
16795,11788,HARYANA,FATEHABAD,Haroli,10.0,9.85,75.45819887378858,29.641979157124226
16877,11819,PUNJAB,MUKTSAR,Lakhawali,6.0,5.67,74.34778165106381,30.440694204641503
16876,11819,PUNJAB,MUKTSAR,Lakhawali,6.0,5.07,74.3454335949713,30.442822783765585
16866,11813,PUNJAB,MUKTSAR,Abul khurana,6.0,6.0,74.54598330955359,30.128083233965057
2675,2169,HARYANA,FATEHABAD,Haroli,23.0,23.53,75.4717477773933,29.669004935024024
17208,11938,PUNJAB,MUKTSAR,Abul khurana,23.0,22.93,74.55506538886138,30.12231927175021
22730,17128,HARYANA,KAITHAL,Kaul,3.5,3.67,76.64229327474185,29.840522496494824
22729,17128,HARYANA,KAITHAL,Kaul,12.5,11.74,76.63800823666038,29.846293228463157
22728,17128,HARYANA,KAITHAL,Kaul,5.5,5.41,76.63524396273952,29.840738208628284
14195,10236,PUNJAB,FEROZEPUR,Jamitpur dehru,19.5,21.73,74.75320597301595,30.939133445450736
20039,14913,PUNJAB,MUKTSAR,Abul khurana,4.0,3.66,74.49895472547325,30.13320164657132
20037,14913,PUNJAB,MUKTSAR,Abul khurana,10.5,10.69,74.57021484985351,30.132551778525244
20036,14913,PUNJAB,MUKTSAR,Abul khurana,24.0,23.86,74.57428383353462,30.135512427105876
1192,1018,HARYANA,KURUKSHETRA,Jogna khera,5.0,2.69,76.8069971276047,29.98986958656968
18319,13849,PUNJAB,MUKTSAR,Ramgarh,1.5,1.55,74.39949503918425,30.47969244727532
18318,13849,PUNJAB,MUKTSAR,Ramgarh,1.0,0.83,74.4001666739919,30.480644661882355
18317,13849,PUNJAB,MUKTSAR,Ramgarh,4.0,3.39,74.37365625956238,30.499186457877123
17846,13572,PUNJAB,MUKTSAR,Abul khurana,6.0,6.11,74.55728377152154,30.12604866103384
17845,13572,PUNJAB,MUKTSAR,Abul khurana,19.8,20.11,74.57835553735475,30.11601868307208
20472,15236,HARYANA,FATEHABAD,Bigad,22.0,26.23,75.4555827114032,29.4606184313813
15416,10906,PUNJAB,MUKTSAR,Akalgarh,3.0,2.6,74.38906283762002,30.493067290995892
15415,10906,PUNJAB,MUKTSAR,Akalgarh,4.0,3.72,74.39066917879988,30.493056889907027
15322,10906,PUNJAB,MUKTSAR,Akalgarh,2.0,1.89,74.38276344834009,30.50360669745044
178,170,PUNJAB,AMRITSAR,Othian,10.0,9.88,74.71177704243686,31.768579657721492
3023,2449,HARYANA,JIND,Raichandwala,15.0,12.91,76.41750568987021,29.392843051396312
5445,4357,HARYANA,FATEHABAD,Haroli,6.0,5.01,75.45749000216995,29.63925591231436
16530,11631,PUNJAB,MUKTSAR,Ramgarh,4.0,3.89,74.38927221021213,30.490293834776505
13206,9595,PUNJAB,LUDHIANA,Pamali,8.25,8.04,75.7512297320161,30.822773115304336
13205,9595,PUNJAB,LUDHIANA,Pamali,3.5,3.09,75.74695401167024,30.822259300413997
16664,11707,PUNJAB,FAZILKA,Chakjanisar,24.0,21.28,74.33739457924277,30.510468524482924
21130,15723,PUNJAB,MUKTSAR,Chakmadrassa,6.5,6.56,74.35147683244583,30.46271349069084
21129,15723,PUNJAB,MUKTSAR,Chakmadrassa,2.0,1.99,74.35041798607975,30.46020755643144
21128,15723,PUNJAB,MUKTSAR,Chakmadrassa,5.2,5.26,74.35271015517165,30.477480997614247
1638,1368,HARYANA,KARNAL,Gondar,50.0,37.71,76.73693216713009,29.63074590016696
16595,11670,PUNJAB,MUKTSAR,Tappa khera,2.0,2.0,74.54497043371259,30.109319374551628
21066,15659,PUNJAB,MUKTSAR,Ramgarh,3.8,3.7,74.38283986636456,30.49297893439687
21065,15659,PUNJAB,MUKTSAR,Ramgarh,8.0,7.77,74.38228907630179,30.4907958006161
18890,14178,PUNJAB,MUKTSAR,Ramgarh,5.1,5.3,74.3811152643695,30.48194194678976
4159,3307,HARYANA,SIRSA,Dumdma,7.0,7.48,74.67363188822854,29.55686318278791
16085,11352,PUNJAB,MUKTSAR,Adhnian,2.0,2.39,74.53327947627061,30.065156674817505
3450,2766,HARYANA,FATEHABAD,Haroli,8.0,9.05,75.46214963725423,29.65023342198829
16731,11750,PUNJAB,MUKTSAR,Ramgarh,8.0,8.27,74.40193863897058,30.481114296336216
16730,11750,PUNJAB,MUKTSAR,Ramgarh,1.0,0.93,74.40246394403778,30.477823835042933
12169,8925,HARYANA,AMBALA,Jaferpur,19.6,19.22,77.13850214900661,30.31085530277352
20063,14911,PUNJAB,MUKTSAR,Lakhawale,6.7,6.71,74.37127684216631,30.449531066722685
20033,14911,PUNJAB,MUKTSAR,Lakhawale,7.8,7.77,74.36355681832661,30.429518992549237
25533,21957,HARYANA,KURUKSHETRA,Mangoli jattan,11.0,11.91,77.02917601348783,30.12035657459384
16648,11697,PUNJAB,MUKTSAR,Bhullar,8.789,8.59,74.58750486615666,30.428988581571588
16647,11697,PUNJAB,MUKTSAR,Bhullar,13.178,12.93,74.58640336990356,30.42659112961102
16646,11697,PUNJAB,MUKTSAR,Bhullar,14.028,14.16,74.57622974901612,30.42691529984624
1544,1297,HARYANA,SIRSA,Moju Khera,4.5,3.98,74.74164053070906,29.48169966863877
1543,1297,HARYANA,SIRSA,Moju Khera,3.5,3.2,74.74234245767164,29.484907177370793
2541,2063,HARYANA,KURUKSHETRA,Jyotisar,4.0,3.89,76.75857295925917,29.947424542484804
20542,15302,PUNJAB,MUKTSAR,Abul Khurana,4.886,4.89,74.48226906359196,30.04734395256197
20541,15302,PUNJAB,MUKTSAR,Abul Khurana,23.299,23.27,74.47856590048863,30.05003901534971
20540,15302,PUNJAB,MUKTSAR,Abul Khurana,29.541,29.38,74.52749383049304,30.13419923068263
23376,18264,HARYANA,YAMUNANAGAR,Talakour,3.0,2.8,77.20303903510082,30.239495891925436
19633,14625,HARYANA,KURUKSHETRA,Bapdi,2.5,2.75,77.07715382879803,29.96983609275413
19632,14625,HARYANA,KURUKSHETRA,Bapdi,1.4,1.46,77.08068001997545,29.96560085715052
18452,13913,HARYANA,KARNAL,Khedi man singh,10.8,10.49,77.00738472187103,29.82918853388459
18451,13913,HARYANA,KARNAL,Khedi man singh,10.7,11.07,77.00703058038715,29.828139816136595
3547,2830,PUNJAB,BARNALA,Sanghera,10.0,10.85,75.53986383178561,30.39333438332406
15504,11006,PUNJAB,MUKTSAR,Ramgarh,1.5,1.55,74.38525726106528,30.48730706737378
13225,9611,PUNJAB,LUDHIANA,Pamali,3.0,3.31,75.75306236988361,30.82453555172706
13224,9611,PUNJAB,LUDHIANA,Pamali,2.5,2.52,75.74240063871207,30.8180047679702
13223,9611,PUNJAB,LUDHIANA,Pamali,2.5,2.51,75.74173147955324,30.827818607930137
12351,9063,PUNJAB,LUDHIANA,Birmi,8.0,10.15,75.72018466863223,30.919749423391067
16346,11521,PUNJAB,MUKTSAR,Tappa khera,9.5,9.54,74.5421876475751,30.091867142774312
16345,11521,PUNJAB,MUKTSAR,Tappa khera,24.0,24.15,74.54727456608435,30.103926784247335
16341,11521,PUNJAB,MUKTSAR,Tappa khera,28.5,29.97,74.53579483945123,30.09049782687818
14826,10634,PUNJAB,MUKTSAR,sukhna abluo,107.0,86.82,74.61658441708151,30.34598086724784
14824,10634,PUNJAB,MUKTSAR,sukhna abluo,21.54,20.81,74.63065446182196,30.338294525068505
19827,14760,PUNJAB,MUKTSAR,Adhnian,2.0,2.16,74.55303699509965,30.06632748948097
19826,14760,PUNJAB,MUKTSAR,Adhnian,5.2,5.17,74.53058302513605,30.067441772876297
16606,11674,PUNJAB,MUKTSAR,Tappa khera,2.0,2.0,74.54640664467422,30.10713831699484
16605,11674,PUNJAB,MUKTSAR,Tappa khera,7.0,6.77,74.54504861683132,30.108622298209063
16604,11674,PUNJAB,MUKTSAR,Tappa khera,8.8,8.47,74.53916353350334,30.101007510414156
4553,3602,HARYANA,KURUKSHETRA,Bagthala,10.0,8.1,76.7170551935295,29.99812626300059
16894,11825,PUNJAB,MUKTSAR,Adhnian,7.5,7.62,74.55167773466685,30.084394167222552
16893,11825,PUNJAB,MUKTSAR,Adhnian,15.5,15.43,74.55572373008266,30.08655117361136
21415,15959,PUNJAB,MUKTSAR,Madrassa,2.2,2.19,74.37271504036725,30.464455102009904
21413,15959,PUNJAB,MUKTSAR,Madrassa,3.6,3.81,74.37640676401956,30.46380462884683
16593,11669,PUNJAB,MUKTSAR,Tappa khera,9.5,9.52,74.544521035485,30.110976051137612
16592,11669,PUNJAB,MUKTSAR,Tappa khera,12.5,12.42,74.5466707490108,30.11073596626635
18246,13809,PUNJAB,MUKTSAR,Sounke,5.8,3.88,74.48248002356682,30.31829192191435
18245,13809,PUNJAB,MUKTSAR,Sounke,33.4,32.87,74.48319198883,30.32557082819558
1245,1062,HARYANA,KAITHAL,Kharkra,22.0,16.96,76.28992319411473,29.94410488449539
16119,11378,PUNJAB,MUKTSAR,Ramgarh,3.5,3.44,74.4018124980637,30.485184516536133
13228,9614,PUNJAB,LUDHIANA,Pamali,7.0,6.64,75.74505566552332,30.831655244325063
25594,22046,HARYANA,KURUKSHETRA,Mangoli jattan,8.0,7.96,77.0369193788773,30.134650887579504
17237,12000,PUNJAB,MUKTSAR,Trakhan wala,9.5,9.75,74.39224718293143,30.327034413306265
16717,11739,PUNJAB,MUKTSAR,Tappa khera,5.0,5.07,74.53362936278447,30.111651676093867
16716,11739,PUNJAB,MUKTSAR,Tappa khera,9.8,9.94,74.53604964092585,30.112623457864355
17248,12009,PUNJAB,MUKTSAR,Nanakpura,7.789,7.82,74.4278365136234,30.387084361206604
8973,6904,PUNJAB,MANSA,Lakhiwal,30.8,30.71,75.53177506323846,29.794597743908483
7814,1362,HARYANA,FATEHABAD,Haroli,12.0,9.22,75.47908161481917,29.63864558772273
16942,11844,PUNJAB,MUKTSAR,Adhnian,0.6,0.75,74.5554874238396,30.082103222786547
16941,11844,PUNJAB,MUKTSAR,Adhnian,13.0,13.12,74.56243703506523,30.086632325197066
16940,11844,PUNJAB,MUKTSAR,Adhnian,14.0,14.74,74.56431879590687,30.085341309534822
16939,11844,PUNJAB,MUKTSAR,Adhnian,2.0,1.94,74.55511890554611,30.077282464381828
16938,11844,PUNJAB,MUKTSAR,Adhnian,4.5,4.87,74.55764333146115,30.081260771332072
16937,11844,PUNJAB,MUKTSAR,Adhnian,12.0,12.24,74.55374947418024,30.082128778432516
18244,13808,PUNJAB,MUKTSAR,Tappa khera,12.7,12.55,74.55059053055975,30.100650686970585
14506,10426,HARYANA,KURUKSHETRA,Umri,12.3,12.17,76.92088243095913,29.9313742209174
14505,10426,HARYANA,KURUKSHETRA,Umri,14.0,14.42,76.92673508859546,29.93814877229423
16720,11742,PUNJAB,MUKTSAR,Tarkhan wala,19.0,19.6,74.38915442191876,30.322510204429665
20628,15363,PUNJAB,MUKTSAR,Mahuana,7.5,7.29,74.53110740511684,30.084329459857845
20627,15363,PUNJAB,MUKTSAR,Mahuana,4.2,4.29,74.53432744294545,30.083622246161035
20626,15363,PUNJAB,MUKTSAR,Mahuana,12.0,12.09,74.54470202947495,30.08361163902442
20625,15363,PUNJAB,MUKTSAR,Mahuana,13.0,10.77,74.53726757371366,30.079491350413
20624,15363,PUNJAB,MUKTSAR,Mahuana,8.2,8.34,74.55140175830081,30.07730540602261
20623,15363,PUNJAB,MUKTSAR,Mahuana,4.1,4.43,74.55889746352432,30.098929027333657
2255,1839,HARYANA,SIRSA,Rattakhera,3.5,2.24,74.77691015816119,29.46534901252441
2253,1839,HARYANA,SIRSA,Rattakhera,3.0,2.99,74.78502686281891,29.47774574619544
14591,10480,HARYANA,KURUKSHETRA,New gawn,15.0,14.88,77.02589158908286,29.963138548461068
4655,3683,HARYANA,FATEHABAD,Khumber,7.0,5.21,75.43150636383233,29.62558400320959
23088,17803,HARYANA,KURUKSHETRA,Bir mathana,19.0,19.93,76.91690965766533,29.99661734684304
15486,10996,PUNJAB,MUKTSAR,Ramgar,2.0,1.88,74.40470619239511,30.48468418791751
15485,10996,PUNJAB,MUKTSAR,Ramgar,3.4,3.85,74.40481705446605,30.48083188511028
15484,10996,PUNJAB,MUKTSAR,Ramgar,3.0,3.09,74.40566158031426,30.482300437457567
8282,3227,HARYANA,SIRSA,Dumdma,12.0,11.86,74.65574049271066,29.457674795260733
8281,3227,HARYANA,SIRSA,Dumdma,32.4,30.97,74.65358873113587,29.568929280111337
17818,13553,PUNJAB,MUKTSAR,Danewala,11.8,11.78,74.2684640910086,30.005444227525853
17817,13553,PUNJAB,MUKTSAR,Danewala,1.5,1.46,74.48610419729654,30.16698212448062
17816,13553,PUNJAB,MUKTSAR,Danewala,46.8,42.7,74.48389126572883,30.169769469401707
1731,1433,HARYANA,FATEHABAD,Haroli,2.5,1.85,75.45227865194815,29.659081038993225
14604,10486,PUNJAB,FEROZEPUR,Nazu wala,16.4,15.88,74.74931034551484,30.964404154639553
6154,4959,PUNJAB,FARIDKOT,Dhilwan kalan,4.0,3.78,74.88210006351265,30.55493735418443
12791,9347,PUNJAB,MUKTSAR,Lohara,7.0,7.06,74.65706309881512,30.35619438353976
12790,9347,PUNJAB,MUKTSAR,Lohara,4.341,4.34,74.66347463980412,30.3697595567771
8926,6877,PUNJAB,BATHINDA,Bibi wala,5.0,4.93,74.99682991562358,30.25066563518375
9172,7027,HARYANA,KARNAL,Bhoji,7.0,6.8,77.11684055713586,29.921104839230143
5762,4608,PUNJAB,BARNALA,sanghera,8.0,7.18,75.54684799392686,30.40148548399738
20024,14906,PUNJAB,MUKTSAR,Abul khurana,3.0,3.03,74.55035484474881,30.12038188334294
20023,14906,PUNJAB,MUKTSAR,Abul khurana,10.5,10.63,74.56115055578823,30.14221452422844
20022,14906,PUNJAB,MUKTSAR,Abul khurana,15.0,15.08,74.55282892906912,30.13053624443761
20021,14906,PUNJAB,MUKTSAR,Abul khurana,6.9,6.83,74.55337490443996,30.127430823643863
15841,11197,PUNJAB,MUKTSAR,Ramgarh,5.0,6.31,74.40934188414947,30.480475786435697
13003,9473,HARYANA,YAMUNANAGAR,Daulatpur,3.0,2.97,77.11399112620408,30.079001912752556
13002,9473,HARYANA,YAMUNANAGAR,Daulatpur,4.0,3.79,77.11389467340042,30.082464128458067
13001,9473,HARYANA,YAMUNANAGAR,Daulatpur,4.5,4.37,77.111011670458,30.0871378901908
13000,9473,HARYANA,YAMUNANAGAR,Daulatpur,9.5,9.07,77.09186425787898,30.103091475148148
17822,13555,PUNJAB,MUKTSAR,Dabewala,11.8,12.07,74.54700809371082,30.18035165107661
15718,11132,PUNJAB,MUKTSAR,Ramgarh,8.6,8.21,74.3969790836492,30.501294334781587
17224,11993,HARYANA,YAMUNANAGAR,Badanpuri,2.2,2.22,77.1939940130648,30.12828601933849
17223,11993,HARYANA,YAMUNANAGAR,Badanpuri,2.0,2.0,77.19124478133605,30.127880049004165
18770,14118,HARYANA,KAITHAL,Ahun,2.5,2.61,76.68765501361543,29.796427497799566
2597,2110,HARYANA,PANIPAT,Sewah,5.0,4.42,76.97936541587673,29.32626762394613
2555,2072,HARYANA,KAITHAL,Lambakheri,2.0,1.25,76.22773622183813,29.693469983650363
2554,2072,HARYANA,KAITHAL,Lambakheri,3.0,2.54,76.22998681457351,29.69084520900332
18771,14119,HARYANA,KAITHAL,Rasina,50.0,48.81,76.66338076031651,29.744433359811687
25022,21274,HARYANA,KURUKSHETRA,Ram nagar,22.0,22.72,76.94032352270254,30.0736918950711
26334,23076,HARYANA,KAITHAL,Kheri Sakra,7.5,7.64,76.6768300665489,29.814748412426884
26333,23076,HARYANA,KAITHAL,Kheri Sakra,14.0,12.96,76.66659662189278,29.805772458335532
19298,14412,HARYANA,KAITHAL,Sach,2.0,1.87,76.66158759519482,29.737532273877893
20131,14992,PUNJAB,MUKTSAR,Abul Khurana,4.262,4.25,74.56845300165728,30.13965886466168
20130,14992,PUNJAB,MUKTSAR,Abul Khurana,11.318,11.21,74.57406036944278,30.139104186781697
20129,14992,PUNJAB,MUKTSAR,Abul Khurana,5.038,5.0,74.56511301406405,30.124328661911232
10661,7968,HARYANA,KURUKSHETRA,Hari Singh majra,20.0,18.46,76.97672676289937,30.094252064851904
16003,11300,PUNJAB,MUKTSAR,Akalgarh,3.7,3.75,74.40064310743959,30.523967106649344
2581,2096,HARYANA,FATEHABAD,Fatehabad local,33.0,23.85,75.46004020185298,29.53904116018524
17827,13558,PUNJAB,FAZILKA,Jandwala,1.5,1.51,74.30957427250681,30.52709156446785
17826,13558,PUNJAB,FAZILKA,Jandwala,2.5,2.71,74.30816719723396,30.524180054898657
16005,11298,PUNJAB,MUKTSAR,Akalgarh,2.4,2.35,74.40104575757539,30.525325418757536
16002,11298,PUNJAB,MUKTSAR,Akalgarh,3.0,2.98,74.39373094661593,30.518773363110206
16001,11298,PUNJAB,MUKTSAR,Akalgarh,3.3,3.66,74.39508298347143,30.517136010995028
17263,12013,PUNJAB,MUKTSAR,Tarkhan wala,19.0,16.22,74.40186292156818,30.32244550362979
16870,11808,PUNJAB,MUKTSAR,Lakhawali,6.0,6.55,74.35490951160776,30.44127959857006
16869,11808,PUNJAB,MUKTSAR,Lakhawali,24.0,28.37,74.35813456767112,30.439260095722545
16855,11808,PUNJAB,MUKTSAR,Lakhawali,2.5,2.43,74.36438105173754,30.447109469859736
16854,11808,PUNJAB,MUKTSAR,Lakhawali,42.5,42.51,74.3612588194087,30.447785168582183
16853,11808,PUNJAB,MUKTSAR,Lakhawali,25.0,25.75,74.3636591313795,30.444084206774033
16852,11808,PUNJAB,MUKTSAR,Lakhawali,12.0,11.18,74.37496903359397,30.448000377221923
2096,1714,HARYANA,SIRSA,Ghukanwali,10.0,10.59,74.87692454332942,29.728595298320386
517,467,HARYANA,SIRSA,Anandgarh,5.0,5.11,74.97256777013845,29.725936933436408
18275,13829,PUNJAB,MUKTSAR,Bhuttiwala,32.89,33.14,74.61392041395769,30.46961890075171
18274,13829,PUNJAB,MUKTSAR,Bhuttiwala,23.815,23.88,74.61608957437656,30.46812743822607
18357,13869,HARYANA,FATEHABAD,Madh,17.5,17.48,75.39601827053944,29.715661846225835
15626,10974,PUNJAB,MUKTSAR,Ramgarh,4.0,3.55,74.39619974519734,30.473677227074713
15437,10974,PUNJAB,MUKTSAR,Ramgarh,2.4,2.04,74.40579709848599,30.475096816921074
15436,10974,PUNJAB,MUKTSAR,Ramgarh,3.0,2.54,74.40799656126244,30.474052870433944
15477,10991,PUNJAB,MUKTSAR,sukhna abluo,3.112,3.13,74.62167056678382,30.35360302916912
15476,10991,PUNJAB,MUKTSAR,sukhna abluo,20.136,20.12,74.62310808554395,30.352101425941985
15475,10991,PUNJAB,MUKTSAR,sukhna abluo,5.801,5.57,74.61057120897456,30.343075130321857
15474,10991,PUNJAB,MUKTSAR,sukhna abluo,6.504,6.41,74.61161408767894,30.344273299349407
3223,2580,HARYANA,SIRSA,Odhan,27.0,24.17,74.89101590478928,29.755124934736926
6212,5011,PUNJAB,FARIDKOT,Kamiana,5.0,4.09,74.72457304545652,30.635273006385106
21788,16277,HARYANA,KURUKSHETRA,Ajrana Kalan,60.0,59.91,76.79601857741534,30.10577635807687
17833,13564,PUNJAB,FAZILKA,Dhabkhusal joya,2.5,2.54,74.28241563209056,30.537413183764784
17039,11895,PUNJAB,MUKTSAR,Udekaran,6.028,6.05,74.53585318688694,30.50347078038644
17038,11895,PUNJAB,MUKTSAR,Udekaran,18.251,18.25,74.53301033292254,30.504560039793525
11641,8561,HARYANA,AMBALA,Zaffarpur,9.8,9.77,77.15657473045913,30.329473930011133
11640,8561,HARYANA,AMBALA,Zaffarpur,9.0,9.25,77.14841873959178,30.326277135423688
6358,5118,PUNJAB,PATIALA,farm Bahadurgarh,25.0,22.35,76.48200356576758,30.37883391697447
23633,18854,HARYANA,YAMUNANAGAR,Sudhail,4.6,4.61,77.24162221854075,30.16869751487184
23631,18854,HARYANA,YAMUNANAGAR,Sudhail,5.3,5.06,77.23310991778385,30.17184635325461
23581,18719,HARYANA,KARNAL,Kalsora,21.5,21.44,77.1469748836077,29.876928377819983
16930,11841,PUNJAB,FAZILKA,Tahliwala Jattan,1.0,0.98,74.21061372449175,30.332576458845725
16012,11306,PUNJAB,MUKTSAR,Akalgarh,6.0,5.8,74.37998606592292,30.50621545273065
16860,11810,PUNJAB,MUKTSAR,Adhnian,6.0,5.52,74.54284384187929,30.07153034390815
16859,11810,PUNJAB,MUKTSAR,Adhnian,16.0,16.74,74.55618287710459,30.093215359866537
16858,11810,PUNJAB,MUKTSAR,Adhnian,20.0,19.88,74.53827698396239,30.072563767988346
16857,11810,PUNJAB,MUKTSAR,Adhnian,15.0,17.13,74.52753524798213,30.069781767669145
16856,11810,PUNJAB,MUKTSAR,Adhnian,21.0,21.72,74.53577402447465,30.06678629266137
16123,11381,PUNJAB,MUKTSAR,Ramgarh,3.4,3.3,74.40600790994215,30.499081714105554
17485,13386,PUNJAB,MUKTSAR,Rupana,6.103,6.0,74.51647853353828,30.43202569052605
17484,13386,PUNJAB,MUKTSAR,Rupana,66.013,65.53,74.51506195365141,30.428101909090636
16080,11348,PUNJAB,MUKTSAR,Abul khurana,13.2,13.04,74.52518635528847,30.12943152243643
16055,11331,PUNJAB,MUKTSAR,Abul khurana,7.75,7.83,74.53891392230264,30.127771472579568
685,609,HARYANA,SIRSA,Bhangu,25.0,29.22,75.00149770587562,29.646454698136942
6965,5602,PUNJAB,FARIDKOT,Kamiana,14.0,11.01,74.74356488392081,30.650586371825177
16848,11208,PUNJAB,MUKTSAR,Abul khurana,4.0,4.03,74.50620024733878,30.154510975346614
16846,11208,PUNJAB,MUKTSAR,Abul khurana,24.0,24.84,74.50607635793146,30.15971373763856
16845,11208,PUNJAB,MUKTSAR,Abul khurana,23.5,23.55,74.50912918943706,30.16219520612259
16844,11208,PUNJAB,MUKTSAR,Abul khurana,51.0,51.77,74.50994080291248,30.155668618054005
16115,11373,PUNJAB,MUKTSAR,Arniwala wazira,5.0,5.18,74.47813579706762,30.080404789734057
16113,11373,PUNJAB,MUKTSAR,Arniwala wazira,11.5,12.15,74.47691927925926,30.08141436807759
18388,13880,HARYANA,KAITHAL,Sagroli,8.0,8.16,76.64933688255287,29.80566632200781
18176,13773,PUNJAB,MUKTSAR,Adhnian,3.42,3.41,74.54599526761902,30.086932805413888
2492,2023,HARYANA,KARNAL,Gullarpur,70.0,44.81,76.77397572707586,29.622489204154977
16099,11361,PUNJAB,MUKTSAR,Ramgarh,6.0,6.13,74.39558097511535,30.503089580676313
16993,11872,HARYANA,FATEHABAD,Chankothi,17.0,16.93,75.45986533214406,29.627836656622737
6910,5555,PUNJAB,MUKTSAR,channu,8.1,7.99,74.5966990521207,30.09370198003215
16084,11346,PUNJAB,MUKTSAR,Abul khurana,6.4,6.85,74.51837918102956,30.12755551152494
16078,11346,PUNJAB,MUKTSAR,Abul khurana,14.4,14.61,74.51222128802856,30.12129453566536
16609,11677,PUNJAB,MUKTSAR,Abul khurana,16.0,16.12,74.51973794039534,30.13829703670004
16395,11551,PUNJAB,MUKTSAR,Sikhwala,10.0,9.7,74.53917797087577,30.03405976251
20010,14900,PUNJAB,MUKTSAR,Abul khurana,4.7,4.82,74.50207399674015,30.139668974143472
20009,14900,PUNJAB,MUKTSAR,Abul khurana,9.9,9.89,74.50485728854373,30.13715207004383
2420,1964,HARYANA,KAITHAL,Kolekhan,18.0,18.7,76.19350299925142,29.677727674524707
2419,1964,HARYANA,KAITHAL,Kolekhan,15.0,13.66,76.20046236217698,29.695765210100696
17007,11878,PUNJAB,MUKTSAR,Abul khurana,18.5,18.59,74.51428981854424,30.121699381321516
17006,11878,PUNJAB,MUKTSAR,Abul khurana,14.7,14.73,74.53051826786661,30.143510717185897
17090,11925,HARYANA,YAMUNANAGAR,Jamalpur,11.0,10.66,77.07327371543491,30.14930226450276
17089,11925,HARYANA,YAMUNANAGAR,Jamalpur,21.0,19.88,77.0768496751252,30.129540024649444
198,189,PUNJAB,TARN_TARAN,,5.0,4.83,74.97934024160787,31.51940478237055
16267,11473,PUNJAB,MUKTSAR,sukhna ablo,10.526,10.44,74.65536399925165,30.34731932549332
12711,9301,PUNJAB,FEROZEPUR,Bhane wala,7.4,7.77,74.69014126900566,31.04821550901528
17010,11880,PUNJAB,FAZILKA,Tahliwala Jattan,2.5,2.17,74.21068063349942,30.333309705464192
17009,11880,PUNJAB,FAZILKA,Tahliwala Jattan,7.7,7.41,74.21079252014624,30.325227606695755
20664,15394,HARYANA,KAITHAL,Pabnawa,10.5,10.23,76.65623962449678,29.882743472369743
1421,1204,HARYANA,SIRSA,Moju Khera,4.0,3.63,74.73468450497586,29.456100199081227
16626,11685,PUNJAB,MUKTSAR,Ramgarh,5.0,4.84,74.40332024553027,30.48132252741193
16196,11432,HARYANA,KURUKSHETRA,Mirzapur,10.0,10.0,76.78665239881795,29.95192956872549
18964,14229,PUNJAB,FAZILKA,Kandwala Hazar khan,22.66,22.02,74.21642637572697,30.31141858654766
20376,15155,PUNJAB,MUKTSAR,Lal bai,7.767,7.65,74.58079546080963,30.1396804598718
20375,15155,PUNJAB,MUKTSAR,Lal bai,13.285,13.13,74.5737155701983,30.140211973091468
6673,5379,PUNJAB,MUKTSAR,channu,18.3,18.2,74.60155184914964,30.08380028098301
1973,1621,HARYANA,FATEHABAD,Haroli,40.0,44.88,75.4796912489317,29.6615504608328
18965,14231,PUNJAB,FAZILKA,Kand wala hazar khan,25.483,25.37,74.22136558831961,30.29965176163243
20041,14914,PUNJAB,MUKTSAR,Abul Khurana,5.096,5.27,74.5362947350114,30.117897261523137
20040,14914,PUNJAB,MUKTSAR,Abul Khurana,21.987,22.23,74.55484057162354,30.13981358999308
17513,13398,PUNJAB,MUKTSAR,Sri Muktsar Sahib,12.323,11.44,74.52237992120676,30.44786678180833
17512,13398,PUNJAB,MUKTSAR,Sri Muktsar Sahib,13.645,13.43,74.52530557698567,30.44098145355863
15147,10812,HARYANA,AMBALA,Kambasi,17.7,18.64,76.99821995726637,30.164737754286516
6717,5411,PUNJAB,MUKTSAR,channu,9.8,9.83,74.61454952709947,30.091212728756386
8292,6437,HARYANA,KURUKSHETRA,Samaspur,5.0,6.44,76.73618813955635,29.982019776325103
2050,1681,HARYANA,KAITHAL,Parbhot,3.0,2.34,76.29696209310305,29.908326631686577
12360,9071,PUNJAB,LUDHIANA,Nataa,7.0,6.94,75.93933324228219,30.827882581862266
14253,10274,PUNJAB,MUKTSAR,Sukhna ablu,9.135,8.65,74.64309020496474,30.355685831127243
18273,13702,PUNJAB,MUKTSAR,Lakhawala,3.5,3.5,74.44088609880366,30.449935144537363
18271,13702,PUNJAB,MUKTSAR,Lakhawala,1.0,1.06,74.39620268989422,30.43398728884541
16868,11771,PUNJAB,MUKTSAR,Lakhawal,5.0,4.75,74.35736062667381,30.44266275103259
16851,11771,PUNJAB,MUKTSAR,Lakhawal,20.0,23.92,74.36842892915384,30.444108545567197
16850,11771,PUNJAB,MUKTSAR,Lakhawal,16.0,16.46,74.36444244514237,30.441011280012415
16849,11771,PUNJAB,MUKTSAR,Lakhawal,32.0,23.88,74.36611031277332,30.44429871869398
16772,11771,PUNJAB,MUKTSAR,Lakhawal,1.0,1.0,74.35512855648996,30.45334361778441
16771,11771,PUNJAB,MUKTSAR,Lakhawal,20.0,25.0,74.35841190044488,30.452067137444853
16770,11771,PUNJAB,MUKTSAR,Lakhawal,25.0,25.54,74.35222071628621,30.452566929921897
16769,11771,PUNJAB,MUKTSAR,Lakhawal,5.7,6.03,74.346112150492,30.441207510042627
16768,11771,PUNJAB,MUKTSAR,Lakhawal,12.3,12.53,74.34665800491844,30.43955331704616
16767,11771,PUNJAB,MUKTSAR,Lakhawal,8.5,8.65,74.34647011554456,30.438427449440223
16765,11771,PUNJAB,MUKTSAR,Lakhawal,10.0,9.2,74.34214199119347,30.44285002413864
17027,11890,PUNJAB,MUKTSAR,udekaran,10.592,10.39,74.55911258871767,30.476661320184707
17026,11890,PUNJAB,MUKTSAR,udekaran,17.014,17.0,74.55268884465887,30.469942997036117
17019,11885,PUNJAB,MUKTSAR,sangudhon,12.151,11.87,74.54584214697465,30.452673753988517
7141,5746,PUNJAB,MUKTSAR,channu,7.55,7.9,74.58630514486981,30.08357266184396
14205,10246,PUNJAB,BARNALA,kalala,19.0,18.19,75.51918990043221,30.482609942559915
20141,15002,PUNJAB,MUKTSAR,Abul Khurana,19.45,19.74,74.49720543129371,30.1426966460155
20140,15002,PUNJAB,MUKTSAR,Abul Khurana,29.26,34.45,74.50701291148839,30.144041736256177
2822,2284,HARYANA,PANIPAT,Sutana,8.0,8.04,76.86097069732007,29.352169251627497
19747,14704,PUNJAB,MUKTSAR,Bhagsar,1.8,1.86,74.39756893594812,30.45764234455712
19744,14704,PUNJAB,MUKTSAR,Bhagsar,11.0,11.35,74.4017311917957,30.457360038093093
19743,14704,PUNJAB,MUKTSAR,Bhagsar,5.9,5.95,74.39727981062693,30.449807433072905
16226,11450,HARYANA,KARNAL,Khanpur,8.0,7.74,77.06366488375546,29.937615956304175
18105,13726,PUNJAB,MUKTSAR,Abul khurana,5.6,5.57,74.57068419151426,30.134927266059137
18104,13726,PUNJAB,MUKTSAR,Abul khurana,22.6,22.7,74.56799012221177,30.132463914540736
646,570,HARYANA,KARNAL,Bahlolpur,9.5,10.09,76.84305910387681,29.734364326374624
1490,1261,HARYANA,PANIPAT,Vaiser,4.0,4.71,76.8178052909786,29.384905993913492
1489,1261,HARYANA,PANIPAT,Vaiser,24.0,28.72,76.82038016950312,29.385493086479656
19649,14640,HARYANA,KURUKSHETRA,Budha,12.8,12.61,77.07846102374486,29.983219299502807
2126,1733,HARYANA,PANIPAT,Urlana kalan,15.0,14.33,76.67650012198324,29.36079913497767
2125,1733,HARYANA,PANIPAT,Urlana kalan,20.0,15.6,76.67512107434965,29.35686565194001
20169,15012,PUNJAB,MUKTSAR,Lakhawale,3.0,2.95,74.34043208566936,30.442555345921424
20168,15012,PUNJAB,MUKTSAR,Lakhawale,17.0,16.87,74.33800824480623,30.443551149781296
20164,15012,PUNJAB,MUKTSAR,Lakhawale,10.4,10.78,74.33754315121638,30.444726931329427
20163,15012,PUNJAB,MUKTSAR,Lakhawale,6.8,6.77,74.33179646987323,30.444417448153462
20162,15012,PUNJAB,MUKTSAR,Lakhawale,8.3,8.1,74.33283091402748,30.443361880204098
16120,11379,PUNJAB,MUKTSAR,Ramgarh,2.0,1.91,74.40616241388916,30.485310978753812
6956,5593,HARYANA,SIRSA,Odhan,19.5,19.52,76.23156668837747,29.977441313610004
7851,1709,HARYANA,PANIPAT,Naultha,5.0,6.08,76.88321354868339,29.308872353195987
2090,1709,HARYANA,PANIPAT,Naultha,30.0,23.4,76.89093963506619,29.301900909735107
2514,2041,HARYANA,PANIPAT,Badad,26.0,33.51,76.90840864997136,29.3501982594427
11310,8364,HARYANA,KARNAL,Chhaper,26.6,25.67,77.07303648099678,29.932045337363235
17045,11900,PUNJAB,FAZILKA,Tahliwala Jattan,1.22,1.18,74.20284725725651,30.34000214672795
1743,1444,HARYANA,PANIPAT,Nurpur gadi,15.0,14.43,77.03459965041347,29.328896158092498
22440,16842,HARYANA,KARNAL,Jarifabaad,51.0,49.49,76.89083243083446,29.719392620512203
17894,13605,PUNJAB,MUKTSAR,Danewala,7.0,5.93,74.47959062113698,30.16674021591928
17893,13605,PUNJAB,MUKTSAR,Danewala,10.0,9.88,74.47965685405775,30.163588430597997
17892,13605,PUNJAB,MUKTSAR,Danewala,7.7,7.76,74.4941547087939,30.1687689872725
16680,11716,HARYANA,KARNAL,Bhadsho,10.3,10.35,76.95854998585747,29.91855621475272
14212,10248,HARYANA,KAITHAL,Kakheri,7.1,6.93,76.33976098012398,29.944372236275175
14211,10248,HARYANA,KAITHAL,Kakheri,7.2,7.41,76.3523709344315,29.971181693958
14210,10248,HARYANA,KAITHAL,Kakheri,11.0,10.89,76.36209860248951,29.966916813857733
14209,10248,HARYANA,KAITHAL,Kakheri,11.0,13.0,76.35694603145005,29.96763555927387
1181,1008,HARYANA,PANIPAT,Nara,8.0,5.87,76.74758047741477,29.391710706739953
1757,1457,HARYANA,PANIPAT,Sewah,35.0,31.18,77.00468246351413,29.3453228497091
20622,15362,PUNJAB,MUKTSAR,Mahuana,13.3,13.47,74.53162719540899,30.09769711482642
20621,15362,PUNJAB,MUKTSAR,Mahuana,8.6,8.72,74.54216619628656,30.090280952445266
20620,15362,PUNJAB,MUKTSAR,Mahuana,13.0,12.84,74.52989879502792,30.092766609061695
24973,21209,HARYANA,KAITHAL,Ahun,7.5,7.65,76.68511680141567,29.77918992369534
1050,909,HARYANA,SIRSA,Mehna khera,9.0,11.49,74.80795923167736,29.414047745311553
20619,15361,PUNJAB,MUKTSAR,Malwala katorwala,1.0,0.97,74.52465056869765,30.27092259133298
20618,15361,PUNJAB,MUKTSAR,Malwala katorwala,2.0,1.92,74.50938356892206,30.262037968310093
20617,15361,PUNJAB,MUKTSAR,Malwala katorwala,3.0,3.24,74.51075554932372,30.263226437414534
20616,15361,PUNJAB,MUKTSAR,Malwala katorwala,10.0,10.74,74.51001147831221,30.26568752713296
20615,15361,PUNJAB,MUKTSAR,Malwala katorwala,18.0,19.65,74.52456479409884,30.26669874859805
20614,15361,PUNJAB,MUKTSAR,Malwala katorwala,15.2,14.56,74.52922402348962,30.25634070347543
2529,2052,HARYANA,SIRSA,Kutabudh,4.0,4.0,74.81498141809344,29.450421394402255
2528,2052,HARYANA,SIRSA,Kutabudh,6.0,6.05,74.81024543094954,29.45120558614581
15410,10959,HARYANA,KURUKSHETRA,Ban,15.6,15.33,77.09434354994796,29.994341706108692
19040,14274,PUNJAB,PATIALA,Haripur jhungian,15.4,15.16,76.55651059548875,30.30425477607782
17205,11982,HARYANA,SIRSA,Damdama,11.53,11.5,74.68926326246073,29.563006558249143
17203,11982,HARYANA,SIRSA,Damdama,7.058,7.04,74.67414311200679,29.546112899706984
17201,11982,HARYANA,SIRSA,Damdama,16.424,16.41,74.67661109870585,29.579179920335804
17735,13503,PUNJAB,MUKTSAR,Abul khurana,3.9,3.83,74.49853392978798,30.11246375866003
17734,13503,PUNJAB,MUKTSAR,Abul khurana,7.5,7.5,74.55326048272077,30.14743844926739
17733,13503,PUNJAB,MUKTSAR,Abul khurana,2.0,2.43,74.52437554153684,30.143899358089723
17732,13503,PUNJAB,MUKTSAR,Abul khurana,11.0,10.91,74.50568287297102,30.139356154235177
17731,13503,PUNJAB,MUKTSAR,Abul khurana,29.0,28.81,74.51594064681267,30.14792277723431
19760,14718,PUNJAB,MUKTSAR,Madrassa,2.1,2.16,74.36077453006133,30.465346546873732
19759,14718,PUNJAB,MUKTSAR,Madrassa,11.3,11.33,74.36066060348956,30.46099102847752
4130,3290,HARYANA,SIRSA,Dumdma,2.5,2.4,74.6819892911896,29.553015385997448
17906,13614,PUNJAB,MUKTSAR,Tarkhan wala,12.0,8.84,74.38038274971424,30.32148675298135
1424,1206,HARYANA,SIRSA,Moju Khera,4.0,3.86,74.72683559693932,29.451921334160403
2964,2400,HARYANA,SIRSA,Thobaria,11.0,10.17,74.66158051868469,29.513325464948476
7970,5052,HARYANA,SIRSA,Ghukanwali,89.0,88.99,76.2408957963711,29.906379952619904
6264,5052,HARYANA,SIRSA,Ghukanwali,35.0,34.61,74.8736994112096,29.7304510738654
1145,983,HARYANA,SIRSA,Mehna khera,6.5,6.44,74.81121904966484,29.425504428093813
26239,22970,HARYANA,KURUKSHETRA,Klawer,45.0,43.72,76.59568686785035,30.102201336522224
18692,14071,HARYANA,YAMUNANAGAR,Chhaper mansurpur,7.3,7.55,77.15578228837212,30.22175014895273
18691,14071,HARYANA,YAMUNANAGAR,Chhaper mansurpur,3.3,3.35,77.15210710647094,30.223481820107413
1140,979,HARYANA,SIRSA,Mehna khera,9.5,9.16,74.80927501853206,29.423999072281394
16666,11689,PUNJAB,FAZILKA,Chakjanisar,8.0,8.59,74.33288488590682,30.5084471368687
16633,11689,PUNJAB,FAZILKA,Chakjanisar,3.0,2.92,74.34568050372083,30.48970594567844
720,644,HARYANA,SIRSA,Ganga,10.0,9.73,74.65609560592227,29.806020381722288
719,644,HARYANA,SIRSA,Ganga,6.0,5.61,74.65536087006022,29.803514144096177
4273,3393,HARYANA,SIRSA,Dumdma,8.5,8.28,74.68465874608698,29.56392051722762
2769,2249,HARYANA,SIRSA,Khai shergarh,7.0,7.68,74.8517296699278,29.68149774505356
19396,14468,PUNJAB,MUKTSAR,Madrassa,14.18,14.16,74.36065034604417,30.45845719657926
19395,14468,PUNJAB,MUKTSAR,Madrassa,9.27,8.49,74.36394702595068,30.456833307901285
19394,14468,PUNJAB,MUKTSAR,Madrassa,5.5,5.27,74.36301013036626,30.454458354475616
730,650,HARYANA,SIRSA,Damdama,3.0,2.58,74.67292128557538,29.576240501789
727,650,HARYANA,SIRSA,Damdama,1.0,0.99,74.67232037362453,29.574517470631832
14015,10119,HARYANA,YAMUNANAGAR,Chhari,10.9,10.41,77.14347411511321,30.087174446358876
2629,2133,HARYANA,SIRSA,Kesupura,3.0,2.72,74.85601081950027,29.441740504032904
2628,2133,HARYANA,SIRSA,Kesupura,2.4,1.75,74.86066780895247,29.438320544666468
24780,20840,HARYANA,SIRSA,Nagoki,8.0,8.51,75.1011173196331,29.657689580825178
4269,3391,HARYANA,SIRSA,Dumdma,7.0,7.59,74.66597804657813,29.56923025086202
1491,1262,HARYANA,PANIPAT,Sithana,10.0,7.01,76.91353951002637,29.455745515511353
17509,13395,PUNJAB,MUKTSAR,goniana,16.211,16.02,74.49093019059563,30.433298735280783
17508,13395,PUNJAB,MUKTSAR,goniana,14.761,14.42,74.5045269223471,30.439876355770373
17507,13395,PUNJAB,MUKTSAR,goniana,23.868,23.66,74.50542247600686,30.44568338855645
17506,13395,PUNJAB,MUKTSAR,goniana,10.398,9.89,74.50772523501392,30.43021085117331
17505,13395,PUNJAB,MUKTSAR,goniana,2.404,2.42,74.50647324249185,30.43353865335848
17504,13395,PUNJAB,MUKTSAR,goniana,74.329,73.68,74.51083325756514,30.435712035207295
16923,11837,PUNJAB,MUKTSAR,Adhnian,7.0,7.02,74.53074939681393,30.072907252938887
16922,11837,PUNJAB,MUKTSAR,Adhnian,13.0,13.23,74.52993545172713,30.082428711938057
16921,11837,PUNJAB,MUKTSAR,Adhnian,3.0,2.84,74.53425716010896,30.081035336315537
774,684,HARYANA,SIRSA,Ganga,5.0,3.96,74.63437536731095,29.76051714037715
773,684,HARYANA,SIRSA,Ganga,15.0,14.72,74.63371424721673,29.76250470130423
7444,5999,HARYANA,KURUKSHETRA,Rawa,18.0,18.41,76.92410851684745,30.174085934074142
7443,5999,HARYANA,KURUKSHETRA,Rawa,7.0,8.27,76.91502224657789,30.177583376669332
22825,17232,HARYANA,KARNAL,Budanpur,12.5,11.47,76.90390208456402,29.60703178239475
3032,2455,HARYANA,KARNAL,Jundla,13.0,9.43,76.86571421166595,29.640934441388744
17187,11975,HARYANA,HISAR,Panihari,40.0,41.52,76.04880583352075,29.346254244448296
21406,15955,PUNJAB,MUKTSAR,Madrassa,5.5,5.54,74.37231739325502,30.466370939977203
24394,20222,HARYANA,SIRSA,Bhangu,14.0,13.36,74.98887587514182,29.64754473434393
15556,11040,HARYANA,FATEHABAD,Chankothi,12.0,12.21,75.4448236836998,29.6111433715969
1006,870,HARYANA,SIRSA,Maujgarh,9.0,6.81,74.73139931965017,29.855443421144543
7520,6172,HARYANA,KURUKSHETRA,guhan,12.0,11.78,76.99349760248539,30.0590579239254
7503,6172,HARYANA,KURUKSHETRA,guhan,4.0,4.68,76.99652920506662,30.05259458721627
17601,13443,PUNJAB,MUKTSAR,15211,9.2,9.17,74.51543646519711,30.14027143884478
17600,13443,PUNJAB,MUKTSAR,15211,6.7,7.21,74.52352791666706,30.118238707396635
17598,13443,PUNJAB,MUKTSAR,15211,11.0,10.93,74.5260902857552,30.120142172724908
6811,5479,PUNJAB,FAZILKA,Rmasara,24.0,27.04,74.20918894531155,30.05185402207548
897,784,HARYANA,SIRSA,Amritsar khurd,8.0,7.24,74.70042345234383,29.5128172989781
25345,21757,HARYANA,SIRSA,Kotli,15.0,12.86,75.1813310110278,29.532585225864704
16615,11678,PUNJAB,MUKTSAR,Adhnian,5.5,5.82,74.52053180944735,30.07962738422901
16613,11678,PUNJAB,MUKTSAR,Adhnian,5.0,5.12,74.53286853822418,30.07038972814729
16612,11678,PUNJAB,MUKTSAR,Adhnian,3.0,2.98,74.54004983939889,30.07280583780068
17604,13444,PUNJAB,MUKTSAR,Abul khurana,13.0,12.86,74.51717712506922,30.15227595149002
17603,13444,PUNJAB,MUKTSAR,Abul khurana,9.0,8.8,74.51583744932378,30.14288340620028
17602,13444,PUNJAB,MUKTSAR,Abul khurana,61.0,59.77,74.47606979440832,30.144168317177304
1694,1405,HARYANA,SIRSA,Himayun Khera,20.0,16.89,74.77411543956748,29.47801036547423
25669,22193,HARYANA,SIRSA,Nezadela khurd,7.0,6.78,75.03241861218264,29.614341818332296
779,688,HARYANA,SIRSA,Amritsar,12.0,10.48,74.67309098163335,29.480487546524586
17488,13388,PUNJAB,MUKTSAR,Rupana,29.502,29.22,74.51932828301034,30.424390570202807
5697,4549,HARYANA,SIRSA,Damdama,17.0,17.21,74.69703790275415,29.586908734995863
16472,11594,PUNJAB,MUKTSAR,Udekaran,25.722,25.81,74.56384751391931,30.49873611873139
19788,14739,PUNJAB,MUKTSAR,Madrassa,2.0,1.93,74.36495929461637,30.454349467893746
19787,14739,PUNJAB,MUKTSAR,Madrassa,7.8,7.25,74.36372686210927,30.455819509393717
4268,3390,HARYANA,SIRSA,Dumdma,5.0,4.17,74.69899642259541,29.55996098285077
3066,2472,HARYANA,SIRSA,Thobaria,3.0,3.08,74.66549538734475,29.50920697685567
6471,5208,PUNJAB,MUKTSAR,channu,3.0,2.77,74.59713732544824,30.096947187030835
877,768,HARYANA,SIRSA,Maujgarh,10.0,12.6,74.7364408060684,29.847707592361456
1576,1320,HARYANA,SIRSA,Himayun Khera,2.0,1.94,74.76253521506604,29.459203866360458
1575,1320,HARYANA,SIRSA,Himayun Khera,10.0,11.04,74.76227456874079,29.459448408580975
2213,1808,HARYANA,SIRSA,Ghukanwali,5.0,4.36,74.87970857801922,29.721298674517907
14749,10573,PUNJAB,FEROZEPUR,Bale wala,10.1,9.8,74.55363153796178,30.87710822152725
14748,10573,PUNJAB,FEROZEPUR,Bale wala,6.0,5.68,74.5568089671628,30.876912365188897
864,759,HARYANA,SIRSA,Ganga,10.0,11.3,74.64997094944246,29.81120476152833
22891,17294,HARYANA,FATEHABAD,Lali,25.0,23.92,75.52689280281727,29.6910991375873
1146,984,HARYANA,SIRSA,Mehna,15.0,14.59,74.81280284694141,29.429017462212293
14850,10644,PUNJAB,MUKTSAR,Ramgarh,5.89,5.84,74.38423855621603,30.501280506114277
12361,9072,PUNJAB,LUDHIANA,Tiba,4.0,3.34,75.94208513714044,30.815691920788993
17276,12020,PUNJAB,BARNALA,khudi,65.0,60.39,75.49375292317877,30.36314604700579
16871,11815,PUNJAB,MUKTSAR,Lakhawali,9.0,9.41,74.35546120437539,30.442481370130775
20071,14931,PUNJAB,MUKTSAR,Fathui khera,3.8,3.89,74.52023874988524,30.02678107723906
20070,14931,PUNJAB,MUKTSAR,Fathui khera,3.1,3.1,74.52105466845606,30.004092492024306
20069,14931,PUNJAB,MUKTSAR,Fathui khera,5.1,5.13,74.50092850437284,30.001076886643453
8262,6417,HARYANA,AMBALA,Baroli,5.0,4.99,76.72995440576041,30.21301861205947
2397,1946,HARYANA,SIRSA,Kutabudh,35.0,34.98,74.807528548227,29.452369808024585
2396,1946,HARYANA,SIRSA,Kutabudh,25.0,27.7,74.81270119258296,29.469951628010424
8347,6471,HARYANA,SIRSA,Kelnian,12.5,11.56,74.97663992951459,29.543731592505708
8346,6471,HARYANA,SIRSA,Kelnian,24.0,24.08,74.9744937791432,29.551290238073552
7534,6192,HARYANA,SIRSA,Tappi,46.0,45.97,76.22406993612972,29.98505856813905
20074,14934,PUNJAB,MUKTSAR,Fathui Khera,24.338,24.06,74.52895321745589,30.019299053181925
771,683,HARYANA,SIRSA,Ganga,6.0,5.28,74.6283446975388,29.774616531011898
6258,5048,HARYANA,SIRSA,Ghukanwali,15.0,13.88,74.86943389663394,29.72026137196535
18506,11057,PUNJAB,MUKTSAR,Ramgarh,4.3,4.36,74.3865780673499,30.493540209106047
18505,11057,PUNJAB,MUKTSAR,Ramgarh,2.2,2.19,74.38928644492461,30.492154731664343
15591,11057,PUNJAB,MUKTSAR,Ramgarh,2.0,2.03,74.39778321717155,30.473245375416308
2906,2352,HARYANA,SIRSA,Budhi Meri,4.0,3.7,74.73146207407777,29.4581224682729
2905,2352,HARYANA,SIRSA,Budhi Meri,5.0,4.16,74.71886796176577,29.481853253836896
17622,13454,PUNJAB,FAZILKA,Janisar,6.3,5.89,74.35852881944173,30.48801926743596
20081,14939,PUNJAB,MUKTSAR,Fathui khera,3.4,3.36,74.50307120598467,30.013590561636196
20080,14939,PUNJAB,MUKTSAR,Fathui khera,6.0,6.07,74.51181771491943,30.02611628390053
20079,14939,PUNJAB,MUKTSAR,Fathui khera,6.0,6.04,74.51494790073528,30.0177530442779
20078,14939,PUNJAB,MUKTSAR,Fathui khera,13.5,13.41,74.51082765555812,30.017618473610945
56,56,PUNJAB,AMRITSAR,Kotli amb,2.5,2.88,74.7801832312438,31.85843802372677
15634,11081,PUNJAB,MUKTSAR,Ramgarh,2.3,2.3,74.39314519106074,30.47402270130875
15631,11081,PUNJAB,MUKTSAR,Ramgarh,7.0,6.81,74.3912538618002,30.48081392353788
15630,11081,PUNJAB,MUKTSAR,Ramgarh,1.6,1.72,74.39251227205177,30.480938365544063
17590,13439,PUNJAB,MUKTSAR,Abul khurana,18.2,18.14,74.50861459171854,30.118349709978016
17589,13439,PUNJAB,MUKTSAR,Abul khurana,4.0,3.89,74.50419841953467,30.11707033469084
17588,13439,PUNJAB,MUKTSAR,Abul khurana,9.0,8.88,74.50826838184285,30.116511140273225
17587,13439,PUNJAB,MUKTSAR,Abul khurana,4.2,4.14,74.51045823110898,30.11956604922285
17586,13439,PUNJAB,MUKTSAR,Abul khurana,5.8,5.85,74.5087810755501,30.12169378535847
7536,3892,HARYANA,SIRSA,Ghukanwali,35.0,34.68,76.21806032461505,29.98514693836096
4904,3892,HARYANA,SIRSA,Ghukanwali,43.0,43.5,74.8602422371766,29.69915321985535
15649,11091,PUNJAB,MUKTSAR,Ramgarh,2.5,2.5,74.39419409332508,30.477900030537636
15648,11091,PUNJAB,MUKTSAR,Ramgarh,5.5,5.49,74.39317840414273,30.478368424787956
19830,14761,PUNJAB,MUKTSAR,Abul Khurana,3.0,3.06,74.54925364824524,30.126797854399296
19829,14761,PUNJAB,MUKTSAR,Abul Khurana,4.0,3.56,74.54742753155043,30.12935278168904
19828,14761,PUNJAB,MUKTSAR,Abul Khurana,15.0,15.46,74.57828027669173,30.11947870957246
17133,11946,PUNJAB,MUKTSAR,Danewala,0.7,0.76,74.5227417760542,30.16573675850721
17132,11946,PUNJAB,MUKTSAR,Danewala,19.2,8.02,74.52815177844985,30.179462811522377
17131,11946,PUNJAB,MUKTSAR,Danewala,1.2,1.3,74.52454720472447,30.16552699847629
17130,11946,PUNJAB,MUKTSAR,Danewala,7.1,6.7,74.51980752655318,30.167699526697184
17138,11947,PUNJAB,FAZILKA,Pakkakalawala,4.5,3.52,74.33838288408371,30.53152851156136
17137,11947,PUNJAB,FAZILKA,Pakkakalawala,5.0,4.07,74.33335872894564,30.53118471498733
17134,11947,PUNJAB,FAZILKA,Pakkakalawala,6.0,6.36,74.31662684001303,30.551179107711377
26329,23071,HARYANA,SIRSA,Buppan,40.0,39.52,75.04615575601002,29.665233333335895
26328,23071,HARYANA,SIRSA,Buppan,15.0,13.47,75.0478897795278,29.66055124848432
19832,14762,PUNJAB,MUKTSAR,Adhnian,21.0,20.96,74.55248181172433,30.080304775591983
19831,14762,PUNJAB,MUKTSAR,Adhnian,15.0,14.87,74.5591895669995,30.080176712091784
24492,20361,HARYANA,SIRSA,Kotli,39.0,39.98,75.17419046796873,29.522758071464786
19833,14764,PUNJAB,MUKTSAR,Adhnian,12.5,10.47,74.54855548812334,30.077511678769277
3290,2637,HARYANA,KAITHAL,Pinjupura,36.0,25.32,76.21687657216093,29.65557373482284
493,446,PUNJAB,TARN_TARAN,Jawanda kalan,14.0,14.13,74.91607814566046,31.364118658671607
9099,6982,HARYANA,KURUKSHETRA,Chaduni jattan,16.0,15.9,76.86369338540418,30.095035171603676
18529,13964,HARYANA,KAITHAL,Sakra,4.0,4.01,76.68521419205378,29.81630208173548
311,292,PUNJAB,TARN_TARAN,Jhamka,8.0,8.05,74.79096820019038,31.414251033673512
21314,15878,HARYANA,KURUKSHETRA,Barounda,3.0,1.85,77.05537867850958,29.962163925730515
12488,9153,PUNJAB,LUDHIANA,Jangpur,17.0,16.99,75.6950158975345,30.836303722966015
21847,16333,HARYANA,FATEHABAD,Mohammadpur rohi,13.0,11.89,75.5834361670661,29.454901394412772
20098,14951,PUNJAB,MUKTSAR,Khunan kalan,17.0,16.72,74.38857928306747,30.36289116172784
20097,14951,PUNJAB,MUKTSAR,Khunan kalan,17.0,16.94,74.38705203233354,30.360195204178986
20096,14951,PUNJAB,MUKTSAR,Khunan kalan,24.0,23.31,74.37240171022839,30.370815769283485
20095,14951,PUNJAB,MUKTSAR,Khunan kalan,27.0,26.41,74.37112838701198,30.368566829287637
7591,567,PUNJAB,TARN_TARAN,Sheikh chak,9.0,8.63,74.9256425820795,31.19923429697125
643,567,PUNJAB,TARN_TARAN,Sheikh chak,7.0,7.38,75.01806737129353,31.41931817139042
15912,11243,HARYANA,YAMUNANAGAR,Bakana,12.0,11.71,77.16274645530314,30.05484230004164
15766,11161,PUNJAB,FEROZEPUR,Sadardeen,5.8,6.09,74.52381842917406,30.870844848744937
16574,11658,HARYANA,YAMUNANAGAR,Golni,17.5,15.01,77.15967006368781,30.15233422681244
17150,11957,PUNJAB,FAZILKA,Jandwala,19.0,16.5,74.31104727014063,30.52816428498225
1469,1247,HARYANA,PANIPAT,Alupur,10.0,9.45,76.7654457022263,29.314158038806124
16527,11628,PUNJAB,MUKTSAR,Ramgarh,3.0,3.04,74.4050187004013,30.487438012418544
17697,13490,HARYANA,KARNAL,Chogawan,3.2,3.25,77.19774725093826,29.938469319378015
17696,13490,HARYANA,KARNAL,Chogawan,2.5,2.58,77.19689442433115,29.93674499793122
17690,13490,HARYANA,KARNAL,Chogawan,3.9,2.91,77.19624417103998,29.936756950537127
18867,14165,HARYANA,YAMUNANAGAR,Gadhola,3.6,3.05,77.19200682268948,30.215054950809304
18866,14165,HARYANA,YAMUNANAGAR,Gadhola,6.0,5.38,77.1971790492207,30.214853851521667
18865,14165,HARYANA,YAMUNANAGAR,Gadhola,26.8,27.08,77.19596888723066,30.225491335408847
14470,10407,HARYANA,YAMUNANAGAR,Hiranchhaper,5.5,5.31,77.08965094686278,30.109850885833996
19484,14521,PUNJAB,MUKTSAR,Madrassa,5.2,4.97,74.3624081204835,30.45992651329122
19486,14522,PUNJAB,MUKTSAR,Madrassa,1.34,1.34,74.36201649971315,30.453708035718225
19485,14522,PUNJAB,MUKTSAR,Madrassa,2.28,2.33,74.36308877744071,30.453209561303726
1253,1068,HARYANA,KAITHAL,Sotha,8.0,7.66,76.3459929552167,29.92290346674679
1252,1068,HARYANA,KAITHAL,Sotha,4.0,3.16,76.34816092810505,29.921575976780517
11669,8578,HARYANA,YAMUNANAGAR,Baindi,4.0,4.16,77.16480182419068,30.09669873720239
11666,8578,HARYANA,YAMUNANAGAR,Baindi,3.0,3.0,77.16671710621748,30.09682126459551
11668,8580,HARYANA,YAMUNANAGAR,Baindi,5.0,4.79,77.16514572394803,30.095298886313444
17672,13476,HARYANA,AMBALA,Abdullagrh,13.4,13.24,76.94345115626987,30.167367432372256
17671,13476,HARYANA,AMBALA,Abdullagrh,20.6,22.02,76.95144275783889,30.165234025952685
15845,11201,PUNJAB,MUKTSAR,Theri,4.838,4.82,74.56335221252245,30.21393571288531
11780,8654,HARYANA,YAMUNANAGAR,Mansurpur,1.0,1.0,77.13371010956143,30.07918832306842
19490,14528,PUNJAB,FAZILKA,Chaksarrian,0.45,0.41,74.23424308324459,30.4723054073696
19489,14528,PUNJAB,FAZILKA,Chaksarrian,1.7,1.53,74.23558471871836,30.472828941515576
17669,13474,PUNJAB,FAZILKA,Tahliwala Jattan i,10.844,10.95,74.20102864774367,30.32869755187653
16764,11770,PUNJAB,MUKTSAR,Ramgarh,7.6,7.62,74.39950539508698,30.476974788171912
24073,19746,HARYANA,YAMUNANAGAR,Bhagumajra,14.0,13.98,77.12672782921763,30.1259354221897
15886,11230,HARYANA,KURUKSHETRA,Kanauni,8.4,8.7,76.96770184878605,30.092026556712472
23862,19209,HARYANA,YAMUNANAGAR,Sabhapur,2.5,2.49,77.2369188966504,30.08424276777949
22670,17059,HARYANA,FATEHABAD,Manawali,2.0,2.01,75.40357056760041,29.4712275414552
22669,17059,HARYANA,FATEHABAD,Manawali,3.0,3.21,75.40181253634518,29.470241761665648
22668,17059,HARYANA,FATEHABAD,Manawali,12.0,11.42,75.4009309400505,29.472717127630524
26235,22966,HARYANA,YAMUNANAGAR,Khandwa,30.0,31.05,77.2521562032845,30.07987097445106
15285,10882,PUNJAB,MUKTSAR,Ramgarh,6.0,4.85,74.30808511485296,30.52254061829032
15276,10882,PUNJAB,MUKTSAR,Ramgarh,14.7,15.14,74.40578134816481,30.478140172402536
14145,10201,HARYANA,YAMUNANAGAR,Topra kalan,1.9,1.76,77.16265336004729,30.122069951296087
12008,8810,PUNJAB,LUDHIANA,Bhatiyan Dhaha,3.5,2.94,75.67346252478178,30.897862375647968
19500,14533,PUNJAB,FAZILKA,Chak sarrian,2.2,2.18,74.23006250676956,30.462387164256818
17221,11991,HARYANA,YAMUNANAGAR,Badanpuri,6.4,6.37,77.18473977731944,30.1260878188716
13813,9612,PUNJAB,LUDHIANA,Pamali,1.5,1.52,75.74194804019697,30.822449807778263
19041,14275,PUNJAB,PATIALA,Haripur jhungian,17.0,16.99,76.5563298597278,30.30259495559367
14152,10207,HARYANA,YAMUNANAGAR,Bhagumajra,4.3,4.0,77.11392650923021,30.110557112621994
14151,10207,HARYANA,YAMUNANAGAR,Bhagumajra,10.0,9.78,77.13009671206025,30.11636118190821
14021,10120,HARYANA,YAMUNANAGAR,Chhari,2.0,2.04,77.14891250664589,30.09423501830627
14020,10120,HARYANA,YAMUNANAGAR,Chhari,8.0,7.98,77.1420956970796,30.0862085767486
14018,10120,HARYANA,YAMUNANAGAR,Chhari,11.4,11.23,77.14482783670456,30.09037869696448
14017,10120,HARYANA,YAMUNANAGAR,Chhari,1.0,1.1,77.149786419191,30.08966390061392
14016,10120,HARYANA,YAMUNANAGAR,Chhari,7.3,7.31,77.14726679022091,30.089808150298445
17596,13442,PUNJAB,MUKTSAR,Abul khurana,8.2,8.18,74.53034319143008,30.12870782616687
17595,13442,PUNJAB,MUKTSAR,Abul khurana,11.0,11.01,74.53594304556032,30.119611370446496
15747,11148,PUNJAB,MUKTSAR,Ramgarh,14.0,13.54,74.39037133774096,30.501558559665607
16526,11627,PUNJAB,MUKTSAR,Ramgarh,1.6,1.6,74.40100148806674,30.48271863347031
16525,11627,PUNJAB,MUKTSAR,Ramgarh,7.6,7.63,74.40141481164545,30.487963119457756
10463,7830,HARYANA,YAMUNANAGAR,Haibat pur,1.0,0.84,77.22546029552504,30.293901040828818
10460,7830,HARYANA,YAMUNANAGAR,Haibat pur,2.4,2.63,77.2424348572233,30.300875829448525
20829,15492,PUNJAB,MUKTSAR,Abul Khurana,2.034,2.05,74.50057999327235,30.12413522330276
20828,15492,PUNJAB,MUKTSAR,Abul Khurana,9.87,9.86,74.50042265206369,30.126301214563817
10465,7828,HARYANA,YAMUNANAGAR,Haibatpur,4.0,4.52,77.22569542040817,30.292671476737983
10458,7828,HARYANA,YAMUNANAGAR,Haibatpur,8.0,8.57,77.2405146727154,30.30138708021683
10818,8070,PUNJAB,LUDHIANA,Ladhian Kalan,10.0,9.58,75.8004738266332,30.954179785245486
6639,5350,HARYANA,KARNAL,Tusang,1.5,1.29,77.11257139534652,29.88500360338817
20833,15493,PUNJAB,MUKTSAR,Tappa khera,8.187,8.18,74.55399582249437,30.101988746120124
20832,15493,PUNJAB,MUKTSAR,Tappa khera,12.412,12.37,74.54742584322561,30.101506639557424
23005,17705,HARYANA,YAMUNANAGAR,Baindi,8.3,8.53,77.17663985356513,30.086279328582975
19162,14340,PUNJAB,FAZILKA,Chakroranwala,3.0,2.66,74.29337644347716,30.494879115096907
2841,2298,PUNJAB,FAZILKA,Dhani safi Fazilka Road,5.0,3.64,74.14845566874254,30.19149136144784
23378,18266,HARYANA,YAMUNANAGAR,Budhari,19.0,18.53,77.29842646936275,30.22981349576511
23960,19462,HARYANA,YAMUNANAGAR,Bakerwala,12.0,11.83,77.45062898720538,30.3198631923622
23959,19462,HARYANA,YAMUNANAGAR,Bakerwala,13.0,13.05,77.45437265577094,30.31943301565181
22124,16590,HARYANA,YAMUNANAGAR,Khundawala,6.2,7.19,77.2385804824664,30.206686529467586
24024,19576,HARYANA,YAMUNANAGAR,Rullakheri,20.0,19.59,77.23339225735778,30.18018146041315
15274,10881,PUNJAB,MUKTSAR,Ramgarh,3.5,3.33,74.39506946439275,30.50250332122674
2920,2361,HARYANA,HISAR,Sandol,7.0,8.38,75.73371132118653,29.354741702252245
24069,19742,HARYANA,YAMUNANAGAR,Harnouli,3.0,3.02,77.28692560123493,30.230397574044023
16634,11690,PUNJAB,FAZILKA,Gobindgarh,8.0,6.34,74.2437929182491,30.185045003545135
22727,17127,HARYANA,KAITHAL,Kaul,6.0,5.82,76.63437033187637,29.840204262833577
22726,17127,HARYANA,KAITHAL,Kaul,8.0,7.92,76.63403013572983,29.839146456414312
19120,14316,PUNJAB,PATIALA,Harpala,20.4,19.53,76.68295588198144,30.34705414054271
16070,11339,HARYANA,YAMUNANAGAR,Harnaul,6.7,6.56,77.19965692439379,30.12841394463992
6181,4983,PUNJAB,LUDHIANA,Gobindgarh,15.0,14.79,75.59230134714352,30.5919390287693
19767,14725,PUNJAB,MUKTSAR,Madrassa,1.8,1.26,74.36547886907027,30.45494355106491
5214,4144,HARYANA,JIND,Roopgarh,10.0,9.57,76.32080849130436,29.383004941942968
15512,11012,HARYANA,KAITHAL,Ahun,5.5,5.43,76.68473604518259,29.79244071019131
16394,11550,PUNJAB,MUKTSAR,Chakmadrassa,2.0,1.84,74.37195388826831,30.47521041826181
20686,15408,HARYANA,YAMUNANAGAR,Rattangarh,3.0,2.76,77.19669198898049,30.08701479232895
15986,11284,PUNJAB,FAZILKA,Janisar,1.0,0.91,74.37283960108746,30.496409529023396
19533,14558,HARYANA,KURUKSHETRA,Khera,54.4,56.1,76.97056223263522,30.023443939722725
21890,16357,HARYANA,KURUKSHETRA,Allipura,12.0,12.06,77.10974668621647,30.025338115567752
2124,1732,HARYANA,SIRSA,Rattakhera,9.0,7.57,74.77758666547354,29.469367606596865
16399,11552,PUNJAB,MUKTSAR,Tarkhan wala,4.0,3.82,74.39069497788705,30.32557645285527
16398,11552,PUNJAB,MUKTSAR,Tarkhan wala,3.0,3.1,74.39519739475693,30.325648009347535
16397,11552,PUNJAB,MUKTSAR,Tarkhan wala,5.0,5.37,74.39660269874683,30.32728152599568
3172,2543,HARYANA,SIRSA,Mirzapur,19.0,15.64,74.69195027202608,29.515307109167175
3171,2543,HARYANA,SIRSA,Mirzapur,1.0,1.02,74.69259727590313,29.51443185578046
3170,2543,HARYANA,SIRSA,Mirzapur,5.0,5.78,74.6918666880214,29.516805152336712
26297,23053,PUNJAB,FEROZEPUR,Basti ajij wali,4.9,4.97,74.73936770177689,30.9173376894288
20454,15226,HARYANA,KURUKSHETRA,Bodhni,17.0,17.03,76.56120620924484,30.040247487347823
23242,18078,HARYANA,KURUKSHETRA,Jhivrehri,38.0,38.7,76.5531307987564,29.994062434939693
17821,13554,PUNJAB,MUKTSAR,Danewala,11.5,11.52,74.2731292674237,30.013878239237695
17820,13554,PUNJAB,MUKTSAR,Danewala,11.6,11.63,74.49164938010126,30.165617723773337
10055,7612,HARYANA,KURUKSHETRA,Magoli,7.0,6.83,77.03506563249788,30.14089355384479
19152,14335,PUNJAB,PATIALA,Batti,16.0,16.13,76.53347880994747,30.291028155229064
19151,14335,PUNJAB,PATIALA,Batti,15.0,14.65,76.53216030199843,30.29409014677036
1368,1154,PUNJAB,GURDASPUR,Mustafabadh,6.0,4.77,75.39685571266503,31.997637134748775
16077,11345,PUNJAB,MUKTSAR,Abul khurana,5.4,5.43,74.51082273352449,30.122319951865137
26242,22972,HARYANA,JIND,Dhatrath,13.0,13.47,76.44166246865151,29.397810440956697
19812,14752,PUNJAB,MUKTSAR,Bhittiwala,3.0,3.09,74.48436624974462,29.983776440256545
19811,14752,PUNJAB,MUKTSAR,Bhittiwala,7.0,7.18,74.48538496373536,29.98559955375051
19810,14752,PUNJAB,MUKTSAR,Bhittiwala,13.2,13.3,74.48728156225368,29.981327635279996
15279,10885,PUNJAB,MUKTSAR,Ramgarh,3.0,2.84,74.40368533717964,30.47575515601044
19881,14808,PUNJAB,MUKTSAR,Abul Khurana,28.121,27.65,74.57129858317855,30.119347073604445
19880,14808,PUNJAB,MUKTSAR,Abul Khurana,7.778,7.72,74.57188923416903,30.122066910045607
19879,14808,PUNJAB,MUKTSAR,Abul Khurana,33.061,32.53,74.55805877767968,30.121910107501694
16884,11816,PUNJAB,MUKTSAR,Lakhawali,2.0,2.15,74.34719097920407,30.451831009516603
16883,11816,PUNJAB,MUKTSAR,Lakhawali,6.0,5.81,74.34777886977412,30.450933582181673
16873,11816,PUNJAB,MUKTSAR,Lakhawali,5.0,4.5,74.34396377155298,30.44237947850944
20613,14763,PUNJAB,MUKTSAR,Adhnian,13.0,12.72,74.5333255421892,30.248828148958022
20612,14763,PUNJAB,MUKTSAR,Adhnian,42.0,48.29,74.5279326993566,30.25278356523325
19836,14763,PUNJAB,MUKTSAR,Adhnian,4.3,4.14,74.56840723903056,30.089631955893537
19835,14763,PUNJAB,MUKTSAR,Adhnian,4.8,4.94,74.53881397576046,30.087078556007448
19834,14763,PUNJAB,MUKTSAR,Adhnian,10.1,9.62,74.53087728585639,30.07755049486794
2117,1727,HARYANA,SIRSA,Rattakhera,3.0,3.41,74.77806069012355,29.46764002748888
2091,1710,HARYANA,FATEHABAD,Haroli,4.0,4.49,75.46131957943393,29.661556653870587
159,148,PUNJAB,AMRITSAR,Kot sidhu,4.0,3.3,74.67100568639803,31.78816101886616
16092,11356,HARYANA,KURUKSHETRA,Gudha,12.4,12.41,77.06411088653385,30.07051591890148
15382,10944,HARYANA,FATEHABAD,Dani manjra,12.0,10.1,75.52726722930831,29.510434634661635
24682,20695,HARYANA,KARNAL,Bhushli,20.0,16.83,76.9486677594409,29.608032999736732
16097,11358,HARYANA,KURUKSHETRA,Gudha,7.0,6.92,77.05491191131188,30.07717011778535
16094,11358,HARYANA,KURUKSHETRA,Gudha,5.0,4.76,77.05792332486621,30.07761592092932
23175,17921,HARYANA,KURUKSHETRA,Hamidpur,10.0,10.07,76.96417614775028,30.07693751065292
13195,9592,PUNJAB,LUDHIANA,Pamali,1.0,0.92,75.73652206382678,30.821269401879142
12027,8823,HARYANA,PANIPAT,Qavi,8.0,7.33,76.78780337130138,29.456556582876924
23656,10552,HARYANA,KURUKSHETRA,Garhi Roran,60.0,60.18,76.69382743668797,30.025615837875957
16189,11425,HARYANA,KAITHAL,Sagroli,8.0,8.16,76.65487945174195,29.801567525957456
2227,1819,PUNJAB,GURDASPUR,Kuln vali,3.0,2.31,75.15497764557286,31.800170204114895
18136,13746,PUNJAB,MUKTSAR,Akalgarh,5.2,5.39,74.38687432977352,30.516619694253446
6323,5093,PUNJAB,BARNALA,sanghera,13.0,13.03,75.59525140642333,30.399000798565293
3599,2873,HARYANA,KAITHAL,Kakkrala kuchiya,8.0,7.19,76.38898584888507,29.94760376531239
7786,1361,HARYANA,FATEHABAD,Haroli,64.0,64.05,75.48327590796072,29.665719213039427
1631,1361,HARYANA,FATEHABAD,Haroli,8.0,6.91,75.49049375102015,29.661350418711763
2011,1651,PUNJAB,BATHINDA,Gobindpura,20.0,17.14,75.03874374951133,30.290166567643865
23309,18193,HARYANA,FATEHABAD,Sardarewala,18.0,17.98,75.48852639179036,29.773985404254844
12042,8833,HARYANA,KARNAL,Brass,30.0,29.72,76.76430984723797,29.740132363832792
25523,21948,HARYANA,KURUKSHETRA,Bhartauli,5.0,4.54,77.04601163744196,30.106313846570583
3535,2821,HARYANA,SIRSA,Anand ghar,29.0,23.0,74.95624688578827,29.727855622289113
7849,3907,HARYANA,SIRSA,Banwala,25.0,25.64,74.85478108629215,29.738068875661774
16048,11324,PUNJAB,MUKTSAR,Abul khurana,50.0,50.15,74.56357929927174,30.13180451698107
16491,11606,PUNJAB,MUKTSAR,Ramgarh,5.5,5.28,74.4051872880025,30.476779747938185
17120,11941,PUNJAB,FAZILKA,Tahliwala Jattan,5.393,5.63,74.21812297990003,30.324634187113592
16112,11372,PUNJAB,MUKTSAR,Arniwala wazira,3.75,3.71,74.46801591555666,30.07265856830148
18135,13745,PUNJAB,MUKTSAR,Akalgarh,3.4,3.58,74.39487832296622,30.50887876867617
16118,11377,PUNJAB,MUKTSAR,Arniwala wazira,7.5,7.68,74.47171089114418,30.06951811452648
8005,6258,HARYANA,SIRSA,Jalalana,31.0,30.17,76.23469665043815,29.905492523753548
14308,10308,HARYANA,KURUKSHETRA,Machrolli,23.5,22.64,76.90040930144903,30.09669388973295
14307,10308,HARYANA,KURUKSHETRA,Machrolli,17.6,16.0,76.912915264916,30.089722238730932
20527,15285,PUNJAB,MUKTSAR,Abul Khurana,6.909,6.9,74.53248477677552,30.136574794295026
20526,15285,PUNJAB,MUKTSAR,Abul Khurana,14.105,12.97,74.5000665294789,30.137583384521104
20525,15285,PUNJAB,MUKTSAR,Abul Khurana,9.247,9.19,74.49829447994537,30.125366706184273
20524,15285,PUNJAB,MUKTSAR,Abul Khurana,31.564,30.94,74.49599328886411,30.130774178477232
18064,13705,PUNJAB,MUKTSAR,Adhnian,9.0,7.75,74.55570280626755,30.05966871559719
18063,13705,PUNJAB,MUKTSAR,Adhnian,22.0,22.92,74.52623890716045,30.075052822781164
18062,13705,PUNJAB,MUKTSAR,Adhnian,16.0,16.1,74.52889658518033,30.078273595664133
18061,13705,PUNJAB,MUKTSAR,Adhnian,24.0,24.21,74.53447493260374,30.075542239360097
2264,1845,HARYANA,KURUKSHETRA,Mirjapur,10.0,12.57,76.79295818170036,29.94819902221181
22460,16864,HARYANA,KURUKSHETRA,Budha,17.0,17.51,77.07911249902548,29.97747628520064
2395,1945,HARYANA,FATEHABAD,Haroli,18.0,17.96,75.45090464343593,29.66468279273491
1093,934,PUNJAB,GURDASPUR,Marhe,8.0,5.49,75.41685365413862,31.934329772405373
16403,11555,PUNJAB,MUKTSAR,Tarkhan wala,6.0,7.45,74.39104724197227,30.329550879685957
16790,11784,HARYANA,KURUKSHETRA,Bakali,5.3,5.4,77.06266621006954,30.011886572252536
16788,11784,HARYANA,KURUKSHETRA,Bakali,6.4,6.35,77.0606854148534,30.031188999095956
16274,11478,HARYANA,KAITHAL,Pharal,15.0,14.53,76.58619206702465,29.86104983176338
19392,14462,HARYANA,KURUKSHETRA,Kesithal,21.0,20.46,76.94814163430203,30.047899732980923
23238,18075,HARYANA,KURUKSHETRA,Bir mathana,17.7,17.22,76.9309209146834,29.99260832905422
16406,11557,PUNJAB,MUKTSAR,Chakmadrassa,2.0,1.97,74.38611906528746,30.47138987283933
23373,18261,HARYANA,YAMUNANAGAR,Vill. Deraa,3.0,2.21,77.19799293205863,30.239998905169177
23372,18261,HARYANA,YAMUNANAGAR,Vill. Deraa,2.1,1.86,77.20164458349356,30.23330725221139
19888,14826,HARYANA,KURUKSHETRA,Sanheri khalsa,40.0,40.54,76.81617072152851,29.923641677813315
17257,12011,PUNJAB,MUKTSAR,Nanakpura,15.723,15.73,74.42981977200873,30.378859532966523
21081,15672,PUNJAB,MUKTSAR,Chak madrassa,4.9,5.15,74.35791749507189,30.47696445902332
21080,15672,PUNJAB,MUKTSAR,Chak madrassa,1.9,2.05,74.35742888599634,30.476310753088743
13092,4153,HARYANA,YAMUNANAGAR,Dolatpur,6.7,5.97,77.1075532677915,30.08812343948081
3368,2700,HARYANA,SIRSA,Odhan,25.0,26.27,74.87700882670184,29.74514231921168
26133,22820,HARYANA,KURUKSHETRA,Antehri,9.5,9.37,76.96116144958962,29.992068112107585
22599,16983,PUNJAB,FAZILKA,Hogkash,17.0,17.21,74.20070016099868,30.46069232392045
22598,16983,PUNJAB,FAZILKA,Hogkash,9.1,8.95,74.1968524848083,30.460982157200952
23008,3925,HARYANA,YAMUNANAGAR,Daulatpur,19.0,17.72,77.10708477347744,30.099254918500137
23007,3925,HARYANA,YAMUNANAGAR,Daulatpur,15.9,14.23,77.10702082124597,30.10180534270475
16276,11480,HARYANA,KURUKSHETRA,Barna,19.0,19.04,76.74453716357576,29.90020174867822
16402,11526,PUNJAB,MUKTSAR,Tarkhan wala,7.0,7.23,74.39574571823344,30.32406989176597
18052,13697,PUNJAB,MUKTSAR,Adhnian,3.5,3.8,74.53290774476572,30.054723845005142
18051,13697,PUNJAB,MUKTSAR,Adhnian,5.5,4.85,74.52676450571717,30.048184114307137
18050,13697,PUNJAB,MUKTSAR,Adhnian,8.0,8.2,74.53399071184978,30.05155372093587
18049,13697,PUNJAB,MUKTSAR,Adhnian,5.6,5.91,74.54523400226839,30.068193331640604
18048,13697,PUNJAB,MUKTSAR,Adhnian,6.0,6.69,74.53462356456522,30.070287473041336
18131,13742,PUNJAB,MUKTSAR,Akalgarh,6.8,6.94,74.39491219400753,30.51078643299653
16400,11553,PUNJAB,MUKTSAR,Chakmadrassa,8.0,8.13,74.37129891147225,30.475119590591316
16405,11556,PUNJAB,MUKTSAR,Virk khera,6.0,6.11,74.442966721452,30.241595688059796
16404,11556,PUNJAB,MUKTSAR,Virk khera,5.0,5.93,74.440403300135,30.242783667020657
21538,16065,HARYANA,FATEHABAD,Hukmawali,23.6,23.74,75.46228605340144,29.70721757132694
16541,11637,HARYANA,KURUKSHETRA,Bakali,5.6,5.65,77.06087552047796,30.017854067299943
22593,16981,PUNJAB,FAZILKA,Hoghkas,6.7,6.61,74.18973888072995,30.45560303626901
827,736,HARYANA,SIRSA,Amritsar kalan,33.0,29.59,74.70497367380939,29.506666685061923
3601,2875,HARYANA,KARNAL,Gonder,5.0,3.56,76.73905745533584,29.65331465312223
18206,13790,PUNJAB,MUKTSAR,Abul khurana,3.8,3.89,74.55139804723929,30.1485468365648
18205,13790,PUNJAB,MUKTSAR,Abul khurana,4.4,4.46,74.57197406424841,30.134888145856785
18204,13790,PUNJAB,MUKTSAR,Abul khurana,16.7,16.7,74.5711247286222,30.131823924702005
954,827,HARYANA,KAITHAL,Sotha,12.0,9.13,76.32857745241549,29.923683090036658
1268,1077,HARYANA,KAITHAL,Ramdaspura,6.0,6.29,76.29640284378823,29.943490010143677
1267,1077,HARYANA,KAITHAL,Ramdaspura,10.0,10.29,76.31362162441393,29.947673067834547
1367,1153,PUNJAB,GURDASPUR,Mustafabadh,6.0,5.53,75.39813135118365,31.996188012527597
24151,19831,PUNJAB,FEROZEPUR,Bandala,16.3,16.32,74.76907000750417,31.10382334694114
1549,1300,HARYANA,FATEHABAD,Haroli,3.0,3.09,75.46954329941835,29.6590707978099
2143,1748,PUNJAB,BATHINDA,Harraipura,8.5,6.32,74.99224630727798,30.327913452267193
721,645,HARYANA,SIRSA,Ganga,12.0,10.35,74.65490913093429,29.80863780558756
2343,1907,HARYANA,KAITHAL,Khedilamba,6.0,5.45,76.21337315600299,29.701837220829905
25147,21439,HARYANA,KURUKSHETRA,Sanghour,15.0,14.7,77.04115237853784,30.11056634103458
2670,2164,HARYANA,FATEHABAD,Hukmawali,12.5,12.57,75.44866599731844,29.679204990725793
2516,2042,HARYANA,FATEHABAD,Haroli,4.0,4.0,75.47143278222208,29.651804522369755
2515,2042,HARYANA,FATEHABAD,Haroli,18.0,21.37,75.47151851773197,29.65086194016398
19537,14561,HARYANA,KURUKSHETRA,Khera,40.0,38.29,76.97168442375673,30.02803187888944
19385,14459,HARYANA,KURUKSHETRA,Bodni,16.0,18.84,76.56785464851254,30.05860960956155
2715,2204,HARYANA,JIND,Barsana,3.0,2.88,76.39099331318461,29.364788892261373
1272,1080,HARYANA,PANIPAT,Braman majra,12.0,9.18,76.8666611540157,29.324990335055315
1271,1080,HARYANA,PANIPAT,Braman majra,8.0,8.24,76.86894219323818,29.316211502433156
14010,10114,HARYANA,KARNAL,Gonder,40.0,38.34,76.76489239258194,29.63498570094107
23054,17771,PUNJAB,MUKTSAR,Ramgarh,1.8,1.88,74.39978932290998,30.48247254469181
23053,17771,PUNJAB,MUKTSAR,Ramgarh,2.2,2.19,74.39837111585409,30.482963760841123
949,823,HARYANA,KAITHAL,Harnola,4.0,4.3,76.32330870678331,29.92788733647528
16908,11829,HARYANA,KURUKSHETRA,Bakali,3.5,3.38,77.04940913521963,30.020498341406658
16901,11829,HARYANA,KURUKSHETRA,Bakali,5.8,5.75,77.05117671277492,30.022392183577825
18379,13876,HARYANA,YAMUNANAGAR,Sagri,2.5,2.48,77.13904427990857,30.121588971059435
18378,13876,HARYANA,YAMUNANAGAR,Sagri,14.0,11.91,77.14760316737663,30.11602528944987
18377,13876,HARYANA,YAMUNANAGAR,Sagri,5.5,5.21,77.1494580089796,30.11685638072988
867,760,HARYANA,SIRSA,Sukhera khera,9.0,10.12,74.63703726819739,29.839124399528867
16799,11790,HARYANA,KURUKSHETRA,Bakali,9.4,9.29,77.06215162696628,30.03074589769965
20345,15139,HARYANA,KURUKSHETRA,Bargat sahapur,15.0,14.62,76.97883762842643,30.034320794289208
20252,15066,HARYANA,KURUKSHETRA,Sarsa,19.0,19.23,76.65907352530589,29.911212313404683
20157,15009,HARYANA,KURUKSHETRA,Berthala,7.0,7.57,76.9669946234337,30.13697249095812
26011,22603,PUNJAB,BARNALA,Moom,15.1,14.99,75.48503297078136,30.54833330479054
26010,22603,PUNJAB,BARNALA,Moom,8.3,8.29,75.48374546887399,30.560142356511985
15352,10922,HARYANA,KURUKSHETRA,Gangori,10.0,9.35,77.06280047989091,30.100715837101063
15344,10922,HARYANA,KURUKSHETRA,Gangori,4.2,3.77,77.0692078166774,30.09485242229871
2389,1940,HARYANA,SIRSA,Kutabudh,17.0,13.19,74.81897879398272,29.473364016934212
2388,1940,HARYANA,SIRSA,Kutabudh,3.0,3.07,74.82149275959586,29.470204926335978
19235,14381,HARYANA,KURUKSHETRA,Chhapra,6.0,6.07,77.06042828892735,30.08621428066869
19234,14381,HARYANA,KURUKSHETRA,Chhapra,7.3,7.27,77.0591431209468,30.08755551506824
23824,19230,HARYANA,KARNAL,Bijna,44.0,44.31,76.93208992555694,29.58923572384452
15351,10921,HARYANA,KURUKSHETRA,Gangori,2.5,2.47,77.06815361370244,30.101782770836095
15347,10921,HARYANA,KURUKSHETRA,Gangori,5.2,5.12,77.08291492860971,30.10143380309537
15345,10921,HARYANA,KURUKSHETRA,Gangori,5.8,5.68,77.07062479702978,30.102973646772412
15343,10921,HARYANA,KURUKSHETRA,Gangori,14.5,14.32,77.06902002437936,30.093235466519147
1703,1411,HARYANA,KAITHAL,Khedilamba,9.0,9.31,76.23542399299579,29.699845150220956
26171,22852,HARYANA,KAITHAL,Kheri raiwali,42.0,41.99,76.56882400073076,29.879070296775375
26236,22967,HARYANA,YAMUNANAGAR,Khajuri,6.0,5.56,77.24930950183366,30.06677983094269
23468,18523,HARYANA,KARNAL,Jani,12.0,11.75,76.91008802281532,29.620210906566506
1430,1209,HARYANA,SIRSA,Moju Khera,4.0,2.73,74.72908012011827,29.448204415668584
1429,1209,HARYANA,SIRSA,Moju Khera,6.0,5.64,74.73226777718006,29.469321467596913
2512,2039,HARYANA,FATEHABAD,Haroli,7.0,5.67,75.4738413847222,29.65279772066873
2511,2039,HARYANA,FATEHABAD,Haroli,5.0,6.13,75.47502863931898,29.65217376459535
1330,1122,HARYANA,KARNAL,Bassi akbarpur,5.0,8.03,77.055604515038,29.551858780304105
2881,2335,HARYANA,FATEHABAD,Chatnpura dhani,10.0,9.49,75.47476897573277,29.53830082240811
14741,10567,HARYANA,AMBALA,Negla nanku,5.0,5.09,76.94197651799726,30.390517428410934
20611,13663,PUNJAB,FAZILKA,Chakroranwala,5.1,5.87,74.31959018120806,30.5194238361773
17999,13663,PUNJAB,FAZILKA,Chakroranwala,11.0,10.81,74.2953368922036,30.490967177682805
18026,13682,HARYANA,KAITHAL,Rasina,2.75,2.82,76.67867646796694,29.76125437420161
14101,10173,PUNJAB,MUKTSAR,sukhan abluo,7.698,7.86,74.65486284498256,30.33780249136434
14100,10173,PUNJAB,MUKTSAR,sukhan abluo,23.22,22.81,74.65081460723262,30.33936578109482
22966,17396,HARYANA,KURUKSHETRA,Hamidpur,16.0,16.93,76.97495880749834,30.06420420240572
12156,8917,HARYANA,AMBALA,Zaffarpur,6.0,5.82,77.14604708073796,30.33177653232172
374,345,HARYANA,KARNAL,Shambali,5.0,3.76,76.80405577250896,29.757273077451075
3201,2565,HARYANA,KARNAL,Gonder,4.5,4.56,76.73512146303915,29.63336901346638
23315,18201,HARYANA,KAITHAL,Dherdu,11.0,9.84,76.64342627319836,29.830444157191703
23314,18201,HARYANA,KAITHAL,Dherdu,15.0,14.33,76.63643413292742,29.82794284753473
184,176,PUNJAB,AMRITSAR,Mehlawala,7.0,6.93,74.80684511602007,31.77446882720688
23595,18751,HARYANA,KAITHAL,Pabnawa,13.0,13.06,76.66763673004677,29.88132732623387
2823,2285,HARYANA,SIRSA,Mameran khurd,6.0,7.1,74.71628898625072,29.452414338776055
1955,1612,HARYANA,SIRSA,Shekhu Khera,4.0,4.0,74.75886914025904,29.48721260762676
18322,13850,PUNJAB,FAZILKA,Janisar,23.0,22.62,74.36428834561357,30.49747314211669
18321,13850,PUNJAB,FAZILKA,Janisar,9.5,9.8,74.36431745905453,30.501697982129773
6322,5092,HARYANA,SIRSA,Paniwala mota,57.0,54.1,74.90082517967888,29.70665333962898
22019,16504,HARYANA,KURUKSHETRA,Bagthala,35.0,34.82,76.71754450884724,30.027160196447465
2547,2067,HARYANA,KAITHAL,Siwan,45.0,52.12,76.33256355224526,29.87159698979791
8435,6536,HARYANA,KARNAL,Sekhupura,17.0,16.85,76.75207301518878,29.615914170740613
18753,14106,HARYANA,AMBALA,Milk dankota,7.0,6.99,77.15510606189454,30.24092045246917
6389,5144,PUNJAB,MUKTSAR,channu,4.0,3.86,74.59983440909221,30.110421289617545
5838,4667,HARYANA,YAMUNANAGAR,Nagal,4.0,3.61,77.12962893425346,30.068647258346505
2878,2332,HARYANA,JIND,Barsana,2.0,1.42,76.40950584300145,29.368481389818484
19904,14837,HARYANA,KAITHAL,Ahun,5.0,4.94,76.66785561512873,29.77975819592987
12007,8809,PUNJAB,LUDHIANA,Balwinder Singh,3.0,2.16,75.67217595856125,30.897683250282792
17222,11992,HARYANA,YAMUNANAGAR,Badanpuri,8.5,8.29,77.18562558092846,30.12530338030101
14027,10125,HARYANA,FATEHABAD,Ratakhera,3.5,3.05,75.5187297857152,29.678967036110976
15327,10911,PUNJAB,MUKTSAR,Akalgarh,5.0,5.02,74.38097269900884,30.50530909849557
1003,868,HARYANA,SIRSA,Maujgarh,10.0,11.05,74.71654519216763,29.852842907818737
26142,1560,HARYANA,KARNAL,Gondar,39.5,36.15,76.76550499397139,29.71380970432344
562,505,PUNJAB,AMRITSAR,Bamma,11.0,9.5,75.04558682272187,31.607942857151013
83,82,PUNJAB,AMRITSAR,Harar near bhuregill,10.0,9.08,74.83002643144172,31.87837725221784
3091,2489,HARYANA,PANIPAT,Sewah,5.5,6.35,76.97471952548251,29.32079240408822
3090,2489,HARYANA,PANIPAT,Sewah,9.0,8.13,76.97363324128335,29.322505180179075
2276,1854,HARYANA,FATEHABAD,Haroli,5.0,5.72,75.47420734445203,29.64908315047339
2275,1854,HARYANA,FATEHABAD,Haroli,4.0,3.99,75.47012487554397,29.65066889697474
5366,4292,HARYANA,KAITHAL,Badsikri,18.0,15.31,76.33828537046357,29.631175915393165
2059,1689,HARYANA,FATEHABAD,Haroli,2.0,1.87,75.45655051312484,29.6550410908817
2076,1701,HARYANA,KARNAL,Jalala Viran,10.0,10.2,76.8130383697415,29.739798651209732
2105,1719,HARYANA,FATEHABAD,Haroli,3.0,2.87,75.45854737427725,29.676072888791666
2280,1857,HARYANA,KAITHAL,Kurar,6.0,5.62,76.21325910501454,29.733837455446807
2068,1696,HARYANA,JIND,Smalpur,6.0,6.19,76.06509828773868,29.597930580942457
2067,1696,HARYANA,JIND,Smalpur,46.0,42.13,76.0697305054721,29.600610150693687
2122,1730,HARYANA,SIRSA,Rattakhera,5.0,4.81,74.77899768787387,29.468992293177273
2140,1745,PUNJAB,BATHINDA,Harraipur,5.0,5.21,74.99678219145781,30.330637119773066
2086,1706,HARYANA,PANIPAT,Naultha,2.0,1.92,76.88861490613286,29.315041344813984
3465,2776,HARYANA,FATEHABAD,Salamkhera,3.0,3.26,75.50547646067417,29.43015790303352
19036,14271,PUNJAB,PATIALA,Rurki,13.0,13.41,76.57384053536305,30.329560892149924
9072,6962,PUNJAB,MANSA,Boha,18.977,19.04,75.53620334044298,29.814211809861256
26195,22926,PUNJAB,BARNALA,Kalal majra,15.5,15.36,75.54155884737509,30.567220123014764
197,188,PUNJAB,AMRITSAR,Dashmesh nagar,8.0,8.46,75.08621720186753,31.629271609597907
22851,17244,PUNJAB,FAZILKA,Rattakhera,1.0,1.1,74.32603062684534,30.49127164673238
22849,17244,PUNJAB,FAZILKA,Rattakhera,1.0,1.2,74.3238494114658,30.48900345856253
14819,10629,HARYANA,AMBALA,Nagla nanku,4.3,3.93,76.94326849699148,30.394660057943053
1774,1471,HARYANA,KURUKSHETRA,Dabkheri,6.0,6.91,76.7734596662405,29.98637698444092
15324,10908,PUNJAB,MUKTSAR,Akalgarh,2.0,1.8,74.38056555841082,30.503505513700283
26157,22841,PUNJAB,BARNALA,Gagewal,6.3,6.45,75.48594454554919,30.596981322366524
10705,7991,PUNJAB,BARNALA,thullewal,16.0,16.11,75.64094263540387,30.42023857922324
22852,17243,PUNJAB,FAZILKA,Rattakhera,2.0,1.7,74.30979864356354,30.47600239700786
26144,22715,PUNJAB,BATHINDA,Chak Bakhtu,3.0,3.19,75.13991002001472,30.202828026912417
26065,22715,PUNJAB,BATHINDA,Chak Bakhtu,2.0,2.02,75.14177957156322,30.203754195729346
26143,22831,HARYANA,KURUKSHETRA,Jandheri,58.0,57.27,76.60813935604027,30.077700956668757
19054,14286,PUNJAB,PATIALA,Harpal pur,30.0,24.35,76.60403499870223,30.39046452560443
14439,10387,HARYANA,KARNAL,Alawla,65.0,65.21,76.73740260312044,29.586684343450447
2010,1650,PUNJAB,BATHINDA,Gobindpura,20.0,22.51,75.03911288781134,30.288570196510673
4550,3599,HARYANA,KURUKSHETRA,Bagthala,9.0,7.24,76.7181320991642,30.001475269521254
17402,13344,PUNJAB,BATHINDA,Jodhpur romana,2.0,2.12,74.91269438922907,30.139886859332687
17401,13344,PUNJAB,BATHINDA,Jodhpur romana,9.4,9.65,74.91903379345462,30.15572879532197
17400,13344,PUNJAB,BATHINDA,Jodhpur romana,6.6,6.4,74.91114073959744,30.14893310661952
2370,1929,HARYANA,KARNAL,Ramba,13.0,12.25,76.97915992865015,29.787343763227977
19165,14343,PUNJAB,MUKTSAR,Ramgarh,6.0,7.03,74.40278146130535,30.47915149275025
24182,19888,HARYANA,KARNAL,Balu,35.0,34.45,76.82451774704357,29.724676447369312
26153,22835,PUNJAB,LUDHIANA,Barsal,22.0,22.53,75.53375341832346,30.873606751973213
14946,10702,PUNJAB,MUKTSAR,Ramgarh,4.3,4.36,74.4064193068884,30.48869096036675
14129,10189,PUNJAB,BATHINDA,Naruana,16.1,16.27,74.88458429582245,30.15919617059546
14128,10189,PUNJAB,BATHINDA,Naruana,4.1,3.99,74.87728052621208,30.17049717604378
1596,1333,PUNJAB,BATHINDA,Nathana,10.0,8.87,75.03155392056004,30.32881693250479
19003,14242,PUNJAB,FAZILKA,Chak jandwala,3.05,3.24,74.31272750689672,30.502562857717415
19002,14242,PUNJAB,FAZILKA,Chak jandwala,2.2,2.32,74.3125890144625,30.50312728944265
18983,14242,PUNJAB,FAZILKA,Chak jandwala,3.5,3.94,74.3158173609216,30.500047327513087
18982,14242,PUNJAB,FAZILKA,Chak jandwala,2.0,1.87,74.3158103664056,30.499208086285044
13841,10009,HARYANA,KARNAL,Guniyana,12.0,11.49,76.71432593660208,29.717793496189348
2406,1953,HARYANA,FATEHABAD,Haroli,6.0,6.82,75.4558589568142,29.64200995852775
19050,14282,PUNJAB,PATIALA,Haripur jugiya,15.2,14.97,76.56011977501612,30.30433087296289
16289,11487,PUNJAB,MUKTSAR,Ramgarh,1.4,1.47,74.40207751562049,30.482462774302295
2626,2131,HARYANA,SIRSA,Kesupura,1.0,1.27,74.85688784992814,29.44035263945876
2625,2131,HARYANA,SIRSA,Kesupura,2.0,2.15,74.85582615621462,29.44264835756466
2624,2131,HARYANA,SIRSA,Kesupura,4.0,3.34,74.85313380552965,29.4559984420759
19166,14344,PUNJAB,MUKTSAR,Ramgarh,6.0,5.54,74.40420540293584,30.480096312910895
26357,23101,HARYANA,SIRSA,Mojukhera,14.0,14.48,75.24101944775138,29.529053527793845
6585,5304,HARYANA,KARNAL,Gonder,25.0,27.71,76.78513006815938,29.66639937366065
7953,6226,HARYANA,KURUKSHETRA,isherheri,10.0,9.25,76.95795917156879,30.12729015894877
19148,14333,PUNJAB,PATIALA,Harpaal,32.0,32.13,76.70330529747493,30.33877598763943
19147,14333,PUNJAB,PATIALA,Harpaal,8.0,8.12,76.68984190220198,30.342194095277417
19130,14321,PUNJAB,PATIALA,Batta,5.0,5.56,76.57276791091991,30.30424769066929
19129,14321,PUNJAB,PATIALA,Batta,10.9,8.25,76.57104061396788,30.301023382560604
2999,2427,HARYANA,FATEHABAD,Ratta khera,10.0,8.89,75.51575065426081,29.674762415155055
23183,17928,HARYANA,KARNAL,Karsa dod,38.0,37.94,76.69590592637755,29.83058451210469
4625,3654,HARYANA,FATEHABAD,Dhani Govind nager,16.0,16.74,75.45234443701231,29.551588198886986
23840,19258,HARYANA,FATEHABAD,Hanspur,7.0,7.1,75.33784829908836,29.671079950223323
23834,19258,HARYANA,FATEHABAD,Hanspur,15.0,14.15,75.3388989911921,29.67002305299173
718,643,HARYANA,SIRSA,Ganga,12.0,10.2,74.65830347264108,29.8029844168136
17238,12001,PUNJAB,MUKTSAR,Tarkhan wala,9.0,9.63,74.39478780184905,30.320566623324098
15340,10918,PUNJAB,MUKTSAR,Akalgarh,4.5,4.3,74.39840853710324,30.50712858797428
19153,14336,PUNJAB,PATIALA,Batti,16.0,15.53,76.53073514629574,30.296112064377
9823,7464,HARYANA,KURUKSHETRA,Khedi dabdhalan,8.0,9.5,77.08641154350553,30.01713175163877
3155,2532,HARYANA,FATEHABAD,Thoba dhani,6.0,6.06,75.46724206025814,29.550897603923005
2727,2214,HARYANA,JIND,Kandela,3.0,2.84,76.32322593485532,29.364438911559063
4652,3680,HARYANA,FATEHABAD,Haroli,12.0,13.97,75.4801138317439,29.654632209871753
22131,16595,HARYANA,FATEHABAD,Mohammadpur rohi,4.5,4.79,75.58357896922857,29.4693743292934
22130,16595,HARYANA,FATEHABAD,Mohammadpur rohi,9.0,7.56,75.58165261757978,29.466310536386786
26126,22813,HARYANA,FATEHABAD,Kamana,41.0,41.24,75.58773244813734,29.706829067494887
3149,2526,HARYANA,SIRSA,Mirzapur,4.0,2.12,74.68846180522573,29.527902861982973
4862,3856,HARYANA,FATEHABAD,Rajabad,32.0,36.08,75.52397192167655,29.568372941116557
3464,2775,HARYANA,PANIPAT,Hartari,16.0,15.74,76.94949908379431,29.31449890298069
19393,14463,HARYANA,KURUKSHETRA,Kasithal,18.0,18.13,76.94916681271314,30.049745391595152
26413,23179,HARYANA,KARNAL,Uchana,23.0,22.69,76.95455069333171,29.759052692345044
24063,19739,HARYANA,FATEHABAD,Nagpur,13.4,13.3,75.40294880171282,29.658011194823523
547,492,PUNJAB,GURDASPUR,Talwandi laal singh,10.0,7.86,75.15142873137309,31.826167498069076
15301,10898,PUNJAB,MUKTSAR,Ramgarh,2.4,2.7,74.3935735671668,30.498636613855872
17870,13589,HARYANA,KURUKSHETRA,Bachki,52.0,51.55,76.6854499341765,30.0298015788332
22629,17024,HARYANA,FATEHABAD,Alika,21.0,19.5,75.43835465194996,29.73696463128093
7344,6071,PUNJAB,MUKTSAR,channu,9.4,9.27,74.5953600807401,30.095763032154853
7149,5754,HARYANA,SIRSA,Anandgarh,41.0,40.52,76.21423620699599,29.99391519114267
4824,3825,HARYANA,FATEHABAD,Dadupur,35.0,27.06,75.47521898892643,29.674515445725778
22145,16612,HARYANA,FATEHABAD,Mohammad pur rohi,20.0,19.86,75.57739962151072,29.466299326952164
26219,22954,HARYANA,FATEHABAD,RATIA,26.0,24.28,75.55868921458371,29.67280428471349
17241,12003,PUNJAB,MUKTSAR,Chibranwali,37.757,37.72,74.40561403738933,30.39753948825461
17240,12003,PUNJAB,MUKTSAR,Chibranwali,41.696,41.22,74.42263910538615,30.40435997485749
26198,22929,PUNJAB,BARNALA,Mehal kalan,12.0,12.18,75.54094641831132,30.54860501710063
6442,5182,HARYANA,FATEHABAD,Tohana,28.0,23.35,75.87276991430109,29.710438272985822
20703,15420,HARYANA,FATEHABAD,Chandpura,17.0,16.71,75.73334390041585,29.76770726838387
19688,14670,HARYANA,FATEHABAD,Alalwas,45.5,43.73,75.46832229758499,29.70454382072851
18211,13792,HARYANA,FATEHABAD,Kullan,20.2,20.35,75.72684619676633,29.65484278779583
24196,19905,HARYANA,KURUKSHETRA,Thikri,35.0,34.21,76.61445053340756,30.03392918253112
20221,15054,HARYANA,KARNAL,Barthal,24.0,23.9,76.88468735492653,29.868587414230873
9976,7565,HARYANA,KARNAL,Machuri,22.0,19.17,76.78216046342594,29.670135345531797
15724,11135,PUNJAB,FEROZEPUR,Bna wali,31.5,35.59,74.79929028609395,31.085504970827554
7330,6058,HARYANA,FATEHABAD,Mankpur,17.0,17.43,75.38120193013562,29.610801140037356
12347,9059,PUNJAB,LUDHIANA,Birmi,6.0,5.58,75.72125470854708,30.918386140425184
25045,21299,HARYANA,SIRSA,Dhottar,7.0,6.88,74.90236188782431,29.57899190613671
15157,10817,HARYANA,KAITHAL,Ahun,12.0,12.13,76.69599602312049,29.782375805516217
13854,10021,HARYANA,FATEHABAD,Dadupur,17.0,17.34,75.47938892656202,29.71711956194046
3075,2477,HARYANA,SIRSA,Thobaria,4.0,3.86,74.66630323195763,29.498965332808805
485,440,PUNJAB,AMRITSAR,Dyalpura,12.0,12.67,74.84479520257226,31.879430567255415
19430,14488,HARYANA,FATEHABAD,Bhuthan kalan,17.4,17.28,75.58572207283902,29.59199598938033
19429,14488,HARYANA,FATEHABAD,Bhuthan kalan,21.0,20.58,75.5866391272639,29.58984055714553
16625,11684,PUNJAB,FAZILKA,Seed farm kaccha,14.0,14.29,74.22999734873991,30.1864039828039
8257,6413,HARYANA,FATEHABAD,Khanoura,15.0,15.11,75.80085253222039,29.69733197855459
9244,7071,HARYANA,FATEHABAD,Haroli,18.0,17.54,75.45208961061115,29.647636328570567
9243,7071,HARYANA,FATEHABAD,Haroli,10.0,10.3,75.45182959631833,29.645419001617142
15194,10845,HARYANA,KURUKSHETRA,Adhon,3.2,3.26,76.82960012704842,30.0297927301649
15192,10845,HARYANA,KURUKSHETRA,Adhon,5.0,5.16,76.83117434888472,30.03022566813491
20387,15165,HARYANA,FATEHABAD,Haroli,8.5,8.22,75.44537676225957,29.66020573523466
26050,22647,PUNJAB,LUDHIANA,Gureh,20.0,19.75,75.56104262675643,30.8426474208794
11536,8501,PUNJAB,LUDHIANA,Malkpur bet,25.0,24.37,75.7371868274437,30.923187409615885
2879,2333,HARYANA,JIND,Lochab,8.0,5.84,76.42129383769077,29.35441360535584
480,435,PUNJAB,AMRITSAR,Gurala,11.0,11.21,74.75980127373886,31.88452232518663
24843,20949,HARYANA,KURUKSHETRA,Ushmanpur,27.0,27.59,76.56629732778674,29.966962066597468
18175,13772,PUNJAB,FEROZEPUR,Jiwanarian,4.5,4.21,74.33265415189373,30.67599887446943
7574,250,PUNJAB,TARN_TARAN,Makhi,4.0,2.85,74.72050744521616,31.28104816233522
265,250,PUNJAB,TARN_TARAN,Makhi,10.0,10.31,74.71888839641358,31.28251090607163
232,220,PUNJAB,AMRITSAR,Kotla kajian,7.5,5.59,74.78441540180545,31.862484535294087
12735,9316,PUNJAB,LUDHIANA,Mohie,4.0,3.83,75.68121620588151,30.814248560852892
12734,9315,PUNJAB,LUDHIANA,Mohie,8.0,7.56,75.67589288155182,30.820374996823272
12739,9320,PUNJAB,LUDHIANA,Khadur,4.5,4.22,75.71902780720649,30.793661247768544
14352,10336,HARYANA,KURUKSHETRA,Machroli,27.7,28.08,76.9110711116812,30.08416505977795
12738,9319,PUNJAB,LUDHIANA,Khadur,2.0,2.31,75.70615947751959,30.78357988219588
12737,9318,PUNJAB,LUDHIANA,Kharud,6.0,5.39,75.71232718352861,30.787325233479407
452,411,PUNJAB,TARN_TARAN,Takhtuchak,6.0,6.32,75.08305536262863,31.50443438937774
1614,1347,HARYANA,FATEHABAD,Haroli,7.0,5.61,75.44109366189561,29.656549626082302
538,484,PUNJAB,AMRITSAR,Talwandi rai dadu,9.0,9.59,74.72983320213665,31.862781789875186
16454,11524,PUNJAB,MUKTSAR,Tarkhan wala,14.0,14.88,74.39384257119283,30.32944235227636
20128,14991,PUNJAB,MUKTSAR,Abul Khurana,3.479,3.43,74.53404658321558,30.13483312439122
20127,14991,PUNJAB,MUKTSAR,Abul Khurana,12.694,12.6,74.55043173239574,30.127680636348902
489,443,PUNJAB,AMRITSAR,Dyalpura,8.5,6.35,74.85052570984662,31.882504051438055
556,499,PUNJAB,TARN_TARAN,Balim manjpur,9.0,9.85,75.07549371659346,31.56973628179326
11614,1231,HARYANA,KARNAL,Gondar,38.0,36.16,76.77221526661727,29.646546122351037
15404,10955,HARYANA,FATEHABAD,Dani manjra,10.0,9.63,75.54503072406636,29.500073893564867
599,535,HARYANA,KARNAL,Bhaini khurd,5.0,4.23,76.95218555605653,29.746972288481732
7206,5794,HARYANA,KURUKSHETRA,Gumthla garhu,20.0,20.3,76.55338160328806,29.922691539287666
619,548,PUNJAB,AMRITSAR,Shaffipur,9.0,8.47,74.95365586057117,31.51066172434302
653,574,PUNJAB,AMRITSAR,Kotla bathungarh,11.0,13.43,75.11860479640184,31.58536356108096
638,563,PUNJAB,AMRITSAR,Kot mehtab,8.0,7.59,75.25795759301614,31.49980516364701
13855,10022,HARYANA,FATEHABAD,Dadupur,14.0,14.01,75.46906452468527,29.67772735363756
20322,15121,PUNJAB,MUKTSAR,Lal bai,1.058,1.05,74.58688326396461,30.139450247822893
20321,15121,PUNJAB,MUKTSAR,Lal bai,7.009,7.02,74.58339132194284,30.141804063647832
574,515,PUNJAB,TARN_TARAN,Bundala,14.0,14.77,74.98662356757187,31.538672452244064
7595,3184,PUNJAB,GURDASPUR,Sahpur,10.0,6.89,75.15911935133902,31.784841129737114
15621,11074,HARYANA,FATEHABAD,Dani manjra,15.0,15.22,75.52155601710813,29.500394357220188
2980,2407,HARYANA,SIRSA,Thobaria,20.4,20.99,74.65869422920446,29.511652014658928
2979,2407,HARYANA,SIRSA,Thobaria,4.4,4.87,74.66028505030927,29.509845216660644
801,705,HARYANA,KARNAL,Manjura,10.0,8.23,76.84458357511188,29.697142851672908
17269,12015,PUNJAB,MUKTSAR,Nanakpura,28.958,29.19,74.44915102518797,30.376331980922664
17268,12015,PUNJAB,MUKTSAR,Nanakpura,10.627,10.72,74.42506095278502,30.39882968119489
17267,12015,PUNJAB,MUKTSAR,Nanakpura,8.059,8.09,74.41666320986762,30.38648013025144
17266,12015,PUNJAB,MUKTSAR,Nanakpura,9.445,9.29,74.42027223514215,30.387037542489413
826,735,HARYANA,SIRSA,Amritsar kalan,2.5,2.21,74.70334551015202,29.505483872622495
16843,11807,PUNJAB,MUKTSAR,Adhnian,2.0,2.13,74.54690466148276,30.080191007837907
16842,11807,PUNJAB,MUKTSAR,Adhnian,11.0,11.46,74.54764406778561,30.08452565408476
16841,11807,PUNJAB,MUKTSAR,Adhnian,3.0,3.14,74.54808892811964,30.085627242100532
16840,11807,PUNJAB,MUKTSAR,Adhnian,7.0,7.15,74.54183497217629,30.069220791381724
829,738,HARYANA,SIRSA,Amritsar kalan,4.0,3.33,74.71583252690222,29.508225109429315
2739,2222,HARYANA,FATEHABAD,Birabadhi,8.0,7.73,75.37767832412595,29.674753341961548
2738,2222,HARYANA,FATEHABAD,Birabadhi,19.0,14.35,75.37574504539803,29.680717667744755
15557,11041,HARYANA,FATEHABAD,Haroli,30.0,29.8,75.44302110767339,29.655740292481617
15272,10879,PUNJAB,MUKTSAR,Ramgarh,3.4,3.28,74.38916385116335,30.498359764684245
15271,10879,PUNJAB,MUKTSAR,Ramgarh,7.0,6.84,74.3905744681818,30.499111282031755
20191,15028,HARYANA,KURUKSHETRA,Berthala,26.1,26.41,76.97496439858081,30.135343404317897
855,750,HARYANA,KAITHAL,Janedpur,5.0,3.52,76.27887433334723,29.91577135168049
854,750,HARYANA,KAITHAL,Janedpur,8.0,6.14,76.27878326855895,29.917186906988043
778,687,HARYANA,SIRSA,Amritsar,28.0,23.05,74.67337758028401,29.482326767695163
2809,2275,HARYANA,PANIPAT,Sutana,14.0,12.8,76.89205541604906,29.361893252874214
2808,2275,HARYANA,PANIPAT,Sutana,14.0,13.22,76.87884001412952,29.389200541952775
1589,1328,HARYANA,KAITHAL,Siwan,35.0,37.22,76.36416660000872,29.893926146611765
1588,1328,HARYANA,KAITHAL,Siwan,35.0,41.02,76.37057294077188,29.895841851709715
843,744,HARYANA,KARNAL,Shambali,6.5,5.38,76.811074294272,29.76152555386377
1503,1272,HARYANA,FATEHABAD,Biger,8.0,5.74,75.44821855224956,29.440505726485235
20294,15097,HARYANA,KAITHAL,Ahun,16.0,15.63,76.67628237512307,29.790157332594156
3494,2796,HARYANA,KARNAL,Gonder,7.0,7.11,76.74905181200228,29.63526555014529
1452,1232,HARYANA,HISAR,Kuleri,5.0,3.3,75.67652587979508,29.37485755610807
913,793,HARYANA,SIRSA,Mithanpura,13.0,12.1,74.66128786039829,29.40375050466258
696,616,HARYANA,SIRSA,Badaghuda,3.5,3.54,74.98721078929294,29.721224397247223
803,711,PUNJAB,AMRITSAR,Devidaspur,18.0,17.62,75.0134833255305,31.58209410338055
802,711,PUNJAB,AMRITSAR,Devidaspur,5.0,5.21,75.01168364030718,31.581382344916133
3026,2452,HARYANA,JIND,Raichandwala,5.0,4.5,76.42270254743956,29.39645766409301
15277,10883,PUNJAB,MUKTSAR,Ramgarh,2.2,2.26,74.4082991992181,30.478686627756936
860,755,PUNJAB,GURDASPUR,Gokhuwal,11.0,8.42,75.18856869182298,31.843167802273893
869,762,HARYANA,SIRSA,Sukhera khera,15.0,10.78,74.63554759062805,29.83479330778992
16249,11462,PUNJAB,MUKTSAR,Akalgarh,14.0,15.47,74.38040967895697,30.515457727978628
21138,15731,HARYANA,KARNAL,Bijna,7.5,7.14,76.94137267576417,29.60435551121507
17748,13513,PUNJAB,FAZILKA,Chak Suhelewala,7.3,7.92,74.35607571809949,30.52078476242277
8390,6505,HARYANA,FATEHABAD,Tamspura,35.0,35.4,75.49970239755011,29.65499803894443
1986,1632,HARYANA,FATEHABAD,Haroli,7.0,7.27,75.45127236316195,29.67263014999791
1985,1632,HARYANA,FATEHABAD,Haroli,11.0,10.49,75.44762735245958,29.67222016942682
1618,1349,HARYANA,PANIPAT,Seenk,10.0,10.83,76.64605487416077,29.319361969117097
17620,13453,PUNJAB,FAZILKA,Janisar,5.0,5.28,74.35818499958275,30.489259437907368
1070,921,HARYANA,KAITHAL,Sotha,4.0,3.12,76.34351075914628,29.931510062837532
1069,921,HARYANA,KAITHAL,Sotha,10.0,10.49,76.34479396000783,29.932340199364425
12015,8815,HARYANA,KURUKSHETRA,Barwa,20.0,19.45,76.75934364201169,29.92878624957052
596,533,HARYANA,SIRSA,Sahuwala,26.0,27.25,74.97037933925432,29.64948815909167
2700,2192,HARYANA,FATEHABAD,Fatehabad local,28.0,29.74,75.45653263496101,29.5304616797815
17117,11939,PUNJAB,FAZILKA,Kandh wala Hazar khan,9.448,9.35,74.2128797449725,30.32212892627565
7334,6062,HARYANA,KURUKSHETRA,berthala,50.0,55.6,76.98675083058477,30.135267886740102
6659,5367,HARYANA,FATEHABAD,Tohana,6.0,5.94,75.86480884829754,29.70882576344916
18552,13983,PUNJAB,FAZILKA,Janisar,1.3,1.27,74.37000836031596,30.502531126084115
18551,13983,PUNJAB,FAZILKA,Janisar,25.0,25.03,74.37256098992854,30.50233668057722
1103,944,HARYANA,PANIPAT,Idana,40.0,47.16,76.77645109907468,29.369867964540617
8198,6371,HARYANA,FATEHABAD,Tamspura,6.0,6.75,75.45807068170085,29.619312669779692
8197,6371,HARYANA,FATEHABAD,Tamspura,54.0,51.55,75.4622432966066,29.617286601720537
20837,15310,HARYANA,KURUKSHETRA,Chhapra,2.5,2.47,77.06864551648013,30.089575434474472
20558,15310,HARYANA,KURUKSHETRA,Chhapra,2.6,2.62,77.06609992220697,30.082668023238675
13222,9610,PUNJAB,LUDHIANA,Pamali,2.0,2.45,75.74293483736182,30.825219886214903
13221,9609,PUNJAB,LUDHIANA,Phameli,1.0,1.09,75.74355905366458,30.82605720075101
13220,9609,PUNJAB,LUDHIANA,Phameli,2.0,2.38,75.74216618400334,30.825261067215205
1309,1111,HARYANA,SIRSA,Moju Khera,4.5,4.14,74.73524358665045,29.457744479572163
1308,1111,HARYANA,SIRSA,Moju Khera,7.5,6.61,74.7292064386319,29.48641045916434
1307,1111,HARYANA,SIRSA,Moju Khera,13.0,11.67,74.73624254169076,29.4728444406618
1323,1119,HARYANA,KARNAL,Arianpura,6.0,7.53,77.03468414869758,29.543349629823503
1260,1072,HARYANA,KAITHAL,Parbhawt,13.0,14.39,76.28991923311706,29.911064201402876
1310,1112,HARYANA,SIRSA,Moju Khera,10.0,10.0,74.72855004051816,29.485327077634764
16787,11783,HARYANA,KURUKSHETRA,Bakali,10.0,10.27,77.0606173959785,30.029535338234865
20799,15099,PUNJAB,FAZILKA,Chakpakhi,2.8,2.81,74.17998039655673,30.447297653804977
20798,15099,PUNJAB,FAZILKA,Chakpakhi,10.5,10.52,74.18163267922147,30.44623063069718
20640,15099,PUNJAB,FAZILKA,Chakpakhi,2.0,2.06,74.19449054778805,30.454598050059943
20297,15099,PUNJAB,FAZILKA,Chakpakhi,9.0,8.99,74.19078161651133,30.45949141099755
20296,15099,PUNJAB,FAZILKA,Chakpakhi,19.0,20.8,74.19062015233668,30.453241573934505
18780,14124,HARYANA,KARNAL,Nissing,45.0,45.18,76.77520084987742,29.712937136137064
8755,6760,HARYANA,FATEHABAD,Tamspura,2.0,1.74,75.48374427758942,29.61877969258981
8754,6760,HARYANA,FATEHABAD,Tamspura,5.0,4.77,75.48899443504607,29.61656914193228
15338,10916,PUNJAB,MUKTSAR,Akalgarh,7.0,7.27,74.39365200384205,30.50569922653205
1300,1105,HARYANA,KURUKSHETRA,Kamoda,9.0,6.77,76.73581553568103,29.936033254550964
13237,9621,PUNJAB,LUDHIANA,Pamali,2.0,1.48,75.74944221078793,30.82155738329405
1319,1117,HARYANA,KARNAL,Arianpura,2.0,1.78,77.02517158077525,29.545247549080425
1318,1117,HARYANA,KARNAL,Arianpura,3.0,2.89,77.02437928191937,29.545642929358703
20909,15543,HARYANA,KURUKSHETRA,Dhudhla,18.0,21.86,76.91012630666256,30.06366152772957
1388,1174,HARYANA,FATEHABAD,Haroli,16.0,15.75,75.47217163477004,29.660585201715705
19361,14443,PUNJAB,FAZILKA,Noorpur,9.326,9.66,74.22741451701752,30.389467827784287
1699,1408,HARYANA,SIRSA,Himayun Khera,11.0,11.18,74.77855805889351,29.483291786694927
1698,1408,HARYANA,SIRSA,Himayun Khera,27.0,20.54,74.77513636378218,29.48227819038602
6168,4970,PUNJAB,PATIALA,meayal kalan,27.0,23.18,76.21583068120835,30.19359546510021
19043,14276,PUNJAB,PATIALA,Rurki,9.0,9.26,76.57248493248082,30.33276128300902
19042,14276,PUNJAB,PATIALA,Rurki,9.5,9.68,76.57566040911308,30.330350157993813
558,501,PUNJAB,AMRITSAR,Saido lehal,10.0,9.36,75.09883847098102,31.6518766707616
7788,1390,HARYANA,FATEHABAD,Haroli,3.0,2.36,75.46976526010282,29.6731557699691
21070,15662,HARYANA,YAMUNANAGAR,Khajuri,8.5,8.66,77.17077971940874,30.0692111872414
1693,1404,HARYANA,SIRSA,Himayun Khera,9.0,10.37,74.77767820882427,29.480474939906763
6689,5393,HARYANA,FATEHABAD,Damkora,3.0,2.62,75.8635528742488,29.72926366798538
23553,18653,HARYANA,KAITHAL,Khanoda,24.0,23.94,76.54428060430094,29.829036985891644
1682,1397,HARYANA,SIRSA,Himayun Khera,5.5,5.94,74.76654319330032,29.473711487196105
1697,1407,HARYANA,SIRSA,Himayun Khera,1.0,1.04,74.77049550540134,29.47315772783744
1696,1407,HARYANA,SIRSA,Himayun Khera,3.0,3.13,74.77056798137703,29.480633915310655
1652,1379,HARYANA,KARNAL,Kheri Naru,8.0,7.24,76.91863861096768,29.651543658430153
1719,1422,HARYANA,KAITHAL,Rasulpur,10.0,8.06,76.394883387032,29.925473025015265
1763,1463,HARYANA,FATEHABAD,Haroli,30.0,27.54,75.45599953743186,29.66824143445158
21213,15779,HARYANA,AMBALA,Raomajra,16.0,15.82,76.96163134625517,30.207577574562823
1691,1403,HARYANA,PANIPAT,Sewah,10.0,8.19,76.98059891623966,29.32070409908319
1678,1395,HARYANA,KAITHAL,Umedpur,52.0,51.37,76.31386664870226,29.898250287153857
1677,1395,HARYANA,KAITHAL,Umedpur,28.0,28.05,76.3064242239235,29.906320952762393
1687,1400,HARYANA,KURUKSHETRA,Mirjapur,5.0,5.96,76.79929863607607,29.953224944536988
1609,1343,HARYANA,FATEHABAD,Haroli,32.0,32.66,75.45575974397794,29.654603072116572
1599,1336,HARYANA,PANIPAT,Lohari,24.0,30.61,76.82599777369545,29.355735895606625
7764,4422,HARYANA,FATEHABAD,Hukmawali,3.0,3.17,75.4566563000821,29.69566454951759
1660,1384,HARYANA,KARNAL,Kheri Naru,13.0,14.3,76.91810466558498,29.66034653576303
1585,1326,PUNJAB,BATHINDA,Nathana,3.0,3.4,75.04171239247283,30.328540882991984
742,660,HARYANA,KARNAL,Aunghd,8.0,6.47,76.79932839686822,29.65985081457391
23171,17917,HARYANA,FATEHABAD,Ratakhera,25.0,25.97,75.53640731410161,29.675010126751474
1518,1284,HARYANA,KURUKSHETRA,Indbari,20.0,13.96,76.74216773100333,29.958673999922325
1517,1284,HARYANA,KURUKSHETRA,Indbari,60.0,40.72,76.74513009348645,29.95948489249811
1532,1292,HARYANA,SIRSA,Moju Khera,8.0,8.06,74.73309278777253,29.477953613301363
1530,1292,HARYANA,SIRSA,Moju Khera,3.0,2.86,74.73499480187371,29.488443009015658
1529,1292,HARYANA,SIRSA,Moju Khera,1.0,0.91,74.7350074823628,29.48736523380401
17828,13559,PUNJAB,FAZILKA,Dhab Khushal joya,15.0,14.21,74.28202253967565,30.53620171184452
1709,1415,PUNJAB,BATHINDA,Poohla,7.0,7.47,75.06748616535994,30.3040189349302
21308,15875,HARYANA,KURUKSHETRA,Barounda,2.6,2.58,77.05603068062874,29.962492730519816
7846,1623,HARYANA,FATEHABAD,Haroli,16.0,12.88,75.47089915304615,29.662413185288916
750,664,HARYANA,KAITHAL,Sair,15.0,13.9,76.31628178252124,29.94471405887725
7651,3697,HARYANA,FATEHABAD,Haroli,5.0,5.1,75.47890222708247,29.682751786113467
4669,3697,HARYANA,FATEHABAD,Haroli,14.0,14.89,75.48346234713568,29.6807266243016
7426,1310,HARYANA,KURUKSHETRA,Bhustala,10.0,9.29,76.73609505638993,30.083339112009927
3327,2670,HARYANA,KARNAL,Jundla,6.5,5.92,76.8688053789902,29.637922954213728
1833,1509,HARYANA,FATEHABAD,Haroli,2.0,1.79,75.46245468455368,29.664049011589633
25301,21694,HARYANA,SIRSA,Keshupura,6.0,6.42,74.8572219914552,29.45457744427779
1932,1597,HARYANA,KARNAL,Jundla,10.0,10.26,76.89931340434792,29.681953624191426
1916,1581,HARYANA,KURUKSHETRA,Dayalpur,30.0,31.24,76.80706358849945,29.940520591833213
1870,1542,HARYANA,KAITHAL,Khedilamba,6.0,5.15,76.23504233089047,29.69713510834469
17522,13403,PUNJAB,FAZILKA,Chakroranwala,3.0,3.15,74.30192858341805,30.486947955057257
17521,13403,PUNJAB,FAZILKA,Chakroranwala,9.0,9.01,74.29846477989776,30.489416724245388
1953,1611,HARYANA,SIRSA,Shekhu Khera,5.0,5.02,74.75538426934045,29.487038754358153
1950,1609,HARYANA,PANIPAT,Asan kalan,17.0,16.78,76.86656239771948,29.414391535894953
1945,1606,HARYANA,PANIPAT,Sodapur,4.0,3.98,76.91846586203337,29.39937079287775
1810,1498,HARYANA,PANIPAT,Lohari,11.0,9.69,76.83398079532756,29.36362288012383
20641,15370,PUNJAB,FAZILKA,Hogkhas,29.4,28.04,74.20435062071336,30.45267442478436
1884,1555,HARYANA,PANIPAT,Sewah,6.0,6.14,76.97805439881871,29.328516151145237
24542,20438,HARYANA,KURUKSHETRA,Talheri,51.0,49.9,76.64858920918812,30.04273303038857
7867,2473,HARYANA,FATEHABAD,Haroli,6.0,6.1,75.45447928531961,29.651259240004165
3068,2473,HARYANA,FATEHABAD,Haroli,2.0,1.51,75.4772995672206,29.63927352826365
3067,2473,HARYANA,FATEHABAD,Haroli,4.0,4.03,75.47552492945672,29.637047783572076
16244,11458,PUNJAB,MUKTSAR,Tappa khera,25.0,24.74,74.51699996687881,30.085193055194836
12343,9055,PUNJAB,LUDHIANA,Birmi,10.0,9.85,75.73275146251707,30.918073779236753
21259,15816,HARYANA,KURUKSHETRA,Chharpura,14.0,14.09,76.93562035977222,30.000893188813876
19160,14339,PUNJAB,FAZILKA,Janisar,6.0,5.78,74.37744395443089,30.495396197362098
19159,14339,PUNJAB,FAZILKA,Janisar,3.88,3.95,74.37717409765528,30.494646696895195
16290,11488,HARYANA,KAITHAL,Pharal,12.0,11.96,76.58545412190941,29.858475009433914
1946,1607,HARYANA,PANIPAT,Aasan kalan,35.0,35.75,76.88380759664206,29.4103587631282
8193,6368,HARYANA,FATEHABAD,Tamspura,3.0,2.86,75.45877002967711,29.612359026409777
8192,6368,HARYANA,FATEHABAD,Tamspura,15.0,15.78,75.454813425565,29.610416567528333
2138,1743,PUNJAB,BATHINDA,Harraipur,6.0,4.17,74.99153726854951,30.33327875565024
22856,17246,PUNJAB,FAZILKA,Hogkass,6.8,4.79,74.1857389262353,30.462060964864047
22855,17246,PUNJAB,FAZILKA,Hogkass,30.0,31.83,74.1849962436234,30.45970151961791
1942,1604,HARYANA,SIRSA,Shekhu Khera,5.0,4.78,74.76123130697887,29.48052959083999
1941,1604,HARYANA,SIRSA,Shekhu Khera,22.0,22.29,74.75969138281496,29.478833743290068
19367,14448,PUNJAB,FAZILKA,Noorpur,5.882,6.01,74.2226069888712,30.39683219744416
1555,1306,HARYANA,FATEHABAD,Dadupur,5.0,4.21,75.46741829193009,29.68790244171842
2084,1705,HARYANA,PANIPAT,Naultha,7.0,8.18,76.9104340241061,29.303731519752375
2185,1783,HARYANA,FATEHABAD,Haroli,6.5,4.63,75.4449141675052,29.64802174043197
2184,1783,HARYANA,FATEHABAD,Haroli,1.0,0.99,75.44476051126993,29.64773715677705
2163,1763,HARYANA,FATEHABAD,Haroli,20.0,17.42,75.44519470819127,29.643770460775325
2162,1763,HARYANA,FATEHABAD,Haroli,4.0,3.79,75.44510290636535,29.643675474195096
2112,1723,HARYANA,SIRSA,Rattakhera,9.5,9.69,74.78312403270279,29.469611766550347
2107,1720,HARYANA,SIRSA,Rattakhera,5.0,6.37,74.81618356868624,29.468887165596737
2106,1720,HARYANA,SIRSA,Rattakhera,10.5,9.86,74.78096278974128,29.469455874976926
16344,11522,PUNJAB,MUKTSAR,Tappa khera,17.0,16.59,74.52053938518287,30.085328629180303
16343,11522,PUNJAB,MUKTSAR,Tappa khera,32.0,31.5,74.51395143993008,30.08609406251692
2082,1704,HARYANA,SIRSA,Rattakhera,2.0,2.07,74.79223123925661,29.46514224689196
26528,23332,HARYANA,KURUKSHETRA,Ramsharn majra,15.0,14.98,76.9992721341942,30.088076504401965
17678,13481,PUNJAB,FEROZEPUR,Hushensah,19.0,18.99,74.50051435688736,30.875130806704696
17677,13481,PUNJAB,FEROZEPUR,Hushensah,17.0,18.7,74.50514837664777,30.8757909826638
15496,11002,PUNJAB,MUKTSAR,Ramgarh,18.5,19.66,74.39174321196873,30.48429739061969
15419,10965,PUNJAB,MUKTSAR,Ramgarh,3.2,2.94,74.40896352719386,30.47383985081922
2130,1735,HARYANA,SIRSA,Rattakhera,6.0,5.9,74.78543691529053,29.460508420628496
2129,1735,HARYANA,SIRSA,Rattakhera,2.0,1.91,74.78492735634316,29.461178766799453
17397,13341,PUNJAB,FAZILKA,Janisar,10.0,10.22,74.36421314182287,30.484530784326456
17396,13341,PUNJAB,FAZILKA,Janisar,8.0,8.29,74.36046675458032,30.48632721187066
2195,1793,HARYANA,SIRSA,Ghukanwali,10.0,10.12,74.86877286478287,29.71243085825135
2261,1843,HARYANA,SIRSA,Rattakhera,13.0,10.73,74.78812726642865,29.477092648890896
2318,1888,PUNJAB,BATHINDA,Nathana,5.0,4.6,75.06550365293808,30.32941395366124
2308,1879,PUNJAB,BATHINDA,Jandawala,6.0,7.4,75.02637041086004,30.367387713213095
2307,1879,PUNJAB,BATHINDA,Jandawala,14.0,10.43,75.0291552978765,30.36746827621841
2072,1699,HARYANA,KARNAL,Motia jagir,10.0,9.48,76.81716655164442,29.754784520173196
17844,13571,PUNJAB,MUKTSAR,Udekaran,16.503,16.18,74.5692451337567,30.489533693716588
2400,1949,HARYANA,FATEHABAD,Haroli,8.0,6.84,75.45871113358689,29.658709444026712
16889,11822,PUNJAB,MUKTSAR,Abul khurana,9.0,8.83,74.51772082201971,30.117013545700093
16888,11822,PUNJAB,MUKTSAR,Abul khurana,5.0,5.07,74.51720629042525,30.114607128552144
16887,11822,PUNJAB,MUKTSAR,Abul khurana,3.75,3.8,74.51432080132314,30.1159660704874
16886,11822,PUNJAB,MUKTSAR,Abul khurana,3.5,3.77,74.50949159119645,30.115100251872807
17619,13452,PUNJAB,FAZILKA,Janisar,6.0,5.52,74.35836289951921,30.485297769104942
2394,1944,HARYANA,SIRSA,Ghukanwali,15.0,18.65,74.87765752083293,29.708686608328172
17905,12002,PUNJAB,MUKTSAR,Tarkhan wala,21.0,21.36,74.38050646587355,30.318302878822905
17239,12002,PUNJAB,MUKTSAR,Tarkhan wala,12.0,13.41,74.39463111353449,30.327753646276907
16489,11604,PUNJAB,MUKTSAR,Udekaran,54.321,54.28,74.46330851696376,30.545591564001768
2460,1999,HARYANA,FATEHABAD,Haroli,5.0,4.43,75.48041114090881,29.657141829057657
2456,1995,HARYANA,SIRSA,Ghukanwali,15.0,15.04,74.86270799002504,29.70991176448167
8302,6435,HARYANA,KURUKSHETRA,Samaspur,5.0,4.12,76.73743899629544,29.98018000530948
7609,4497,HARYANA,FATEHABAD,Jandwala sottar,4.0,5.05,74.84873987060823,29.712832338257503
15045,10758,HARYANA,KAITHAL,Kaul,20.0,20.62,76.67537361674084,29.847131365911736
2564,2079,PUNJAB,BATHINDA,Harraipur,7.0,7.96,75.00973646300304,30.324846995511148
2572,2087,HARYANA,FATEHABAD,Fatehabad local,25.0,18.1,75.45160120258657,29.536339048167413
17427,13358,PUNJAB,FEROZEPUR,Karmu wala,18.0,20.09,74.81502522395644,31.005033024954248
2532,2054,HARYANA,PANIPAT,Lohari,22.0,22.43,76.8490214158393,29.366011791636325
2525,2049,HARYANA,SIRSA,Kutabudh,6.0,6.24,74.81777981195205,29.450156774520437
2520,2046,HARYANA,SIRSA,Ghukanwali,10.0,8.38,74.86303652428478,29.71405966519825
2477,2011,HARYANA,KARNAL,Bansa,10.0,8.93,76.84452916167696,29.6083439122282
2526,2050,HARYANA,SIRSA,Ghukanwali,25.0,18.79,74.86291449205854,29.7159836734938
2337,1903,HARYANA,KAITHAL,Kalayat,43.0,35.27,76.22287679348044,29.688589074571237
14747,10572,PUNJAB,FEROZEPUR,Naju shah,4.4,3.92,74.74566370507466,30.967353605497426
2403,1950,HARYANA,SIRSA,Kutabudh,48.0,35.79,74.8154339406214,29.47369500894989
14752,10575,PUNJAB,FEROZEPUR,Gadodu,10.3,10.46,74.72704256073357,30.944906604065203
2519,2045,HARYANA,SIRSA,Ghukanwali,5.0,3.73,74.8630305413834,29.713207440373676
2513,2040,HARYANA,FATEHABAD,Haroli,2.0,2.01,75.47558787993286,29.653686884620175
2608,2119,HARYANA,KAITHAL,Ramdaspura,20.0,18.64,76.3159979520488,29.93611880144762
2607,2119,HARYANA,KAITHAL,Ramdaspura,18.0,16.04,76.3137164409745,29.932651805460715
1366,1152,PUNJAB,GURDASPUR,Mustafabad,6.0,5.1,75.3995352506877,31.996074447005025
21146,15734,HARYANA,KAITHAL,Ahun,3.5,3.23,76.68398363844041,29.782973884628134
21145,15734,HARYANA,KAITHAL,Ahun,6.0,5.82,76.70041312096605,29.79429459156777
21144,15734,HARYANA,KAITHAL,Ahun,5.0,4.77,76.68856616968915,29.789951801644023
785,693,HARYANA,SIRSA,Amritsar,12.0,12.7,74.67633763837028,29.49153604639221
2350,1912,HARYANA,KARNAL,Gondar,7.0,5.13,76.73808088101828,29.645682562986178
2375,1933,HARYANA,SIRSA,Kutabudh,35.0,30.98,74.82293485108401,29.45295142267951
16929,11840,PUNJAB,MUKTSAR,Adhnian,5.0,4.12,74.55956881260236,30.07275027716277
15455,10980,PUNJAB,MUKTSAR,Ramgarh,3.0,2.81,74.40840130845883,30.48632928070459
11955,8780,HARYANA,HISAR,Satrod,48.0,47.93,75.86744283185266,29.093902719447055
2702,2194,HARYANA,PANIPAT,Sutana,12.0,14.13,76.85437542286915,29.3742277752644
2728,2215,HARYANA,JIND,Kairkhedi,20.0,16.86,76.31846570002466,29.36019512364713
782,690,HARYANA,SIRSA,Amritsar,28.0,30.54,74.67411658361378,29.490068258058425
2724,2211,HARYANA,JIND,Kandela,4.0,4.06,76.35438720164305,29.381399288911062
3317,2661,HARYANA,JIND,Lochab,28.0,27.59,76.43694520261016,29.352249418467085
7879,2197,HARYANA,FATEHABAD,Chatnpura dhani,25.0,24.86,75.4544307782871,29.533246692554897
2637,2137,HARYANA,PANIPAT,Karad,22.0,22.54,76.8190428278703,29.298246561023905
2692,2185,HARYANA,KAITHAL,Himatpura,20.0,17.73,76.36600567454057,29.942597095393474
2635,2136,HARYANA,SIRSA,Kesupura,7.4,6.63,74.84901433707955,29.452569784199905
117,113,PUNJAB,AMRITSAR,Neshta,2.0,1.45,74.59770304443602,31.58085284181144
2748,2230,HARYANA,JIND,Barsana,2.0,1.78,76.39654196411574,29.369751686717876
16892,11824,PUNJAB,MUKTSAR,Lakhawali,26.0,24.72,74.34199994009415,30.45802962703391
21661,16170,HARYANA,KURUKSHETRA,Bani,25.0,24.95,77.10744106793393,29.972546903330286
2913,2357,HARYANA,FATEHABAD,Haroli,34.0,36.36,75.45720152545469,29.67301727557688
2912,2357,HARYANA,FATEHABAD,Haroli,14.5,14.33,75.45366405345497,29.67035716981969
2926,2366,HARYANA,HISAR,Sandol,2.0,1.8,75.71480903568279,29.357193831788464
3167,2540,HARYANA,JIND,Smalpur,30.0,29.32,76.08954490237016,29.603030110750627
2814,2277,HARYANA,PANIPAT,Sutana,6.0,4.79,76.8539151409376,29.376866682000635
2813,2277,HARYANA,PANIPAT,Sutana,14.0,13.53,76.87012830713073,29.368024105445613
2812,2277,HARYANA,PANIPAT,Sutana,5.0,4.6,76.87266378871628,29.366589701512023
2773,2252,HARYANA,KURUKSHETRA,Dayalpur,7.0,6.05,76.807920484436,29.94462721051799
2746,2229,HARYANA,JIND,Barsana,3.0,3.05,76.40655790035427,29.366509115734445
2772,2251,HARYANA,KURUKSHETRA,Dayalpur,3.0,3.05,76.80609436346624,29.94634198949941
18313,13845,PUNJAB,MUKTSAR,Sounke,13.8,13.45,74.4790184133681,30.3047999173336
18312,13845,PUNJAB,MUKTSAR,Sounke,21.8,21.79,74.47593406439334,30.304740268674745
18311,13845,PUNJAB,MUKTSAR,Sounke,23.3,23.4,74.47729223696759,30.311746477966544
18310,13845,PUNJAB,MUKTSAR,Sounke,47.0,44.97,74.47797093653665,30.309216952782972
18309,13845,PUNJAB,MUKTSAR,Sounke,10.7,10.92,74.47354009113997,30.320878139681614
18308,13845,PUNJAB,MUKTSAR,Sounke,34.3,34.41,74.48326430705188,30.31236085552126
2934,2374,HARYANA,JIND,Dalamwala,6.0,5.38,76.36681028361758,29.387997564951103
3318,2662,HARYANA,JIND,Lochab,12.0,12.1,76.43268929958921,29.354182241302052
21761,16257,HARYANA,KURUKSHETRA,Kalsa,24.5,24.45,76.53063023413316,30.05940877811986
2839,2295,HARYANA,JIND,Guruser,18.0,16.1,76.18457771466088,29.675566432294502
2818,2281,HARYANA,PANIPAT,Sutana,6.0,6.54,76.86643674660398,29.36253437071046
2904,2351,HARYANA,SIRSA,Budhi meri,2.0,1.46,74.70436522782046,29.46034296214738
2903,2351,HARYANA,SIRSA,Budhi meri,8.0,7.47,74.70266541837644,29.460528338192542
2902,2351,HARYANA,SIRSA,Budhi meri,11.0,11.86,74.70248030868937,29.4802677164078
21576,16097,HARYANA,KURUKSHETRA,Barahen,60.0,60.11,77.00630255760603,29.98019828878278
19558,14574,HARYANA,KAITHAL,Buchi,24.0,24.29,76.65207700142507,29.75660945084115
2938,2378,HARYANA,JIND,Kandela,10.0,8.03,76.34580985477338,29.371013745975375
2864,2322,PUNJAB,BARNALA,Sanghera,5.0,3.88,75.54651171218009,30.405270106511583
2819,2282,HARYANA,FATEHABAD,Hukmawali,8.0,7.54,75.44634503320475,29.691555072323293
2986,2413,HARYANA,FATEHABAD,Haroli,23.0,25.64,75.47604663745597,29.643813075647913
2937,2377,HARYANA,JIND,Kandela,13.0,9.84,76.3282680980887,29.35966882808655
2847,2303,HARYANA,KAITHAL,Rasulpur,4.0,3.47,76.41139929422405,29.910321547864985
3011,2438,HARYANA,HISAR,Kirmara,7.5,6.41,75.73452178690566,29.37842934378566
3010,2438,HARYANA,HISAR,Kirmara,3.0,2.94,75.73214379917859,29.379181643773695
2943,2382,HARYANA,KURUKSHETRA,Jyotisar,20.0,24.7,76.77189918705565,29.945612544158113
2800,2271,HARYANA,PANIPAT,Dewana,4.0,3.93,76.97345776299235,29.31068977329919
3016,2443,HARYANA,SIRSA,Ghukanwali,10.0,7.21,74.8616429480518,29.711810919228785
19404,14474,PUNJAB,MUKTSAR,Madrassa,5.0,4.45,74.36104930754331,30.45483701222764
2910,2355,HARYANA,HISAR,Sandol,9.0,11.44,75.72000762615811,29.355303122794247
17165,11964,HARYANA,KAITHAL,Pabnawa,10.0,9.96,76.67555489132242,29.882060545734703
3130,2515,HARYANA,PANIPAT,Gawalda,10.0,9.23,76.93840819159006,29.235961162961367
3182,2549,HARYANA,SIRSA,Mirzapur,13.0,11.41,74.6865168199239,29.51549015678079
3181,2549,HARYANA,SIRSA,Mirzapur,4.0,4.28,74.68472195937296,29.51593288597984
10642,7953,HARYANA,FATEHABAD,Ajit nagar,34.0,32.0,75.39499675127482,29.676271319768055
3159,2535,HARYANA,PANIPAT,Namunda,30.0,26.61,76.95696397480945,29.22181786399985
3123,2510,HARYANA,PANIPAT,Pawti,10.0,11.92,77.03214000089214,29.237921779885777
3122,2510,HARYANA,PANIPAT,Pawti,5.5,5.24,77.03122305125989,29.23624777976906
3019,2445,HARYANA,FATEHABAD,Dadupur,8.5,8.0,75.46893999069935,29.6832446529812
20668,15397,HARYANA,KAITHAL,Sach,3.5,3.41,76.6733021275268,29.740790385495263
3084,2484,HARYANA,KAITHAL,Janedpur,7.0,6.87,76.28294532972873,29.91611744006047
3083,2484,HARYANA,KAITHAL,Janedpur,9.0,7.7,76.28815465238236,29.917060371375054
3486,2788,HARYANA,PANIPAT,Bhaupur,4.5,4.51,76.81761698160946,29.32537269605872
3485,2788,HARYANA,PANIPAT,Bhaupur,18.0,18.0,76.82555427982169,29.32042294909721
3484,2788,HARYANA,PANIPAT,Bhaupur,27.0,25.55,76.81626887027166,29.32276606014099
3051,2464,HARYANA,SIRSA,Thobaria,2.0,1.99,74.6603371947845,29.513701952036307
3050,2464,HARYANA,SIRSA,Thobaria,2.0,2.05,74.66283591475185,29.51718627925806
18084,13714,HARYANA,KAITHAL,Gobindpura,22.0,20.61,76.32320060165289,29.904680716369736
8157,6347,HARYANA,FATEHABAD,Buthan,5.0,4.07,75.58327096417794,29.56314895686595
1798,1490,HARYANA,KARNAL,Jundla,6.0,5.04,76.86090222905226,29.645088551988454
3191,2555,HARYANA,PANIPAT,Puthar,17.0,17.78,76.87655685960755,29.223032664767526
3141,2521,HARYANA,PANIPAT,Namunda,7.5,6.97,76.94990200386411,29.23056016179537
3140,2521,HARYANA,PANIPAT,Namunda,5.0,4.86,76.94099887468259,29.234690564661147
3132,2517,HARYANA,SIRSA,Mirzapur,11.0,8.42,74.6898780939892,29.51113888514194
3127,2513,PUNJAB,BARNALA,Sanghera,2.0,2.31,75.5485057634094,30.408443044482
3192,2556,HARYANA,PANIPAT,Puthar,20.0,21.15,76.87671818509166,29.227661723321408
20219,15052,HARYANA,KAITHAL,Pabla,7.0,6.88,76.67656366022993,29.869672231166295
20218,15052,HARYANA,KAITHAL,Pabla,20.0,20.33,76.68716175384948,29.87719801021121
3216,2577,HARYANA,KURUKSHETRA,Mirjapur,40.0,32.59,76.77661263493317,29.944585526552324
5621,4492,HARYANA,KAITHAL,Bhuna,5.0,3.96,76.34132179543354,29.968302336327454
3209,2572,HARYANA,KARNAL,Main Mati,5.0,5.85,77.05634666568187,29.736555799644183
3222,2579,HARYANA,KURUKSHETRA,Mirjapur,22.0,19.14,76.7895116131779,29.959815180061646
3221,2579,HARYANA,KURUKSHETRA,Mirjapur,15.0,13.88,76.77806197937691,29.941627878423855
3213,2574,HARYANA,SIRSA,Harni khurd,4.0,3.79,74.66210176039183,29.53904744637093
3212,2574,HARYANA,SIRSA,Harni khurd,1.0,0.92,74.66213825130711,29.537741405603104
3211,2574,HARYANA,SIRSA,Harni khurd,5.0,4.47,74.66141318936873,29.538708217906787
3214,2575,HARYANA,SIRSA,Harni khurd,5.0,4.22,74.66064731431278,29.53862405703755
26057,22686,HARYANA,KAITHAL,Dushan,6.0,5.95,76.64416534464044,29.778196819836953
26056,22686,HARYANA,KAITHAL,Dushan,23.0,22.94,76.64052375895076,29.780332720747623
3193,2557,HARYANA,PANIPAT,Puthar,8.0,8.05,76.87604339787482,29.225667480885807
7901,2551,HARYANA,FATEHABAD,Dadupur,75.0,81.84,75.46928259420233,29.689640236238333
21854,16336,PUNJAB,MUKTSAR,Paniwalafatta,0.74,0.67,74.32709252982906,30.296347149755857
21853,16336,PUNJAB,MUKTSAR,Paniwalafatta,1.2,1.25,74.32760570324078,30.295496658622017
18060,13704,HARYANA,KAITHAL,Rasina,12.0,12.11,76.68361347185049,29.752513078759304
17439,13367,HARYANA,KAITHAL,Kaul,11.5,11.41,76.66727145636895,29.83093326488997
17438,13367,HARYANA,KAITHAL,Kaul,5.0,4.64,76.66679310917596,29.8295649534825
3253,2608,HARYANA,SIRSA,Ghukanwali,7.0,7.57,74.86692581019196,29.71525665435416
7905,2653,HARYANA,FATEHABAD,Jallopur,12.0,11.67,75.49663077794578,29.67379684865727
21533,16060,HARYANA,KAITHAL,Sakra,6.5,6.73,76.68295769239026,29.81557227411329
21532,16060,HARYANA,KAITHAL,Sakra,25.0,24.79,76.68226503761159,29.820236672496165
3243,2600,HARYANA,KAITHAL,Kakheri,10.0,9.84,76.36625363233529,29.96472681560884
19751,14709,PUNJAB,FAZILKA,Kandh wala Hazar khan,7.833,7.75,74.19299570193606,30.324317479695775
3247,2603,HARYANA,FATEHABAD,Thuyan,7.0,6.68,75.293541309511,29.355761034774652
3395,2720,HARYANA,FATEHABAD,Rupana Bishnoiya,18.0,13.57,75.22847131323782,29.3543042156264
3389,2716,HARYANA,JIND,Siwaah,31.0,34.84,76.46589474587674,29.345374929850554
17645,13463,PUNJAB,MUKTSAR,Chauntra,7.635,7.63,74.56516446151838,30.530836708698104
17644,13463,PUNJAB,MUKTSAR,Chauntra,3.825,3.87,74.55585029109939,30.52760833192404
22063,16539,HARYANA,KAITHAL,Bhunna,13.0,13.05,76.35451637399446,29.92749823254209
22062,16539,HARYANA,KAITHAL,Bhunna,7.0,6.52,76.3490166114364,29.939277167588816
3489,2791,HARYANA,FATEHABAD,Haroli,5.5,4.71,75.464517531119,29.6360175855912
3435,2751,PUNJAB,BARNALA,Sanghera,14.0,12.81,75.5358020420464,30.386024537285003
3440,2756,HARYANA,PANIPAT,Babail,10.0,11.2,77.0384110270247,29.43209673206903
3557,2839,HARYANA,FATEHABAD,Haroli,4.0,3.58,75.44715812054372,29.648296155956302
11929,8757,HARYANA,YAMUNANAGAR,Jhaguri,2.5,2.52,77.17182907803475,30.098896998034924
2066,1695,HARYANA,JIND,Smalpur,13.0,12.05,76.07695857717707,29.610762743951692
2065,1695,HARYANA,JIND,Smalpur,10.0,10.93,76.06345529618329,29.59786587044396
17015,11882,PUNJAB,MUKTSAR,Akalgarh,14.0,13.21,74.39298815759514,30.508580089225248
3479,2785,HARYANA,PANIPAT,Bhaupur,19.0,17.33,76.81871531728403,29.315882507786924
3478,2785,HARYANA,PANIPAT,Bhaupur,20.0,17.08,76.81725159463487,29.317869126384192
3418,2737,HARYANA,KARNAL,Sekhupura,10.0,10.46,76.75167079789803,29.626877277182448
5497,4394,HARYANA,SIRSA,Ther sahida wali,4.0,4.01,74.58111797953161,29.56729861170572
170,162,PUNJAB,AMRITSAR,Kadyal,5.0,4.86,74.69603433793515,31.8014872969665
16718,11740,PUNJAB,MUKTSAR,Tappa khera,14.5,14.01,74.53496582700227,30.11353332313917
9652,7350,PUNJAB,BATHINDA,Naruana,10.0,11.06,74.88491900493088,30.180529897949445
1418,1201,HARYANA,KAITHAL,Ramdaspura,14.0,10.94,76.31832704280129,29.950388557710543
7731,5696,PUNJAB,FARIDKOT,Kamiana,11.0,10.86,74.75269941300844,30.624385905994636
7081,5696,PUNJAB,FARIDKOT,Kamiana,6.0,4.33,74.72284332013508,30.655368843882933
3279,2628,HARYANA,FATEHABAD,Nagpur,3.0,2.47,75.4248716611243,29.67335764299449
3277,2628,HARYANA,FATEHABAD,Nagpur,2.5,2.45,75.42019486622446,29.67658336795865
3340,2677,HARYANA,SIRSA,Harni khurd,10.0,9.14,74.66329289428575,29.545223748517795
3529,2817,HARYANA,KAITHAL,Sajuma,7.0,5.74,76.2819929010354,29.74517169805544
1033,893,PUNJAB,GURDASPUR,Dhulpur,14.0,11.5,75.17019932511882,31.817382716685113
12947,9452,PUNJAB,FEROZEPUR,Habib ke,8.0,7.65,74.6081937898844,30.981005495259957
3434,2750,HARYANA,PANIPAT,Matloda,35.0,36.3,76.81150403008787,29.3955207538654
3630,2900,PUNJAB,BARNALA,Sanghera,15.0,13.48,75.55794886498501,30.40537613386363
16726,11747,PUNJAB,MUKTSAR,Ramgarh,8.0,7.67,74.39779884400144,30.477221110533215
3566,2847,HARYANA,JIND,Lochab,11.0,10.71,76.43802036264053,29.36463690588813
14808,10620,PUNJAB,MUKTSAR,Ram garh,17.48,17.02,74.39967142965612,30.495565195752384
1923,1588,HARYANA,KAITHAL,Khedilamba,10.0,8.18,76.23066336666047,29.701450333945623
1989,1635,HARYANA,KAITHAL,Khedilamba,6.0,4.72,76.22738720962798,29.695834596642182
7766,5117,HARYANA,KURUKSHETRA,berthala,4.0,4.91,76.9899526955234,30.12721099983759
7639,5117,HARYANA,KURUKSHETRA,berthala,2.0,1.61,76.98172045446081,30.12390957649999
20083,14942,PUNJAB,MUKTSAR,Fathui Khera,20.832,20.72,74.5054655382149,30.01590468279296
2842,2299,HARYANA,KAITHAL,Rasulpur,21.0,18.59,76.40135177816235,29.91941289229712
6672,5378,PUNJAB,MUKTSAR,channu,5.8,5.88,74.60830318418195,30.08412807376236
2339,1905,HARYANA,KAITHAL,Kalaya,8.0,7.19,76.22758235526828,29.68686880423303
6017,4833,HARYANA,YAMUNANAGAR,Sikandra,11.0,10.11,77.10740043614125,30.12056470306179
15425,10969,PUNJAB,MUKTSAR,Ramgarh,3.0,2.65,74.40923183588205,30.475053123961377
2044,1676,HARYANA,KAITHAL,Parbhot,70.0,59.82,76.28821247267278,29.903493652728297
8693,6714,HARYANA,KURUKSHETRA,Chhaloundi,7.0,6.7,77.09444779989117,29.98904139853184
8691,6714,HARYANA,KURUKSHETRA,Chhaloundi,10.0,10.54,77.10363109707306,29.99082711780897
5463,4369,HARYANA,SIRSA,Khioali,16.0,16.43,74.958818723793,29.59656698944173
2336,1902,HARYANA,KAITHAL,Kalayat,30.0,31.21,76.22834513574293,29.68385622281415
1251,1067,HARYANA,KAITHAL,Siwan,5.0,5.25,76.35925618640965,29.9229878577487
23132,17865,HARYANA,KAITHAL,Kaul,4.5,4.48,76.65146966295764,29.856438463587576
23131,17865,HARYANA,KAITHAL,Kaul,17.5,17.72,76.65667434036405,29.86173780155361
21543,16067,HARYANA,KARNAL,Nissing,46.0,46.26,76.87505718828876,29.714112095708376
18046,13695,PUNJAB,MUKTSAR,Lakhawala,10.0,7.98,74.35329568338356,30.431529533176217
17566,13432,HARYANA,FATEHABAD,Dhani dadupur,20.0,18.27,75.4879515436691,29.65197814143009
9606,7320,HARYANA,KURUKSHETRA,Ratan garh kikrali,11.0,10.97,76.4510188513653,30.016359529419606
9638,7339,PUNJAB,FAZILKA,Kikker khera,8.5,8.72,74.19018180909677,30.09242595191567
888,777,HARYANA,SIRSA,Bhangu,14.0,14.16,75.00857840247888,29.64234048022081
10651,7960,HARYANA,KAITHAL,Kharkra,31.0,30.47,76.29519084184516,29.962369458346497
10650,7960,HARYANA,KAITHAL,Kharkra,9.3,8.92,76.29638997133186,29.96614940764815
1048,907,HARYANA,SIRSA,Mehna khera,7.0,6.03,74.81286820978274,29.412827447145453
26417,23182,HARYANA,YAMUNANAGAR,Nagal,12.0,11.9,77.23581602760282,30.068919980678572
26416,23182,HARYANA,YAMUNANAGAR,Nagal,8.0,7.64,77.23956788721088,30.072593488034077
16190,11426,HARYANA,KAITHAL,Ahun,16.0,15.96,76.67271159718852,29.781837195896713
22393,16817,PUNJAB,FAZILKA,Bhegawala,4.6,4.73,74.12268680081154,30.43654649565628
2806,2274,HARYANA,SIRSA,Mameran Kalan,1.0,0.96,74.70943579503107,29.461232655868823
2805,2274,HARYANA,SIRSA,Mameran Kalan,7.0,8.91,76.94601714752488,29.31025680820991
17017,11884,PUNJAB,FAZILKA,Tahliwala Jattan,1.8,1.82,74.20931520781608,30.332471688620565
2219,1813,HARYANA,KARNAL,Kachhwa,9.0,8.94,76.90485481833569,29.725123664237252
143,135,PUNJAB,AMRITSAR,Othian,6.0,5.96,74.72827254943367,31.76929655844118
1897,1565,HARYANA,PANIPAT,Dewana,8.0,8.03,76.96348323363569,29.30574323677628
1896,1565,HARYANA,PANIPAT,Dewana,8.0,8.49,76.96844467846005,29.317761841347014
7566,196,PUNJAB,AMRITSAR,Panj graian nijjran,5.0,5.67,74.77373420202325,31.815531397498688
166,158,PUNJAB,AMRITSAR,Chhia karam singh,5.0,4.97,74.70608899979584,31.821709318188052
167,159,PUNJAB,AMRITSAR,Karyal,6.0,5.36,74.69784961864198,31.802137545869424
7053,5677,PUNJAB,FARIDKOT,Machaki mall singh,5.0,4.53,74.74552822969669,30.616764809074315
17272,12018,HARYANA,KURUKSHETRA,Jyotisar,4.5,4.87,76.76287166581153,29.952056502945005
304,285,PUNJAB,AMRITSAR,Bhuregill,9.0,6.84,74.83222296837288,31.862912879016537
163,155,PUNJAB,AMRITSAR,Kot sidhu,4.5,3.69,74.6593562226704,31.788363870685306
20976,15595,PUNJAB,FAZILKA,Andh��wale jodki,6.5,6.09,74.14666940768863,30.43390494786316
22120,16575,HARYANA,KURUKSHETRA,Udarsi,42.0,43.0,76.77911483476746,30.04720726335703
555,498,PUNJAB,AMRITSAR,Sangrawan,14.0,14.68,75.36662593708789,31.507595153636647
917,795,HARYANA,SIRSA,Mithanpura,5.0,4.03,74.66424669388495,29.396928315702525
3052,2465,HARYANA,SIRSA,Thobaria,4.0,4.03,74.66230813375586,29.504057905130075
526,475,PUNJAB,AMRITSAR,Sarangdev,10.0,9.0,74.70456438756825,31.883415081849325
525,474,PUNJAB,AMRITSAR,Sarangdev,14.0,16.97,74.70228356205092,31.88000996153719
18463,13924,HARYANA,KARNAL,Nissing,47.0,47.1,76.76956603520388,29.710906308136288
16727,10888,PUNJAB,MUKTSAR,Ramgarh,3.5,3.53,74.39876962558054,30.477584883264523
15284,10888,PUNJAB,MUKTSAR,Ramgarh,7.0,7.14,74.40743851718814,30.48048170272356
2797,2269,HARYANA,PANIPAT,Dewana,8.5,8.36,76.97643580224026,29.317962897009178
20346,15140,HARYANA,KARNAL,Brass,11.0,11.1,76.76954825207837,29.735345162052255
681,606,HARYANA,KARNAL,Kudak,9.0,9.64,76.90487687543094,29.757743151003663
680,606,HARYANA,KARNAL,Kudak,5.0,4.62,76.90773263092505,29.754918133194177
634,560,HARYANA,KARNAL,Newal,28.0,22.72,77.04404529504903,29.727573983213176
22719,17123,HARYANA,KARNAL,Bajida,62.0,60.19,76.89113126056047,29.708056577117997
3014,2441,HARYANA,SIRSA,Ghukanwali,5.0,4.91,74.8653370710103,29.705905404591046
26530,23334,HARYANA,KURUKSHETRA,Ramsharn majra,18.0,18.14,76.9964266109641,30.09333897864992
22400,16821,PUNJAB,FAZILKA,Chakbanwala,12.8,13.15,74.14114817580644,30.429546639793006
18456,13917,HARYANA,KURUKSHETRA,Srushti majra,18.0,18.22,76.58743446577132,30.01571667455318
23167,17906,HARYANA,KARNAL,Barota,3.0,2.26,76.92618382155598,29.62258614270394
17292,12029,HARYANA,YAMUNANAGAR,Jampur,14.0,12.98,77.22720428086545,30.12085248605218
1008,871,HARYANA,SIRSA,Maujgarh,13.0,13.29,74.73442504137488,29.829714061415203
3098,2495,HARYANA,SIRSA,Odhan,15.0,15.52,74.90687033449366,29.747108944648343
6848,5505,HARYANA,KURUKSHETRA,kharindwa,6.0,5.68,76.9105982217119,30.10679517020248
17035,11894,PUNJAB,MUKTSAR,udekaran,19.046,19.63,74.54932316076311,30.48277953108924
6486,5217,HARYANA,KARNAL,Tusang,2.0,2.69,77.13308931296339,29.884154823681016
899,785,HARYANA,SIRSA,Amritsar khurd,3.0,2.97,74.70189449618118,29.51170490837291
898,785,HARYANA,SIRSA,Amritsar khurd,13.0,13.52,74.6970529706427,29.51048080488964
18258,13817,PUNJAB,MUKTSAR,Sehna khera,12.0,13.78,74.52120551993018,30.049066863022176
18257,13817,PUNJAB,MUKTSAR,Sehna khera,4.0,3.97,74.52814797022818,30.051639099409652
18256,13817,PUNJAB,MUKTSAR,Sehna khera,5.0,5.05,74.52916866504833,30.049707399434347
879,769,HARYANA,SIRSA,Maujgarh,5.0,6.27,74.73348114592618,29.840379763078555
878,769,HARYANA,SIRSA,Maujgarh,6.0,5.13,74.73095222012805,29.849716573688685
19708,14680,HARYANA,KARNAL,Nissing,58.0,58.2,76.82542204629132,29.760425053824523
185,177,PUNJAB,AMRITSAR,Rokhe,7.0,5.63,74.76247145218215,31.80569137724405
5188,4128,HARYANA,KURUKSHETRA,Jainpur jattan,5.0,5.6,77.01303031720616,29.966321987997585
5187,4128,HARYANA,KURUKSHETRA,Jainpur jattan,8.0,7.87,77.02490819335378,29.96761832564176
15472,10989,PUNJAB,MUKTSAR,Sukhna abluo,8.291,9.27,74.62609953701802,30.348151940046765
1723,1425,PUNJAB,BATHINDA,Poohli,26.0,33.32,75.08711514129334,30.302175491000543
2054,1685,HARYANA,KAITHAL,Parbhawat,10.0,8.1,76.29681328360515,29.907559861492828
19707,14679,HARYANA,KARNAL,Sambhli,30.0,30.14,76.80626291568672,29.759591621688013
12929,7250,HARYANA,KAITHAL,Bhunn,12.0,10.13,76.28935904262082,29.988322305374556
10377,7250,HARYANA,KAITHAL,Bhunn,4.0,4.04,76.27679630373055,29.99343623455457
10376,7250,HARYANA,KAITHAL,Bhunn,8.5,7.92,76.282301927152,29.99715270966859
9501,7250,HARYANA,KAITHAL,Bhunn,60.0,61.29,76.28622852526318,29.958155638953052
916,794,HARYANA,SIRSA,Mithanpura,6.0,5.62,74.66510631603086,29.4101950510882
13543,9812,HARYANA,KARNAL,Ramgarh,70.0,69.75,76.74680254875686,29.763750084539893
6577,5297,HARYANA,FATEHABAD,Hassanga,25.0,22.33,75.6209109396592,29.587876916115956
22526,16920,HARYANA,KARNAL,Staundi,3.0,2.79,76.90772631743864,29.581042837268377
906,789,HARYANA,SIRSA,Kisanpura,3.0,2.88,74.65532057704007,29.39529556204464
15505,11007,PUNJAB,MUKTSAR,Ramgar,1.0,0.9,74.38419037767906,30.488365904247537
24587,20538,HARYANA,FATEHABAD,Alika,20.0,19.83,75.41801102829115,29.704235736356736
23205,18029,HARYANA,KURUKSHETRA,Guldhera,13.0,12.88,76.51153180758243,29.961791003387606
22622,17018,HARYANA,KARNAL,Bushli,6.0,5.68,76.95834347881511,29.614673043420673
23299,18183,HARYANA,FATEHABAD,Thrvi,10.0,9.93,75.83568789347339,29.59082411345375
23298,18183,HARYANA,FATEHABAD,Thrvi,12.0,11.52,75.83602043540508,29.59540592122402
23204,18028,HARYANA,KURUKSHETRA,Guldhera,37.0,37.22,76.51828890794081,29.963596423407083
23952,19456,HARYANA,FATEHABAD,Tamaspura,16.0,16.0,75.4913927122857,29.629474833728896
6218,5017,PUNJAB,BARNALA,sanghera,22.0,19.26,75.52612431658495,30.419793468575495
12524,9170,PUNJAB,LUDHIANA,Jangpur,2.5,2.6,75.68315172231783,30.83907593365052
8826,6812,HARYANA,KURUKSHETRA,Sarsa,5.0,4.92,76.65198873897644,29.944442792278863
18268,13826,HARYANA,KAITHAL,Sagroli,5.0,4.83,76.65128159162587,29.805030320565844
15918,11249,HARYANA,YAMUNANAGAR,Bakana,2.5,2.01,77.15152717550583,30.052826838954054
1263,1073,HARYANA,KAITHAL,Ramdaspura,14.0,14.38,76.31812532654553,29.94440144341913
1261,1073,HARYANA,KAITHAL,Ramdaspura,22.0,23.95,76.31254335776121,29.943202781645653
24777,20830,HARYANA,FATEHABAD,Alalwas,20.5,20.44,75.47489674691013,29.722030295434863
6637,5348,HARYANA,KARNAL,Tusang,2.0,1.86,77.11215157451718,29.884095437110105
23261,18099,HARYANA,KARNAL,Jani,5.0,5.1,76.90523883146867,29.61012911410099
14949,4376,HARYANA,KURUKSHETRA,Adhon,17.0,17.04,76.82424658932247,30.018275627751088
20907,15541,HARYANA,FATEHABAD,Haroli,12.0,12.05,75.496538224538,29.666618323112207
23213,18034,HARYANA,KAITHAL,Pharal,8.0,7.82,76.58158811669824,29.844365627765345
14509,10429,HARYANA,KURUKSHETRA,Bhor Saidan,12.0,12.33,76.70406357280638,29.95316254634668
18267,13825,HARYANA,KAITHAL,Sagroli,10.7,10.39,76.65119065419256,29.80696214576374
3106,2503,HARYANA,KARNAL,Jundla (Dadupur ),100.0,126.47,76.87157621727526,29.679891420704056
944,818,HARYANA,KARNAL,Chirao,10.0,12.32,76.90699079411313,29.666998517641087
942,818,HARYANA,KARNAL,Chirao,5.0,4.37,76.908277124623,29.66169137140967
941,818,HARYANA,KARNAL,Chirao,10.0,10.08,76.9142821613199,29.680530204833943
23308,18192,HARYANA,FATEHABAD,Sardarewala,21.0,20.0,75.49062445861568,29.7779730967009
11986,8794,HARYANA,FATEHABAD,Laali,31.0,31.27,75.48770635805633,29.685131766632793
16976,11864,PUNJAB,BARNALA,sanghera,18.0,17.39,75.57176874481536,30.40557191411973
22396,16820,PUNJAB,FAZILKA,Chak banwala,6.3,6.21,74.13719605891247,30.42580134973178
12196,8946,HARYANA,KARNAL,khora kheri,10.0,7.45,76.91907134607628,29.526029194284057
3120,2509,HARYANA,PANIPAT,Sewah,10.0,8.46,76.96406126352123,29.324188374031145
6205,5005,PUNJAB,MUKTSAR,channu,2.0,1.44,74.59545406649463,30.09732753637119
1967,1618,HARYANA,SIRSA,Kirpal patti,8.0,6.99,74.75124208640044,29.483478822936636
22507,16907,HARYANA,KURUKSHETRA,Adhoni,55.0,56.29,76.83390917599611,30.041703591443675
1076,924,HARYANA,KAITHAL,Kangthali,11.0,8.26,76.34569533080672,29.938415731195825
451,410,PUNJAB,TARN_TARAN,Gunowal,11.0,7.84,75.04998803634103,31.555646258683417
654,575,PUNJAB,AMRITSAR,Kotla bathungarh,8.0,7.04,75.11770208705764,31.577919010971193
2358,1920,HARYANA,SONIPAT,Bhainswan khurd,15.0,13.26,76.67594097661411,29.0651687608426
15228,10857,HARYANA,KARNAL,Chogawan,2.0,1.96,77.20665447946483,29.921291982596713
15224,10857,HARYANA,KARNAL,Chogawan,4.7,4.68,77.2063677588322,29.930219387170983
9177,7032,HARYANA,KARNAL,Bhoji,8.0,8.12,77.108941048298,29.91869790902077
1287,1094,PUNJAB,MANSA,Kishangarh,5.5,5.24,75.7437590792515,29.884586881307104
384,353,PUNJAB,AMRITSAR,Mohan bhandarian,9.5,9.28,74.90940064488936,31.85741296415768
23225,18061,HARYANA,FATEHABAD,Thrwa,8.0,7.48,75.84484500714939,29.617682569035967
26312,23062,HARYANA,KARNAL,Hinori,12.0,12.75,77.09183437052401,29.940031836136583
26311,23062,HARYANA,KARNAL,Hinori,10.0,10.34,77.10233404971319,29.939655202206083
14417,10371,HARYANA,KARNAL,Goudha,4.0,3.99,76.69917426208357,29.7585060095826
14416,10371,HARYANA,KARNAL,Goudha,21.5,21.67,76.69895126757821,29.753414344077783
1018,879,PUNJAB,TARN_TARAN,Chhajalwindi,12.0,12.62,75.09132115841443,31.537962215222684
2632,2134,HARYANA,PANIPAT,Bhaupur,53.0,60.48,76.82789679140474,29.32446518480305
22394,16818,PUNJAB,FAZILKA,Abhun,2.7,3.19,74.11892656457064,30.42198818190317
13155,9575,HARYANA,KARNAL,Gonder,47.0,46.51,76.80491625478646,29.86272705537776
8625,6675,PUNJAB,MUKTSAR,Lohara,12.166,11.44,74.66798918498354,30.360744404381546
25534,21963,HARYANA,KARNAL,Barthal,16.0,16.24,76.87722655091531,29.879348363466587
641,565,HARYANA,KARNAL,Kachhwa,3.5,3.61,76.90146513475251,29.71591327535572
411,377,PUNJAB,TARN_TARAN,Naraingarh,11.0,13.5,75.09747797207109,31.574735143694163
1179,1006,HARYANA,PANIPAT,Nara,6.0,4.84,76.76662196271877,29.395520499932186
19991,14893,HARYANA,KARNAL,Bhushli,1.5,1.64,76.94360216749944,29.611313637669163
18909,14189,HARYANA,YAMUNANAGAR,Thana chhaper,1.6,1.62,77.17821353373543,30.216426550610812
6822,5485,PUNJAB,FARIDKOT,Machaki mall singh,3.0,3.33,74.75360792286973,30.64488295960586
26389,23139,HARYANA,SIRSA,Rasulapur,20.0,19.73,75.14812944226844,29.56425337215994
26388,23139,HARYANA,SIRSA,Rasulapur,23.5,21.21,75.19235843346225,29.538411371400485
1715,1420,HARYANA,KAITHAL,Rasulpur,20.0,16.83,76.39813488666384,29.932239046090665
4281,3400,HARYANA,SIRSA,Dumdma,7.0,7.18,74.66511596372668,29.564949789830298
22827,17234,HARYANA,KARNAL,Budanpur,15.2,15.04,76.89580753105959,29.60274785343865
1162,992,HARYANA,KARNAL,Aunghd,8.0,7.86,76.81857250552298,29.674594596687147
1161,992,HARYANA,KARNAL,Aunghd,10.0,11.92,76.817586328149,29.67206629775264
23589,18723,HARYANA,FATEHABAD,Ratakhera,4.2,3.96,75.52192181714074,29.66864424297443
19687,14669,PUNJAB,BARNALA,dhanuala,65.0,64.37,75.55447702755893,30.331567476304443
22824,17231,HARYANA,KARNAL,Budanpur,13.5,14.21,76.90307220434954,29.60439001529773
5433,4345,PUNJAB,PATIALA,Kahangargh,40.0,36.6,76.17917706084391,30.181069963395785
5560,4445,HARYANA,FATEHABAD,Dhani thoba,16.0,17.95,75.44797692270089,29.56159498137183
23384,18269,HARYANA,KARNAL,Pakka khera,53.0,53.06,76.77596049222933,29.600876268316387
7456,6141,PUNJAB,BARNALA,Karamgarh,15.0,16.4,75.60328369232876,30.422728980831373
2361,1923,HARYANA,SIRSA,Ghukanwali,4.0,3.64,74.86411076732973,29.71187104946615
11983,8792,HARYANA,FATEHABAD,Jallopur,10.0,9.73,75.49705184165211,29.691190043235725
5625,4495,PUNJAB,PATIALA,kaleva,40.0,46.53,76.43231380942412,30.42302966063577
1068,920,HARYANA,KAITHAL,Sotha,10.0,8.99,76.33216918177985,29.93494358106243
1067,920,HARYANA,KAITHAL,Sotha,7.0,6.96,76.34389643690923,29.930452140994987
996,865,HARYANA,KARNAL,Naru kheri,3.0,2.26,76.9102888087854,29.65489653157297
5836,4666,HARYANA,FATEHABAD,Haroli,10.0,9.36,75.45250367793079,29.654207449989546
12349,9061,PUNJAB,LUDHIANA,Birmi,11.0,13.82,75.71659688766219,30.908535414118536
5567,4452,HARYANA,FATEHABAD,Chankothi,12.0,11.41,75.45427843843034,29.59837648906238
7787,2586,HARYANA,FATEHABAD,Haroli,11.0,10.2,75.44578512006079,29.666929792349336
3229,2586,HARYANA,FATEHABAD,Haroli,18.0,17.52,75.45743287695771,29.649842084623653
9111,6988,HARYANA,FATEHABAD,Phoolan,18.0,16.28,75.51572378561976,29.61558991161343
3168,2541,HARYANA,JIND,Smalpur,36.0,36.76,76.06442193772902,29.60853150837857
13704,9917,HARYANA,KARNAL,Aogandh,28.0,28.56,76.828158117391,29.671744842381965
12003,8805,PUNJAB,LUDHIANA,Phagla,3.0,3.53,75.70272128744881,30.923091608328622
17274,12019,HARYANA,KURUKSHETRA,Jyotisar,8.0,7.87,76.7492994410021,29.96747976734631
17273,12019,HARYANA,KURUKSHETRA,Jyotisar,22.0,21.84,76.78282442976122,29.964878070292528
22021,16506,HARYANA,KARNAL,Gonder,52.0,50.85,76.72341929088626,29.62120313085336
26201,22932,PUNJAB,BARNALA,Gagewal,3.0,2.94,75.48442548084668,30.581321924933864
3148,2525,HARYANA,PANIPAT,Namunda,9.0,8.96,76.95781994785546,29.226069465804045
3147,2525,HARYANA,PANIPAT,Namunda,4.0,3.1,76.94690076377576,29.23239891652583
3145,2525,HARYANA,PANIPAT,Namunda,5.0,4.57,76.94870625584515,29.2356677511958
2346,1910,HARYANA,KAITHAL,Chakku,90.0,87.6,76.25346975768493,29.912091824062756
12250,8987,HARYANA,KARNAL,Gudha,10.0,8.11,76.9372319240883,29.50248309823485
12206,8954,HARYANA,JIND,Dumarkha,33.0,33.05,76.149260917156,29.551909824003065
24342,20136,HARYANA,KARNAL,Picholiya,32.0,32.12,76.8749640252413,29.604759011661784
20348,15142,HARYANA,KARNAL,Brass,60.0,59.39,76.76085388623785,29.729748020444504
21088,15679,PUNJAB,MUKTSAR,Chak madrassa,9.0,8.76,74.35774766664474,30.474549734251855
16417,11564,PUNJAB,BARNALA,sanghera,60.0,59.6,75.56170748559283,30.39022146185472
2453,1992,HARYANA,FATEHABAD,Haroli,1.0,1.32,75.44685017480651,29.652385665197254
9019,6763,HARYANA,FATEHABAD,RATIA bharpur,33.0,32.65,75.50879657450365,29.623233328573633
21071,15663,HARYANA,YAMUNANAGAR,Khajuri,12.7,12.52,77.17177589889313,30.074197573877463
22325,16752,HARYANA,KARNAL,Birchpur,2.0,2.27,76.91420957583033,29.606085832780515
22324,16752,HARYANA,KARNAL,Birchpur,7.0,6.42,76.9108629970218,29.60672845777736
22323,16752,HARYANA,KARNAL,Birchpur,3.5,3.36,76.92823691613326,29.610525613626137
22322,16752,HARYANA,KARNAL,Birchpur,22.0,21.71,76.92711351753498,29.60751629015436
14807,10602,HARYANA,KARNAL,Dhanokheri,3.8,3.8,77.13357621438197,29.948810489843183
14805,10602,HARYANA,KARNAL,Dhanokheri,9.0,8.81,77.13043595523136,29.951515331091677
1154,989,HARYANA,KARNAL,Aunghd,4.0,4.25,76.8190089563757,29.685692446251284
25400,21819,HARYANA,KARNAL,Gogripur,26.0,24.69,76.94633724663561,29.635701128630824
16794,11787,HARYANA,FATEHABAD,Khumber,25.0,24.08,75.43414367941318,29.63854157678826
9826,7466,HARYANA,KURUKSHETRA,Khedi dabdhlan,2.0,1.71,77.09130971317296,30.00747481468927
23719,18923,HARYANA,KURUKSHETRA,Jhingerpur,18.0,18.28,76.71863537692936,29.882308407588138
23701,18923,HARYANA,KURUKSHETRA,Jhingerpur,23.0,23.17,76.72583469582862,29.878602729154032
16532,11632,HARYANA,KURUKSHETRA,Dabkheri,7.5,7.68,76.76604717559174,29.997359118394193
14071,10155,PUNJAB,MUKTSAR,sukhan abluo,23.958,23.79,74.65405303311785,30.339874091476723
16271,11476,HARYANA,KAITHAL,Kaul,5.0,4.83,76.62981405471669,29.830814658997294
20458,15228,HARYANA,KARNAL,Samalkha,9.5,10.13,76.92734196337008,29.61490693724289
1248,1065,HARYANA,KAITHAL,Siwan,9.0,7.82,76.36797038650555,29.922544878669736
4765,3778,HARYANA,KARNAL,Ranwar,16.0,18.85,77.02575245146525,29.64668055546176
1223,1047,HARYANA,SIRSA,Moju Khera,3.0,2.81,74.73057228979198,29.454741163489583
12362,9073,PUNJAB,LUDHIANA,Tiba,3.5,2.99,75.94402131764811,30.815901274196737
3152,2529,HARYANA,PANIPAT,Namunda,19.5,16.78,76.93820337118422,29.225117106656462
7037,5661,PUNJAB,MANSA,Chak alisher,1.042,1.03,75.62791511174525,29.77012747828612
22402,16824,PUNJAB,MUKTSAR,Balamgarh,9.2,9.88,74.41431030537376,30.472820472143713
20765,15450,PUNJAB,MUKTSAR,Badal,13.0,12.81,74.64921963082875,30.069895401030585
20764,15450,PUNJAB,MUKTSAR,Badal,10.5,10.24,74.65446617744436,30.073475223336185
20763,15450,PUNJAB,MUKTSAR,Badal,29.0,30.14,74.65894395704463,30.07218631676053
20762,15450,PUNJAB,MUKTSAR,Badal,40.0,39.71,74.67217857181066,30.075901858035632
20761,15450,PUNJAB,MUKTSAR,Badal,55.0,54.33,74.66355241945242,30.066737427775735
20760,15450,PUNJAB,MUKTSAR,Badal,52.2,52.26,74.66675619397411,30.06734593067428
3072,2476,HARYANA,KARNAL,Gonder,18.0,17.96,76.74953675525803,29.62342988634785
8156,6346,HARYANA,FATEHABAD,Buthan,3.0,2.96,75.57832055515841,29.560771772255183
20032,14712,PUNJAB,MUKTSAR,Madrassa,1.1,1.09,74.35700167567856,30.42736646519388
20031,14712,PUNJAB,MUKTSAR,Madrassa,5.9,6.14,74.3564682370416,30.42968722247819
19755,14712,PUNJAB,MUKTSAR,Madrassa,1.0,1.01,74.35507428436487,30.458706214584396
19754,14712,PUNJAB,MUKTSAR,Madrassa,13.5,13.27,74.357930743605,30.458932611022433
5179,4120,HARYANA,KARNAL,Gonder,4.0,4.06,76.73587933430656,29.64038566427019
22511,16910,HARYANA,KARNAL,Peont,52.0,49.1,76.77354675890236,29.635183097780494
16684,11719,HARYANA,KARNAL,Nissing,53.0,51.0,76.70023191117488,29.587690987058043
327,307,HARYANA,KARNAL,Sagga,25.0,27.76,76.86056384851132,29.760936843425856
12355,9067,PUNJAB,LUDHIANA,Bhatiyan dhaha,12.0,12.19,75.67245529812728,30.909554259199453
3205,2569,HARYANA,SIRSA,Khai shergarh,10.0,9.64,74.91936765686219,29.71705273944524
26129,22816,HARYANA,KURUKSHETRA,Antheri,30.0,29.06,76.95277378882191,29.99721838013655
26100,22791,HARYANA,KARNAL,Gogripur,22.0,22.17,76.94372716724013,29.6377557848629
5760,4606,HARYANA,FATEHABAD,Binja lamba dhani,12.0,12.12,75.49314494832188,29.597337677570504
26128,22815,HARYANA,KURUKSHETRA,Antheri,33.0,33.47,76.96467587321396,30.00290599149793
2508,2036,HARYANA,PANIPAT,Binjol,9.0,10.08,76.9279387100534,29.35369348032574
26347,23087,HARYANA,KARNAL,Gonder,54.0,53.95,76.75439833697173,29.66952234542011
1280,1087,PUNJAB,GURDASPUR,Dabbawal,7.0,5.42,75.13856516703845,31.826421194136103
25976,22543,HARYANA,KURUKSHETRA,Mangoli jattan,13.0,12.73,77.03950472615878,30.12133522364159
26332,23075,HARYANA,KAITHAL,Kheri Sakra,24.5,24.34,76.66834306246332,29.809152508659206
1150,985,HARYANA,SIRSA,Mehna khera,20.0,19.39,74.75877924905411,29.42752492380881
26384,23129,PUNJAB,MANSA,Fatta maloka,2.0,1.14,75.29176502868847,29.769322575360267
26383,23129,PUNJAB,MANSA,Fatta maloka,9.0,8.82,75.31156528741126,29.75694614525786
2473,2008,HARYANA,KARNAL,Bansa,4.0,4.4,76.84883931777827,29.62685566230879
23833,19255,HARYANA,KARNAL,Picholiya,12.0,11.36,76.8819614736598,29.60433846759006
17683,13484,HARYANA,KARNAL,Goudha,12.0,12.05,76.69087100926929,29.75571388754994
23300,18184,HARYANA,FATEHABAD,Thrvi,28.5,27.63,75.83483376475043,29.589115874519244
15012,10736,PUNJAB,FEROZEPUR,Jlalwala,2.0,1.92,74.53494999050554,30.938484400955325
20898,15538,HARYANA,KURUKSHETRA,Chhapra,3.7,3.61,77.0615845318594,30.08853942512195
25989,22552,HARYANA,KAITHAL,Sach,14.0,12.26,76.67905563302602,29.729256253403484
8027,6273,HARYANA,KURUKSHETRA,Samashpur,5.0,5.13,76.73832078360384,29.97571500957184
3397,2721,HARYANA,PANIPAT,Sutana,17.0,14.89,76.87218416766822,29.362906677214117
3396,2721,HARYANA,PANIPAT,Sutana,8.0,7.56,76.85698163200155,29.37923417257763
19757,14714,PUNJAB,FAZILKA,Kandwala Hazar khan,5.493,5.4,74.19983708597965,30.32396266116091
19035,14269,PUNJAB,FAZILKA,Chakjandwala,7.5,6.43,74.30502772592241,30.501460642269382
19034,14269,PUNJAB,FAZILKA,Chakjandwala,2.2,2.3,74.30608252771187,30.50532652798314
19033,14269,PUNJAB,FAZILKA,Chakjandwala,11.6,11.55,74.3087369932588,30.504965878251
19032,14269,PUNJAB,FAZILKA,Chakjandwala,22.35,25.58,74.30784963620496,30.50281180691367
3362,2694,HARYANA,KAITHAL,Khedilamba,2.0,2.08,76.22827119574114,29.703346397638164
1426,1207,HARYANA,SIRSA,Moju Khera,4.0,3.44,74.72953651597005,29.44753400842938
794,700,HARYANA,SIRSA,Ganga,10.0,8.08,74.63648667267663,29.773265597781407
13808,9613,PUNJAB,LUDHIANA,Pameli,1.0,1.04,75.74205038587128,30.821852446670395
19733,14690,HARYANA,KARNAL,Jamlapur,9.5,9.79,77.0250717601092,29.541470769998348
19732,14690,HARYANA,KARNAL,Jamlapur,8.0,8.99,77.01105050505407,29.546160243736892
8008,6260,HARYANA,KURUKSHETRA,Samaspur,13.0,11.37,76.73489027879943,29.971867243591554
5663,4522,HARYANA,KARNAL,Naru kheri,3.0,3.61,76.88717629246949,29.64755334184369
21855,16337,PUNJAB,MUKTSAR,Panniwala fatta,4.6,5.33,74.30822600514752,30.30275331537981
14477,10411,HARYANA,KARNAL,Dhanokheri,3.0,3.03,77.11630269797008,29.956758019796354
16603,11673,PUNJAB,MUKTSAR,Lambi,3.5,3.31,74.61473160565954,30.061967953109203
2765,2244,HARYANA,SIRSA,Khai shergarh,5.0,5.0,74.86798097637563,29.707402687321533
5628,4498,PUNJAB,PATIALA,kalwa,35.0,43.67,76.42837970815168,30.415831728717308
4620,3651,HARYANA,KARNAL,Sugga,5.0,5.26,76.84715896008959,29.77355011020387
23216,5230,HARYANA,KARNAL,Birajpur,4.0,3.9,76.92567417072371,29.615233280143077
2566,2081,PUNJAB,BATHINDA,Harraipur,19.0,21.38,75.00906616742442,30.314393559242166
21962,16441,HARYANA,KARNAL,Bijna,8.0,8.5,76.92438689206081,29.593254856831553
783,691,HARYANA,SIRSA,Amritsar,13.0,10.37,74.67819602148575,29.49229726444292
3239,2596,HARYANA,KAITHAL,Bhuna,53.0,47.23,76.3413734845858,29.962330049202116
11537,8502,PUNJAB,LUDHIANA,Malakpur bet,2.0,1.76,75.7394321118399,30.92578890269319
20822,15489,PUNJAB,MUKTSAR,Chippa wali,3.017,3.02,74.4885886458236,30.15741219043919
20821,15489,PUNJAB,MUKTSAR,Chippa wali,15.152,15.17,74.4927074519979,30.157914723836484
20820,15489,PUNJAB,MUKTSAR,Chippa wali,12.803,12.8,74.49747654427311,30.162115609620244
17032,11892,PUNJAB,MUKTSAR,udekaran,4.006,4.04,74.55419256928974,30.46694658226424
17031,11892,PUNJAB,MUKTSAR,udekaran,9.065,9.06,74.55172828621616,30.47193551709015
25083,21337,HARYANA,KARNAL,Birchpur,19.5,19.13,76.91691572375876,29.6171305257667
22812,17219,HARYANA,KARNAL,Kheri Maan singh,41.8,42.39,76.99194275326477,29.82690723446802
6484,5216,HARYANA,KARNAL,Tusang,0.5,0.54,77.13001605161172,29.883278375935248
6469,5206,PUNJAB,MUKTSAR,channu,4.4,4.48,74.60278766133055,30.100419541698265
3567,2848,HARYANA,JIND,Lochab,16.0,18.6,76.45171648518057,29.365102707938664
13347,9695,HARYANA,KARNAL,Ramgarh,30.0,30.02,76.74136723980243,29.7679644442727
23951,19455,HARYANA,FATEHABAD,Jandwala sotter,18.0,17.13,75.47967482004388,29.6148972099285
5816,4646,PUNJAB,LUDHIANA,Kalsan,6.0,6.85,75.55225718413404,30.586688664790294
15513,11013,PUNJAB,MUKTSAR,Ramgarh,5.0,4.96,74.39377713665999,30.4880768581278
2638,2138,HARYANA,PANIPAT,Karad,11.0,10.3,76.83089345148055,29.308980857501357
24074,19747,HARYANA,YAMUNANAGAR,Harnouli,3.2,3.18,77.29910011465952,30.21926940294163
2640,2140,HARYANA,SIRSA,Kesupura,7.0,8.43,74.84976208021277,29.445922287969616
2187,1785,HARYANA,KURUKSHETRA,Indbari,35.0,37.64,76.73838154073503,29.959036227247253
939,817,HARYANA,KARNAL,Chirao,7.0,6.78,76.91791857378733,29.67957770586075
4994,3966,HARYANA,SIRSA,Sant Nagar,14.0,14.36,74.71883778431865,29.533506381974284
5810,4640,HARYANA,KURUKSHETRA,berthala,5.0,5.07,76.97729183825527,30.13838142794225
18259,13818,PUNJAB,MUKTSAR,Sehna khera.,22.0,22.71,74.5324726102643,30.04902482820538
17365,13325,PUNJAB,FAZILKA,Chak jandwala,12.0,11.62,74.31349013448117,30.503879685878317
1578,1321,HARYANA,SIRSA,Musli,27.0,27.03,74.76063871123998,29.456857239619335
1577,1321,HARYANA,SIRSA,Musli,10.0,8.04,74.75827441361379,29.449749507572783
1233,1054,PUNJAB,TARN_TARAN,Hardo sarli,15.0,7.51,75.10725526602877,31.50582977098065
2969,2402,HARYANA,SIRSA,Thobaria,8.0,9.11,74.66154581564581,29.50623205385294
2968,2402,HARYANA,SIRSA,Thobaria,2.0,1.79,74.66396772284882,29.505650272251376
694,615,HARYANA,KARNAL,Bastli,20.0,14.53,76.70848943171792,29.73940353136279
10170,7698,HARYANA,KURUKSHETRA,Hasanpru,45.0,47.41,76.76653271385163,30.018794826895594
8165,6351,HARYANA,KURUKSHETRA,Sarsa,10.0,9.99,76.67072205611537,29.96324952825824
11545,8508,HARYANA,KURUKSHETRA,Mangna,28.0,27.68,76.48709927916062,29.941334441643065
17270,12016,PUNJAB,MUKTSAR,Inna khera,5.0,5.01,74.48076429184762,30.228516266222552
3080,2482,HARYANA,KAITHAL,Paharpur,8.0,7.3,76.29200475080151,29.916714998482444
1541,1296,HARYANA,SIRSA,Moju Khera,15.0,19.36,74.7233593141872,29.488804906265923
1648,1377,HARYANA,KARNAL,Kheri Naru,12.0,12.22,76.9075714453688,29.640097237230425
16785,11781,HARYANA,KURUKSHETRA,Mirzapur,10.0,10.35,76.80459078070731,29.954412877148485
1706,1413,PUNJAB,BATHINDA,Poohla,20.0,14.12,75.06000910071072,30.310795528435182
13326,9681,HARYANA,KURUKSHETRA,Jandhera,5.5,5.46,77.12896828135591,30.09189390443559
3081,2483,HARYANA,KAITHAL,Pahadpur,4.0,3.0,76.29150141312851,29.91577113778146
16288,11486,PUNJAB,MUKTSAR,Ramgarh,1.5,1.49,74.40193175174436,30.482925364191747
11584,7795,HARYANA,KAITHAL,Ahun,13.0,13.23,76.69675667310496,29.790326745012035
10395,7795,HARYANA,KAITHAL,Ahun,5.0,5.18,76.69375025475654,29.79087860397498
3042,2459,HARYANA,PANIPAT,Nohra,9.0,9.84,76.91319112062803,29.41782904452272
7911,1332,HARYANA,KAITHAL,Harnola,3.0,2.57,76.31405885218979,29.926188119052753
1595,1332,HARYANA,KAITHAL,Harnola,3.0,2.84,76.31293939589126,29.925349508947296
1594,1332,HARYANA,KAITHAL,Harnola,3.0,3.06,76.31348315453822,29.924020285914057
2939,2379,HARYANA,JIND,Kandela,3.0,2.98,76.3454522772313,29.36847830641988
3024,2450,HARYANA,JIND,Raichandwala,8.0,7.79,76.42225302591953,29.39452222330164
7917,1432,HARYANA,FATEHABAD,Haroli,10.0,9.66,75.45600603565835,29.662283567618974
1730,1432,HARYANA,FATEHABAD,Haroli,6.0,4.7,75.45645351554249,29.66046496624317
6786,5459,HARYANA,KURUKSHETRA,guhan,4.0,4.86,76.9915649314143,30.054418832607816
1537,1294,HARYANA,SIRSA,Moju Khera,7.0,6.21,74.73625630966936,29.47087072961733
1535,1294,HARYANA,SIRSA,Moju Khera,34.0,33.94,74.72649389336722,29.485705608385597
1475,1250,HARYANA,PANIPAT,Seenk,12.0,13.09,76.64729791510176,29.332483277906217
12879,9403,HARYANA,KURUKSHETRA,Sujri,23.1,23.69,76.93748152881261,30.088108192044768
12344,9056,PUNJAB,LUDHIANA,Birmi,10.0,10.77,75.72020936693298,30.92197513792212
24353,20141,HARYANA,KURUKSHETRA,Dola majra,12.0,12.25,76.84766637766162,30.105932609041133
8596,6651,HARYANA,KURUKSHETRA,Janpur jattan,10.0,11.2,77.0329810285174,29.980800558404383
13250,9628,HARYANA,KURUKSHETRA,Barwa,10.0,10.15,76.76099309653594,29.9213551319161
13823,9998,HARYANA,KURUKSHETRA,Jandhara,30.5,30.19,77.10524036772092,29.99735046175934
6952,5589,HARYANA,KURUKSHETRA,berthali,3.0,3.25,76.98444699334875,30.141677433026388
6951,5589,HARYANA,KURUKSHETRA,berthali,2.0,1.95,76.98692508732523,30.1421517503477
9673,7365,HARYANA,KURUKSHETRA,Dayalpur,65.0,64.72,76.82810636020467,29.929461514616307
7997,6252,HARYANA,KURUKSHETRA,Isheredri,1.0,1.05,76.96820295628672,30.123949941550535
24610,20600,HARYANA,YAMUNANAGAR,Neshera,7.0,7.14,77.23991324854099,30.37817357050547
1711,1417,PUNJAB,BATHINDA,Poohla,11.0,11.56,75.07308446325999,30.30462616166025
23652,18900,HARYANA,KAITHAL,Khanoda,8.0,8.0,76.53631376187397,29.829536573541315
23651,18900,HARYANA,KAITHAL,Khanoda,6.0,5.83,76.53610678898086,29.82815175595701
7782,5473,HARYANA,KURUKSHETRA,Kharindwa,5.0,4.68,76.92002658699423,30.10693569085202
6804,5473,HARYANA,KURUKSHETRA,Kharindwa,2.4,2.15,76.93387420927858,30.120263809878516
1004,869,HARYANA,SIRSA,Maujgarh,7.0,4.79,74.71004034101553,29.84511100031356
12565,9198,HARYANA,KURUKSHETRA,Jogi majra,12.7,12.87,77.07659584980549,30.0679954218323
12564,9198,HARYANA,KURUKSHETRA,Jogi majra,10.0,10.15,77.07176941950227,30.068210620706033
10063,7606,HARYANA,KURUKSHETRA,Mangoli,4.0,3.77,77.03124141097054,30.139320382031077
10044,7606,HARYANA,KURUKSHETRA,Mangoli,30.0,34.11,77.03264568477057,30.1188946738758
7535,6193,HARYANA,SIRSA,Ghukanwali,42.0,41.42,76.21738514928882,29.988552924098062
26661,23471,PUNJAB,BATHINDA,Chak bakhtu,1.5,1.43,75.13118327770361,30.19287359357855
26660,23471,PUNJAB,BATHINDA,Chak bakhtu,14.0,11.07,75.13490339623436,30.19409054809887
9217,7059,PUNJAB,MANSA,Kulrian,18.633,18.44,75.67147081421594,29.78160325129894
3422,2739,HARYANA,KURUKSHETRA,Balahi,18.0,23.14,76.75904762146557,29.987947391683228
9756,7419,HARYANA,KURUKSHETRA,Suraa,1.0,1.08,77.09375962406376,30.027512443184925
9755,7419,HARYANA,KURUKSHETRA,Suraa,3.4,3.27,77.09015689318991,30.02838472421199
26345,23085,HARYANA,FATEHABAD,Sukhlampur,30.0,28.67,75.59439022455282,29.643583129470215
6935,5577,HARYANA,KURUKSHETRA,Mangoli rangdan,10.0,10.27,77.01800475006637,30.140177534305877
11555,8515,HARYANA,SIRSA,Talwara khurd,2.1,2.1,74.63848710939529,29.499518977144422
7525,6184,PUNJAB,FAZILKA,Dhani sucha singh,6.0,5.55,74.26909682140237,30.141619378323988
1065,919,HARYANA,KARNAL,Hathlana,9.5,8.49,76.85496195589354,29.68593577947845
2322,1891,HARYANA,KAITHAL,Chakku,2.0,1.96,76.27163313418716,29.92028412663586
2321,1891,HARYANA,KAITHAL,Chakku,6.0,5.11,76.27165530197547,29.92239865517469
11366,8399,HARYANA,SIRSA,Haripura,10.94,10.92,74.68219841869275,29.550538058055498
26003,22569,PUNJAB,LUDHIANA,Talwara,45.0,44.69,75.53544376448761,30.959388988399382
27061,3765,HARYANA,SIRSA,Shikandar pur,35.0,36.33,74.92896999340127,29.52656957374602
10477,7839,HARYANA,YAMUNANAGAR,Haibatpur,5.4,5.45,77.23045808515627,30.301866485225947
11480,8462,HARYANA,KURUKSHETRA,Nalvi,13.6,13.18,76.76586950915876,30.18429511932312
11479,8462,HARYANA,KURUKSHETRA,Nalvi,14.6,14.14,76.76340385729127,30.191086360736616
11478,8462,HARYANA,KURUKSHETRA,Nalvi,14.9,14.76,76.77171147412507,30.179777210072047
26295,23051,PUNJAB,FEROZEPUR,Bagge ke pipal,0.9,0.96,74.70551754952749,30.97292891981997
26294,23051,PUNJAB,FEROZEPUR,Bagge ke pipal,8.6,8.18,74.67751507446289,30.935015884338704
26293,23051,PUNJAB,FEROZEPUR,Bagge ke pipal,4.7,4.51,74.71057692467556,30.97130336504146
12527,9172,PUNJAB,LUDHIANA,Jangpur,5.0,6.65,75.67005034302224,30.8293175420168
12526,9172,PUNJAB,LUDHIANA,Jangpur,7.5,9.6,75.67499392590292,30.82902376486874
1848,1521,HARYANA,KAITHAL,Kalayat,10.0,8.16,76.26279715948266,29.64493305954192
13809,9990,PUNJAB,LUDHIANA,Alamgir,4.5,4.42,75.84704524494546,30.81699142549214
25935,22502,PUNJAB,BARNALA,Moom,9.0,9.08,75.50831326094419,30.55494689230218
1857,1530,PUNJAB,BATHINDA,Nathana,9.0,7.57,75.11012764771978,30.31083298520747
25105,21349,HARYANA,KURUKSHETRA,Jorasi kalan,55.0,55.46,76.59356144104345,30.020777589033596
9115,6990,HARYANA,KURUKSHETRA,Charuni,8.0,7.27,76.85656230375032,30.105642798361483
1428,1208,HARYANA,SIRSA,Moju Khera,4.0,2.62,74.72834372038527,29.448191190693564
1427,1208,HARYANA,SIRSA,Moju Khera,6.0,5.82,74.73163381009033,29.468552059289586
13236,9620,PUNJAB,LUDHIANA,Pameli,2.4,2.46,75.74773648970525,30.822217686283505
18315,13846,PUNJAB,MUKTSAR,Madrassa,3.0,3.09,74.37038386983399,30.460529309494376
18314,13846,PUNJAB,MUKTSAR,Madrassa,4.0,3.7,74.37186534989559,30.45922479273787
16729,11749,PUNJAB,MUKTSAR,Ramgarh,4.5,4.48,74.4015504035397,30.475845447510533
12345,9057,PUNJAB,LUDHIANA,Birmi,10.0,10.42,75.715691498374,30.923995637819523
26470,23236,PUNJAB,BATHINDA,Lehra mohabat,18.0,18.91,75.15256487407673,30.258981296470655
13807,9989,PUNJAB,LUDHIANA,Alamgir,3.0,2.87,75.85283987582125,30.81860088932306
15296,10895,PUNJAB,MUKTSAR,Shivraj singh,14.0,14.66,74.38881787936702,30.500364434001433
13207,9596,PUNJAB,LUDHIANA,Pamali,1.5,1.48,75.74828093003885,30.822575517493817
26156,22839,PUNJAB,LUDHIANA,Barsal,18.0,16.84,75.53120453527418,30.865580625896285
26517,23323,PUNJAB,MANSA,Bhamme kalan,39.0,38.73,75.37296309702172,29.87979610569071
26516,23323,PUNJAB,MANSA,Bhamme kalan,7.0,7.53,75.36462598501787,29.869588927012032
25530,21954,HARYANA,KURUKSHETRA,Bartoli,5.0,5.15,77.0483437795703,30.096166324375
9497,7246,PUNJAB,MANSA,Sherkhanwala,16.3,16.28,75.5675904477453,29.81987466344537
9496,7246,PUNJAB,MANSA,Sherkhanwala,22.0,21.9,75.56131722593979,29.820399643503876
16927,11838,PUNJAB,MUKTSAR,Adhnian,6.0,4.66,74.52404863528719,30.07234343176795
16926,11838,PUNJAB,MUKTSAR,Adhnian,13.5,14.02,74.53117632869521,30.07482484835614
16925,11838,PUNJAB,MUKTSAR,Adhnian,27.0,25.39,74.5258501512516,30.07729800449471
12002,8804,PUNJAB,LUDHIANA,Bassemi,3.0,3.19,75.71119254064612,30.916000023890337
1348,1139,HARYANA,PANIPAT,Binjol,10.0,9.1,76.92221813356556,29.35624655915346
25487,21927,PUNJAB,BARNALA,Dhaner,30.0,29.81,75.51624105042451,30.56211323305822
20099,14952,PUNJAB,MUKTSAR,Adhnian,6.5,6.71,74.53738506605171,30.064441395356525
10908,8118,HARYANA,KARNAL,Chhaper,7.529,7.54,77.07195632195399,29.93530825606626
26455,23219,HARYANA,SIRSA,Kirarkot,20.0,22.23,75.11144128817358,29.635041889904347
24559,20473,PUNJAB,MANSA,Bhamme khurd,20.0,20.06,75.35688928909751,29.8518629349141
24558,20473,PUNJAB,MANSA,Bhamme khurd,22.0,22.01,75.3585632800517,29.863957136381178
26619,23432,HARYANA,KARNAL,Birchpur,21.0,21.19,76.96986712327703,29.65721097692976
26637,23444,HARYANA,KARNAL,Sultanpur,53.2,53.08,76.92074215434727,29.759931156480803
1891,1561,HARYANA,PANIPAT,Sewah,9.0,9.63,76.97484487427957,29.324452628280746
1853,1526,HARYANA,KAITHAL,Kharak pandwa,8.0,8.93,76.28964538935153,29.692304142736916
7833,1522,HARYANA,KAITHAL,Kharak pandwa,2.0,1.55,76.2790237339315,29.703384113966393
1849,1522,HARYANA,KAITHAL,Kharak pandwa,4.0,3.09,76.28789052096711,29.69201742577372
24643,20649,HARYANA,KARNAL,Sanwat,24.5,24.38,76.80645724263739,29.839419799346643
16721,11743,PUNJAB,MUKTSAR,Abul khurana,35.0,36.08,74.52665976894751,30.13807830580019
25135,21388,PUNJAB,MANSA,Buraj bhalike,44.0,42.99,75.2580913703129,29.829635873583527
25134,21388,PUNJAB,MANSA,Buraj bhalike,1.5,0.98,75.27169599206849,29.849264033395777
26964,22385,HARYANA,KARNAL,Pacca Khera,17.0,16.55,76.76785895991316,29.649890472650164
25842,22385,HARYANA,KARNAL,Pacca Khera,40.0,39.2,76.79746775979046,29.606804978953473
12452,9126,PUNJAB,MOGA,Talwandi mallian,49.0,39.66,75.36768628737677,30.89536550149762
12451,9126,PUNJAB,MOGA,Talwandi mallian,18.0,17.13,75.36615298543762,30.892715397181995
16863,11811,PUNJAB,MUKTSAR,Abul khurana,18.5,18.28,74.56815856877037,30.12992173131766
1865,1538,PUNJAB,BATHINDA,Nathana,19.0,18.69,75.1038848987453,30.309071737393033
16878,11817,PUNJAB,MUKTSAR,Lakhawali,6.5,5.98,74.33826541176315,30.436471814486243
16874,11817,PUNJAB,MUKTSAR,Lakhawali,23.0,22.97,74.34510592068605,30.437481213047867
21411,15957,PUNJAB,MUKTSAR,Madrassa,3.0,2.97,74.3814778864212,30.463738594572423
21410,15957,PUNJAB,MUKTSAR,Madrassa,5.0,5.84,74.3787943335004,30.46461261708951
16776,11772,PUNJAB,MUKTSAR,Lakhawali,1.0,0.95,74.35217147548491,30.45931050707631
16775,11772,PUNJAB,MUKTSAR,Lakhawali,29.5,29.91,74.35054653151592,30.45144449803263
16774,11772,PUNJAB,MUKTSAR,Lakhawali,7.0,7.85,74.35046018471826,30.457931971662504
16773,11772,PUNJAB,MUKTSAR,Lakhawali,20.0,19.86,74.35354774632397,30.455361014273315
21366,15927,PUNJAB,MUKTSAR,Adhnian,8.0,7.86,74.52701583212085,30.081328575632924
21409,15956,PUNJAB,MUKTSAR,Madrassa,2.8,3.05,74.37526658109235,30.46689060967585
21408,15956,PUNJAB,MUKTSAR,Madrassa,2.2,2.44,74.37386869588632,30.46675087959617
21407,15956,PUNJAB,MUKTSAR,Madrassa,2.4,2.49,74.37242513859226,30.46773664395555
7840,1514,HARYANA,FATEHABAD,Haroli,9.0,6.69,75.49273264110714,29.652708461166355
1840,1514,HARYANA,FATEHABAD,Haroli,1.5,1.13,75.49596289053704,29.65202177933125
1839,1514,HARYANA,FATEHABAD,Haroli,3.5,2.87,75.4925511148516,29.65203136474488
9619,7327,HARYANA,SIRSA,Wadania ther kariwala,15.5,15.36,74.71781016111076,29.490719690667323
22828,17235,HARYANA,KARNAL,Gonder,57.5,57.22,76.78973496721964,29.650735050852376
16824,11802,PUNJAB,MUKTSAR,Tappa khera,15.5,15.81,74.52677220279118,30.09554940985322
16823,11802,PUNJAB,MUKTSAR,Tappa khera,12.1,12.09,74.53116628904553,30.1096037554572
20315,15115,PUNJAB,MUKTSAR,Lal bai,6.317,6.33,74.60419127335959,30.143116330471283
20314,15115,PUNJAB,MUKTSAR,Lal bai,15.138,15.05,74.57824889102135,30.13465220628976
7361,6081,HARYANA,KURUKSHETRA,Bagthala,24.0,23.23,76.73245445807629,29.993813969489135
26588,23413,HARYANA,SIRSA,Nezadela kalan,26.0,22.39,75.04898177592172,29.579911382100956
7392,6104,HARYANA,KURUKSHETRA,Bhagwanpur,4.0,4.34,76.95883709317103,30.062787701588764
23991,19492,HARYANA,KURUKSHETRA,Harigarh,68.0,67.42,76.6085288390982,30.055800410359165
5131,4084,HARYANA,SIRSA,Nejadela,6.0,5.76,75.05116221822472,29.586829672041503
26064,22705,HARYANA,SIRSA,Narel khera,15.0,11.98,75.24331327421673,29.540992517549505
24209,19928,HARYANA,FATEHABAD,Kawalgahr,15.4,15.42,75.63133163053008,29.668869532281565
17637,13458,PUNJAB,MUKTSAR,Chauntra,12.6,12.72,74.56151328116904,30.53400062441184
17636,13458,PUNJAB,MUKTSAR,Chauntra,3.95,3.92,74.55685276307628,30.527476731461466
17635,13458,PUNJAB,MUKTSAR,Chauntra,3.272,3.13,74.55480779164016,30.527995368414892
16920,11836,PUNJAB,MUKTSAR,Adhnian,24.0,24.72,74.5274909187543,30.07239378141937
16919,11836,PUNJAB,MUKTSAR,Adhnian,7.0,7.24,74.52929576149654,30.075144161119447
16918,11836,PUNJAB,MUKTSAR,Adhnian,15.0,15.14,74.52673389634585,30.073549755311088
16917,11836,PUNJAB,MUKTSAR,Adhnian,6.0,6.41,74.52448268053824,30.07047858457065
9435,7208,PUNJAB,MUKTSAR,Sahib chand,3.0,3.11,74.70635214730662,30.305918853473724
9434,7208,PUNJAB,MUKTSAR,Sahib chand,27.0,25.71,74.70536050924407,30.314309805466852
7869,1990,HARYANA,FATEHABAD,Haroli,6.0,5.93,75.44857936556959,29.651558734922567
2451,1990,HARYANA,FATEHABAD,Haroli,4.0,2.77,75.44988994993763,29.651922579155546
9257,7077,PUNJAB,MANSA,Kulrian,12.0,12.18,75.69898744302428,29.79345772086867
9256,7077,PUNJAB,MANSA,Kulrian,25.0,24.89,75.69505547655743,29.79345210799402
24236,19975,HARYANA,FATEHABAD,Fatehabad local,28.0,26.73,75.402720924014,29.479242643054736
12726,9311,HARYANA,KAITHAL,Balwanti,40.0,42.25,76.48353187990418,29.898564225355
10397,7797,PUNJAB,MUKTSAR,shahid chand,7.0,7.81,74.69189348324106,30.316348965980165
23187,17935,HARYANA,KARNAL,Sagga,52.0,52.21,76.84615833022792,29.769893208248973
17738,13506,PUNJAB,MUKTSAR,Adhnian,41.5,39.05,74.54098043796195,30.06187529231799
10069,7619,HARYANA,KURUKSHETRA,Mangoli,11.0,12.34,77.03172862473953,30.141776190938085
10728,8010,HARYANA,FATEHABAD,Nagpur,15.0,15.32,75.43847176838193,29.651076888746555
8259,6403,HARYANA,AMBALA,Barouli,2.0,1.92,76.73222283932431,30.21385629057844
8268,6421,HARYANA,FATEHABAD,Tamspura,24.0,24.35,75.46427547465093,29.612678127628865
20108,14960,PUNJAB,MUKTSAR,Abul Khurana,6.466,2.29,74.55126293734128,30.121837291208596
20107,14960,PUNJAB,MUKTSAR,Abul Khurana,15.229,15.47,74.55455937191289,30.12584368553113
20106,14960,PUNJAB,MUKTSAR,Abul Khurana,12.61,12.56,74.54480792599246,30.126724111533676
23316,18202,HARYANA,KAITHAL,Pabnawa,9.0,9.08,76.65249843433715,29.877394489295437
15264,10874,HARYANA,YAMUNANAGAR,Chamrori,5.0,4.94,77.12696869259989,30.0564431993609
26290,23047,PUNJAB,BATHINDA,Jai singh wala,2.0,1.96,74.85258413548749,30.1198752318594
26289,23047,PUNJAB,BATHINDA,Jai singh wala,8.0,7.56,74.84019923906492,30.11987599409588
22494,16889,HARYANA,KURUKSHETRA,Budha,6.5,6.35,77.09746410301993,29.97333150308397
17044,11898,PUNJAB,MUKTSAR,udekaran,3.525,3.39,74.53691121379161,30.49598654025708
17043,11898,PUNJAB,MUKTSAR,udekaran,8.836,8.93,74.53844654306572,30.497047856306533
8578,6639,PUNJAB,BARNALA,karamgarh,12.0,12.19,75.63922247818205,30.40256641163701
12207,8955,HARYANA,JIND,Dumarkha,38.0,36.31,76.14643447313553,29.55026214773399
26541,23344,HARYANA,FATEHABAD,Bara,30.0,29.84,75.63139235964182,29.721512259033208
12948,9453,HARYANA,FATEHABAD,Haroli,3.0,2.94,75.47187673858774,29.655136827732456
8549,6616,HARYANA,KARNAL,Nissing,15.0,17.04,76.73083618665454,29.705523333568696
7936,6215,HARYANA,KURUKSHETRA,Berthali,19.0,20.22,76.98740009545045,30.139918854199784
26635,23442,HARYANA,KURUKSHETRA,Ramsaran majra,15.0,14.51,77.01230731419751,30.07778028232387
18212,13793,HARYANA,FATEHABAD,RATIA,19.0,18.84,75.55517417246531,29.65583709089169
8238,6401,HARYANA,KURUKSHETRA,Samaspur,15.0,15.26,76.73437743913924,29.987150201184924
8237,6401,HARYANA,KURUKSHETRA,Samaspur,12.0,10.07,76.7289949478353,29.97323458844715
6001,4817,PUNJAB,LUDHIANA,Boparai khurd,15.0,11.66,75.55687848634174,30.60353538413703
26616,23430,HARYANA,KURUKSHETRA,Ramsharn majra,6.0,6.17,76.9996366298552,30.092971456648385
3521,2812,HARYANA,FATEHABAD,Khokhar dhani ratia,24.0,27.27,75.55385691390266,29.680654384107218
3520,2812,HARYANA,FATEHABAD,Khokhar dhani ratia,4.5,4.42,75.54961255846595,29.67791906292139
21562,16088,HARYANA,KURUKSHETRA,Barhan,25.0,24.33,77.0107524692055,29.9861355994975
20292,15095,PUNJAB,MUKTSAR,Lal bai,2.244,2.19,74.60782587046732,30.146615623884625
17962,13645,HARYANA,YAMUNANAGAR,Kheri lakha Singh,8.8,8.77,77.13514090049948,30.12189329682879
17961,13645,HARYANA,YAMUNANAGAR,Kheri lakha Singh,6.2,5.66,77.13417792314038,30.117616925449884
17960,13645,HARYANA,YAMUNANAGAR,Kheri lakha Singh,4.8,4.45,77.13817950136574,30.113700717938247
17956,13645,HARYANA,YAMUNANAGAR,Kheri lakha Singh,3.5,3.37,77.14033064243962,30.11254542823773
17955,13645,HARYANA,YAMUNANAGAR,Kheri lakha Singh,0.8,0.48,77.14177783881365,30.112878150150717
20669,15398,HARYANA,KURUKSHETRA,Karaha,15.4,15.76,76.49556850486123,30.038748567693876
13058,9507,HARYANA,KAITHAL,Ahun,11.0,10.75,76.68707209822219,29.78182137865358
9657,7354,HARYANA,KURUKSHETRA,Ishak,40.0,39.84,76.46721477020608,30.018149711350745
2111,1722,HARYANA,SIRSA,Rattakhera,9.5,8.93,74.78073880827107,29.466357017528303
26256,22991,HARYANA,SIRSA,Jhorarnali,20.0,20.4,74.93473173896379,29.552208706057073
26255,22991,HARYANA,SIRSA,Jhorarnali,38.0,37.97,74.94260668660382,29.59035421946779
2113,1724,HARYANA,SIRSA,Rattakhera,9.5,9.39,74.7817747091729,29.46799849883574
26161,22847,PUNJAB,BARNALA,Gehal,6.0,5.99,75.44965076712677,30.529170530361192
17585,13438,PUNJAB,MUKTSAR,Abul khurana,9.2,9.15,74.50993342853951,30.11633855115246
17584,13438,PUNJAB,MUKTSAR,Abul khurana,10.0,9.78,74.51017927820426,30.12129737155471
7676,5550,HARYANA,KURUKSHETRA,merchedhi,6.0,5.65,76.92727274744101,30.04472149377942
24442,20267,PUNJAB,MANSA,Khiali chahilan wali,13.0,12.48,75.35133575221415,29.828444297749083
24441,20267,PUNJAB,MANSA,Khiali chahilan wali,10.0,10.12,75.36133543119072,29.822470737500534
5612,4484,HARYANA,SIRSA,Rampura dhani,18.0,17.54,75.18128816621115,29.551894872561128
5611,4484,HARYANA,SIRSA,Rampura dhani,12.0,9.37,75.18450716775318,29.55305245206489
24584,20513,HARYANA,SIRSA,Panjuana,15.0,15.98,74.99223230848624,29.630170022107357
16117,11376,PUNJAB,MUKTSAR,Arniwala wazira,11.2,11.47,74.46081365745869,30.07353888568495
15278,10884,PUNJAB,MUKTSAR,Ramgarh,7.0,7.91,74.40867701136524,30.477162672145727
25047,21301,HARYANA,SIRSA,Dhottar,12.0,11.02,74.88846789233737,29.575655435161966
11648,8566,HARYANA,AMBALA,Aliyaspur,3.0,2.6,77.1497278821562,30.32398940946665
6670,5376,HARYANA,KARNAL,Islamnagar,6.0,5.51,77.10799800909639,29.873817434457948
6669,5376,HARYANA,KARNAL,Islamnagar,2.0,1.66,77.11482355892709,29.87319878805159
11778,8582,HARYANA,YAMUNANAGAR,Daulatpur,4.3,4.15,77.11451037403033,30.0817727460955
11673,8582,HARYANA,YAMUNANAGAR,Daulatpur,5.0,4.64,77.11435524293866,30.091444268735177
11840,8700,PUNJAB,FEROZEPUR,Nizam wala,4.0,3.39,74.71000942988005,31.04912947958442
12153,8914,HARYANA,AMBALA,Zaffarpur,5.1,5.36,77.14512907814157,30.329984664920516
12154,8915,HARYANA,AMBALA,Zaffarpur,2.0,1.98,77.14313515823916,30.329649064311095
12110,8887,PUNJAB,BATHINDA,Naruana,15.0,13.79,74.88212154732933,30.16200881746815
12555,9191,HARYANA,YAMUNANAGAR,Ghillour,14.1,13.07,77.08244475295746,30.073283679409048
12310,9030,HARYANA,YAMUNANAGAR,Rattangarh,2.0,1.95,77.19938003433892,30.081479730448542
13301,9662,HARYANA,KURUKSHETRA,Bhalolpur,16.3,16.38,77.02574161893145,30.035667476679127
13424,9735,HARYANA,YAMUNANAGAR,Kherki brahaman,4.4,4.35,77.08693148817515,30.058461751577752
13423,9735,HARYANA,YAMUNANAGAR,Kherki brahaman,8.2,7.74,77.08655863797075,30.06769969648538
2119,1728,HARYANA,SIRSA,Rattakhera,1.0,0.86,74.77867228959146,29.467999768088628
2118,1728,HARYANA,SIRSA,Rattakhera,4.0,3.77,74.77831004701177,29.466062254156338
13284,9652,HARYANA,KAITHAL,Ahun,4.5,3.91,76.69645790196252,29.79489494553275
13283,9652,HARYANA,KAITHAL,Ahun,2.0,2.01,76.67939541627322,29.790265068327365
13282,9652,HARYANA,KAITHAL,Ahun,9.0,8.51,76.68256430108153,29.792797974853695
18432,13906,HARYANA,KAITHAL,Ahun,10.0,8.72,76.68271949417398,29.7990939858259
12108,8885,HARYANA,YAMUNANAGAR,Baindi,3.5,3.41,77.17003027199665,30.086772144522335
14013,10117,HARYANA,YAMUNANAGAR,Kalesra,2.0,1.71,77.11226320939434,30.095299412957697
14007,10112,PUNJAB,FEROZEPUR,Sandhe hashm,6.7,7.47,74.70999047432666,30.93519323036923
14014,10118,HARYANA,YAMUNANAGAR,Chhari,11.0,10.63,77.14466813864418,30.088822122681485
14019,10121,HARYANA,YAMUNANAGAR,Khajuri,16.0,15.32,77.16111385079667,30.082764861679376
14133,10192,PUNJAB,BATHINDA,Naruana,3.0,2.89,74.87823715098638,30.16942177574959
17096,11928,PUNJAB,MUKTSAR,Tappa khera,7.0,6.99,74.55466887102169,30.09941056485875
17095,11928,PUNJAB,MUKTSAR,Tappa khera,16.8,17.11,74.5477963544825,30.09871563866313
24396,20226,HARYANA,SIRSA,Bhangu,10.0,9.2,74.985956981328,29.65050867340361
14148,10204,HARYANA,YAMUNANAGAR,Vpo topra kalan,3.0,2.81,77.1634592833396,30.121938232540025
14162,10213,PUNJAB,BATHINDA,Naruana,5.5,5.58,74.87922147247484,30.158929951612077
2198,1795,HARYANA,KURUKSHETRA,Lohar majra,50.0,59.09,76.73279894412873,29.950029054259335
20014,14903,PUNJAB,MUKTSAR,Abul khurana,30.0,30.5,74.54167209634161,30.12229136268561
20013,14903,PUNJAB,MUKTSAR,Abul khurana,5.0,5.02,74.53488031557397,30.13341370916734
26002,22565,PUNJAB,LUDHIANA,Sidhwan khurd,45.0,47.39,75.55784175998774,30.833748584188697
14200,10241,HARYANA,KURUKSHETRA,Mangoli,28.6,28.53,76.99977801977633,30.133002422409135
14147,10203,HARYANA,YAMUNANAGAR,Vpo topra kalan,2.5,2.45,77.16044992512317,30.120879649031032
14453,10396,HARYANA,KURUKSHETRA,Untetari,12.2,12.08,76.96352250798235,29.997161236494733
2210,1805,HARYANA,KAITHAL,Sair,5.0,3.5,76.28370316530439,29.93499837021896
3424,2740,HARYANA,KURUKSHETRA,Balahi,5.0,5.82,76.75853352749239,29.983484537046664
3423,2740,HARYANA,KURUKSHETRA,Balahi,19.0,19.36,76.75598906863321,29.98612047852533
21108,15698,PUNJAB,MUKTSAR,Chakmadrassa,5.0,5.13,74.35019567043933,30.480062568319497
21107,15698,PUNJAB,MUKTSAR,Chakmadrassa,1.3,1.34,74.35138686679817,30.481046010954564
14360,10341,HARYANA,YAMUNANAGAR,Dhourang,7.2,7.28,77.18329349625299,30.072252764633475
14456,10398,HARYANA,KURUKSHETRA,Umari,12.5,12.22,76.91947481091835,29.937707399523493
14455,10398,HARYANA,KURUKSHETRA,Umari,21.1,20.63,76.91913688997587,29.935669414575944
14420,10373,PUNJAB,FEROZEPUR,Doomni wala,4.4,4.91,74.66302410993652,30.93462498120912
14426,10375,PUNJAB,FEROZEPUR,Gadodu,12.1,11.85,74.71977431384474,30.94928722806801
14425,10375,PUNJAB,FEROZEPUR,Gadodu,5.0,5.33,74.72372770781526,30.96358920651754
14424,10375,PUNJAB,FEROZEPUR,Gadodu,6.4,6.25,74.72907995289802,30.95455974881668
14594,10483,HARYANA,FATEHABAD,Manjra,25.0,29.95,75.52405867902834,29.540665717083773
14590,10479,HARYANA,KARNAL,Raatkhana,5.3,5.45,77.02504844969683,29.960088029479454
14589,10479,HARYANA,KARNAL,Raatkhana,18.7,18.65,77.02304839390825,29.94686701184635
15453,10979,PUNJAB,MUKTSAR,Ramgarh,4.0,4.63,74.4069271428457,30.483529275884745
15452,10979,PUNJAB,MUKTSAR,Ramgarh,6.5,6.24,74.40523800871802,30.479265367076756
14468,10406,HARYANA,YAMUNANAGAR,Hiranchhaper,8.6,8.61,77.0943074695971,30.098754114725484
14479,10412,HARYANA,KARNAL,Dhanokheri,8.7,8.62,77.11108153294603,29.945750176834707
14478,10412,HARYANA,KARNAL,Dhanokheri,4.0,4.06,77.11891626255317,29.954501361919124
15299,10896,PUNJAB,MUKTSAR,Ramgarh,2.4,2.47,74.39102200375535,30.502975769143305
9447,7215,PUNJAB,BATHINDA,Gobindpura,9.5,8.99,75.02997703783812,30.279176284488564
10386,7789,HARYANA,KARNAL,Guniyana,30.0,29.92,76.6986354922148,29.718794590293005
14801,10600,HARYANA,KARNAL,Dhanokheri,10.5,9.87,77.12231556640305,29.943994741439543
14800,10600,HARYANA,KARNAL,Dhanokheri,13.0,12.8,77.11539478370055,29.953571156914872
14788,10592,HARYANA,KURUKSHETRA,Gobindgher,5.6,5.67,77.02950386136665,29.95494655803777
14787,10592,HARYANA,KURUKSHETRA,Gobindgher,15.1,14.92,77.01899698549447,29.95029399798039
14786,10591,HARYANA,KURUKSHETRA,Brout,10.8,10.51,77.01064627025409,29.96139605774827
26082,22778,PUNJAB,FEROZEPUR,Huseniwala,8.6,8.63,74.56130534384921,30.97937489817654
2505,2033,HARYANA,SONIPAT,Bhainswan khurd,19.0,18.37,76.69219169525776,29.08188205051064
8890,6851,PUNJAB,MANSA,Reond khurd,28.34,28.58,75.58978284808039,29.74019284243416
26222,22957,HARYANA,KAITHAL,Teonta,29.0,28.67,76.62713638933177,29.771256717180332
14789,10593,HARYANA,AMBALA,Nagla nanki,11.4,12.4,76.95723537384347,30.39920663502028
25481,21919,HARYANA,SIRSA,Nanakpur,18.0,17.4,74.92475672882838,29.511241798705576
2291,1866,HARYANA,KAITHAL,Dubble,2.0,1.9,76.23656200759093,29.744153116393257
11928,8755,HARYANA,YAMUNANAGAR,Jhaguri,2.0,1.74,77.1665603441955,30.10892711084024
11925,8755,HARYANA,YAMUNANAGAR,Jhaguri,4.0,3.46,77.16690425627517,30.11057383159797
15008,10732,PUNJAB,FEROZEPUR,Jlalwala,1.4,1.37,74.52322131013807,30.94239230430116
17478,13382,PUNJAB,MUKTSAR,Abul khurana,6.0,6.18,74.53899549449118,30.14419545537317
17477,13382,PUNJAB,MUKTSAR,Abul khurana,6.0,5.42,74.52776777771214,30.117867781907663
17476,13382,PUNJAB,MUKTSAR,Abul khurana,10.3,10.33,74.50018892023404,30.140020558021845
14818,10628,HARYANA,AMBALA,Nagla nanku,6.7,6.91,76.94653380672452,30.394788961297778
24910,21062,HARYANA,KURUKSHETRA,Gudha,5.0,5.02,77.04614000308537,30.08422304565808
6873,5524,HARYANA,AMBALA,Dhurala,40.0,47.38,76.92506148726724,30.279779759355964
21969,16445,HARYANA,KARNAL,Bushli,3.5,3.43,76.95894872362317,29.604916985223873
20055,14927,PUNJAB,MUKTSAR,Lakhawale,13.0,13.27,74.34800215633828,30.459518821524675
16904,11831,HARYANA,KURUKSHETRA,Bakali,7.5,7.54,77.0647974030067,30.01734996007024
18316,13848,PUNJAB,MUKTSAR,Madrassa,5.5,5.63,74.3704233728374,30.4526389248231
16763,11769,PUNJAB,FEROZEPUR,Khai,20.0,21.74,74.54920661857975,30.91732676403265
25024,21276,HARYANA,KURUKSHETRA,Ram nagar,15.0,15.26,76.93672374282265,30.064954758726504
17088,11924,HARYANA,YAMUNANAGAR,Jhiwerheri,11.0,9.97,77.092040314349,30.11197706899307
17087,11924,HARYANA,YAMUNANAGAR,Jhiwerheri,5.0,4.66,77.08778133060719,30.11850938504984
9710,7385,HARYANA,KURUKSHETRA,Berthala,5.0,4.6,76.98716554353867,30.1292625188976
9707,7385,HARYANA,KURUKSHETRA,Berthala,4.0,4.64,76.98009394833934,30.140006168352564
16083,11351,PUNJAB,MUKTSAR,Abul khurana,8.7,8.92,74.50449713918891,30.139414329033
16246,11460,PUNJAB,MUKTSAR,Tappa khera,35.0,35.57,74.53750988884221,30.094493673584346
9635,7337,HARYANA,KURUKSHETRA,Badsami,7.3,6.89,77.10036853652655,30.0054581230516
9774,7432,HARYANA,KURUKSHETRA,Sura,11.0,10.56,77.10074919873126,30.031429611417852
19577,14589,HARYANA,KARNAL,Nathauri,6.0,5.77,77.14532189413087,29.924587615822112
6288,5072,PUNJAB,MUKTSAR,channu,6.0,6.11,74.58673323197672,30.10655188106001
6285,5072,PUNJAB,MUKTSAR,channu,2.0,2.14,74.58580850389218,30.10489249945785
24533,20426,HARYANA,FATEHABAD,Dadupur,11.0,9.57,75.47416342548763,29.704339429190487
9822,7424,HARYANA,KURUKSHETRA,Khedi dabdlan,3.0,2.62,77.09868159981902,30.01886327113816
9775,7424,HARYANA,KURUKSHETRA,Khedi dabdlan,8.0,7.65,77.08808883502394,30.008233455787035
9837,7472,HARYANA,KURUKSHETRA,Haripura,18.0,14.44,76.98565960074443,30.087139757398212
9835,7472,HARYANA,KURUKSHETRA,Haripura,20.0,20.38,76.96945711639755,30.08900658107519
19294,14408,HARYANA,YAMUNANAGAR,Palaka,7.8,7.71,77.15385891556728,30.078069001223977
19293,14408,HARYANA,YAMUNANAGAR,Palaka,6.3,6.36,77.15511775071478,30.07685326528716
19292,14408,HARYANA,YAMUNANAGAR,Palaka,9.5,8.99,77.141250391826,30.08040914891463
9761,7423,HARYANA,KURUKSHETRA,Suraa,7.0,6.69,77.10330909927296,30.030273981082935
16243,11457,PUNJAB,FAZILKA,Alamgarh,22.0,22.05,74.15102559440287,30.101858673584157
24685,20680,HARYANA,YAMUNANAGAR,Haibatpur,7.0,6.97,77.22914747261683,30.296002021136324
24669,20680,HARYANA,YAMUNANAGAR,Haibatpur,3.0,2.85,77.23178909071594,30.297128206433044
17114,11935,PUNJAB,MUKTSAR,Abul khurana,4.2,4.3,74.57383925692194,30.118740526231974
17113,11935,PUNJAB,MUKTSAR,Abul khurana,24.0,24.34,74.57245515830117,30.123891618737385
17111,11935,PUNJAB,MUKTSAR,Abul khurana,10.0,9.99,74.56728837072887,30.118762935028233
22364,16797,HARYANA,KURUKSHETRA,Sujra,24.3,24.85,76.95716081515847,30.097859510028297
16528,11629,PUNJAB,MUKTSAR,Akalgarh,13.0,13.19,74.39231388936345,30.504511364623298
24778,20831,HARYANA,FATEHABAD,Alika,16.0,15.88,75.42871327476925,29.716463888413273
7960,6228,HARYANA,KURUKSHETRA,Sarsa,2.0,2.03,76.66588492710726,29.92376643693485
7957,6228,HARYANA,KURUKSHETRA,Sarsa,7.0,7.12,76.66834219653313,29.937911790488368
21783,16274,HARYANA,FATEHABAD,Mohammad pur rohi,22.0,17.61,75.58659570534927,29.457808086117605
21782,16274,HARYANA,FATEHABAD,Mohammad pur rohi,5.0,4.41,75.57151857883069,29.451277187555853
23962,19463,HARYANA,YAMUNANAGAR,Bakerwala,14.0,13.69,77.43952161167962,30.30612649950635
23961,19463,HARYANA,YAMUNANAGAR,Bakerwala,18.0,18.4,77.43947192237151,30.303538888197053
261,246,PUNJAB,TARN_TARAN,Burj Deva singh,6.0,6.74,74.92757547241709,31.20093966942859
8484,6572,PUNJAB,MUKTSAR,Sukhan abulo,20.95,21.19,74.63369922303683,30.34860543431034
23377,18265,HARYANA,YAMUNANAGAR,Talakour,7.0,6.58,77.21293329254226,30.236568484060363
23883,19192,HARYANA,YAMUNANAGAR,Ratuwala,17.7,16.6,77.27857265527508,30.395668444722265
23882,19192,HARYANA,YAMUNANAGAR,Ratuwala,3.7,3.23,77.27608261747322,30.394826784715917
23876,19192,HARYANA,YAMUNANAGAR,Ratuwala,2.0,1.95,77.27519177525086,30.392125142631464
23629,18852,HARYANA,YAMUNANAGAR,Sudhail,1.8,1.87,77.22642850701173,30.167852551003605
937,815,HARYANA,KARNAL,Chirao,10.0,10.63,76.91889847765307,29.6817366436223
15715,11123,HARYANA,YAMUNANAGAR,Vpo. gillaur,13.5,12.4,77.08248434782132,30.086570855072143
24109,19800,HARYANA,YAMUNANAGAR,Sudhal,6.0,5.49,77.22382291886197,30.15455809943862
24369,20187,HARYANA,SIRSA,Bhangu,3.0,2.3,74.99291498877064,29.651737770665545
14378,10349,PUNJAB,MUKTSAR,sukhna abluo,43.226,43.09,74.62865098050348,30.3428624829552
14377,10349,PUNJAB,MUKTSAR,sukhna abluo,50.0,50.73,74.6301166920116,30.34041493909164
2698,2190,HARYANA,KAITHAL,Sotha,17.0,13.73,76.33072347783892,29.929306045104493
15298,10890,PUNJAB,MUKTSAR,Ramgarh,5.0,5.28,74.40241791342918,30.49870958478843
15288,10890,PUNJAB,MUKTSAR,Ramgarh,4.0,4.06,74.38709753511304,30.499802646346264
17650,13465,PUNJAB,MUKTSAR,Chauntra,7.965,7.82,74.55361521969704,30.52807211498327
17649,13465,PUNJAB,MUKTSAR,Chauntra,11.129,11.04,74.57628182705777,30.53251739970278
17648,13465,PUNJAB,MUKTSAR,Chauntra,11.816,11.76,74.56334449090993,30.528311339951788
12340,8802,PUNJAB,LUDHIANA,Birmi,10.0,9.17,75.72666333582583,30.91554731563767
11999,8802,PUNJAB,LUDHIANA,Birmi,5.0,4.82,75.72557239948776,30.92565453184027
26049,22645,HARYANA,KURUKSHETRA,Ramsaran majra,9.0,8.86,76.99890295425328,30.065763470495614
16747,11762,HARYANA,KAITHAL,Bhunna,25.0,27.2,76.32886619441446,29.958526874293923
7390,6102,HARYANA,KURUKSHETRA,Bhagwanpur,15.0,17.48,76.95341779847637,30.071057429774253
12239,8981,PUNJAB,BATHINDA,Maltyaniya,39.0,39.55,74.85693607328655,30.182811133956683
6963,5600,PUNJAB,FAZILKA,Kikker khera,2.0,1.94,74.1794543123101,30.098173374561817
9102,6984,HARYANA,KURUKSHETRA,Bakana,10.0,9.16,76.88508864678965,30.09939630451101
9101,6984,HARYANA,KURUKSHETRA,Bakana,15.0,16.31,76.88003719584059,30.09871716022424
13321,9678,HARYANA,YAMUNANAGAR,Kalesara,6.2,5.91,77.12686070493994,30.089569852759332
15863,11213,PUNJAB,MUKTSAR,Tarkhan wala,4.0,3.26,74.38926563657931,30.32453038183683
12186,8937,HARYANA,SIRSA,Damdama,29.0,29.02,74.6560298697533,29.556517809523953
12185,8937,HARYANA,SIRSA,Damdama,10.251,10.2,74.65561105560636,29.56757773836796
12184,8937,HARYANA,SIRSA,Damdama,8.05,7.99,74.68838131072036,29.55689940553936
12183,8937,HARYANA,SIRSA,Damdama,39.85,39.83,74.68524375508596,29.485833087112695
3371,2702,HARYANA,SIRSA,Odhan,21.0,21.01,74.88157179001341,29.744959775899947
8751,6757,HARYANA,KAITHAL,Koul,40.0,31.0,76.66077624162862,29.862207367080817
10218,7727,PUNJAB,MUKTSAR,Shahid chand,9.0,8.82,74.69474074655402,30.30786533937837
10217,7727,PUNJAB,MUKTSAR,Shahid chand,5.0,5.77,74.69728700797202,30.308522079539262
6893,5540,PUNJAB,PATIALA,noorkheriya,22.0,22.78,76.45856782828284,30.32759792173408
8155,6345,HARYANA,FATEHABAD,Buthan,12.0,12.01,75.57774520463424,29.55497487476699
7216,5967,PUNJAB,MANSA,Chakan,10.182,10.08,75.57093848248648,29.95163683446812
7215,5967,PUNJAB,MANSA,Chakan,17.932,17.92,75.57227332713623,29.94809364130853
12163,8920,HARYANA,AMBALA,Zaffarpur,8.3,8.28,77.15362190456086,30.325017519978022
11802,8669,HARYANA,KURUKSHETRA,Jalkhari,17.0,16.78,76.92897979137126,30.082909228571054
11675,8584,HARYANA,YAMUNANAGAR,Daulatpur,3.0,2.86,77.11310050611293,30.095526674576107
12309,9028,HARYANA,YAMUNANAGAR,Rattangarh,5.5,5.02,77.19551229276264,30.083816896672435
12307,9028,HARYANA,YAMUNANAGAR,Rattangarh,4.5,4.47,77.19272436123629,30.079481302916765
16287,11133,PUNJAB,MUKTSAR,Ramgarh,4.6,4.61,74.40159711834929,30.483634514663116
15720,11133,PUNJAB,MUKTSAR,Ramgarh,9.0,8.47,74.39841228222504,30.502436985680355
15719,11133,PUNJAB,MUKTSAR,Ramgarh,3.0,2.83,74.39648470104277,30.50146854530384
12391,9092,HARYANA,KARNAL,Bastli,25.0,25.33,76.72350055536623,29.731871311826193
12390,9092,HARYANA,KARNAL,Bastli,55.0,55.16,76.73734022037091,29.735355603454153
8935,6882,PUNJAB,MUKTSAR,Bhalaiana,8.0,8.24,74.71091328140947,30.32146046667633
13810,9991,PUNJAB,BATHINDA,Naruana,16.8,16.66,74.87521948927588,30.167959676134203
12945,9451,PUNJAB,FEROZEPUR,Basti bagicha singh wala,5.0,5.48,74.6931331198294,31.05095347315604
11613,8543,PUNJAB,BATHINDA,Bucho khurd,4.6,4.66,75.04782581139786,30.204786502662387
11611,8543,PUNJAB,BATHINDA,Bucho khurd,10.0,10.05,75.05022308279959,30.215331101196277
11610,8543,PUNJAB,BATHINDA,Bucho khurd,7.0,6.28,75.06576261176517,30.208380819564688
8718,6733,PUNJAB,MANSA,Reond khurd,25.96,26.93,75.5901084572987,29.7641376920227
8717,6733,PUNJAB,MANSA,Reond khurd,6.577,6.53,75.58629503050987,29.74671285262349
10068,7611,HARYANA,KURUKSHETRA,Magoli,4.0,3.85,77.03421495193709,30.144352744677352
10054,7611,HARYANA,KURUKSHETRA,Magoli,1.5,1.53,77.02946092318491,30.13781108147599
16004,11301,PUNJAB,MUKTSAR,Akalgarh,1.0,0.97,74.39611958741563,30.524630755541477
10555,7881,PUNJAB,FEROZEPUR,Aasal,10.0,10.29,74.65435866445017,30.954146727091985
13523,9796,HARYANA,KURUKSHETRA,Narkatari,29.0,29.5,76.8122948426303,29.97700187683723
13522,9796,HARYANA,KURUKSHETRA,Narkatari,22.0,21.52,76.80727644082472,29.974839273853767
13521,9796,HARYANA,KURUKSHETRA,Narkatari,33.0,30.66,76.80146821727189,29.97108574907007
8056,6294,HARYANA,KURUKSHETRA,Hebana,9.0,7.29,76.85351216527445,30.13077375264002
8965,6898,PUNJAB,MANSA,Gamiwala,2.354,2.27,75.5429373443448,29.80766661101684
8964,6898,PUNJAB,MANSA,Gamiwala,2.0,2.05,75.54274850584028,29.80708950696965
8963,6898,PUNJAB,MANSA,Gamiwala,18.0,17.94,75.54239263644281,29.805841417843165
12569,9200,HARYANA,YAMUNANAGAR,Kunjal kamboyan,1.5,1.43,77.17349139396488,30.090459039320827
9991,7581,HARYANA,KURUKSHETRA,Bichgawan,5.5,5.77,76.78321820581063,30.002699611256556
9990,7581,HARYANA,KURUKSHETRA,Bichgawan,18.0,18.58,76.78402866450966,30.008856301281316
9989,7581,HARYANA,KURUKSHETRA,Bichgawan,12.0,10.45,76.77375389508799,30.009121038983793
20506,15269,PUNJAB,MUKTSAR,Abul Khurana,14.31,14.32,74.52779601836814,30.13148068133836
20505,15269,PUNJAB,MUKTSAR,Abul Khurana,18.326,17.63,74.53074601916374,30.134964856364267
15509,11010,HARYANA,AMBALA,Aadhi,11.1,10.96,77.01391084856134,30.182977960429746
11385,8363,HARYANA,KARNAL,Chhapar,4.0,4.2,77.0761961024257,29.945590621888805
11308,8363,HARYANA,KARNAL,Chhapar,6.7,6.5,77.0729454497633,29.94136244016729
15270,10873,HARYANA,YAMUNANAGAR,Chamrori,5.6,5.23,77.13217114475482,30.0594805323726
15263,10873,HARYANA,YAMUNANAGAR,Chamrori,12.3,11.34,77.12546958089024,30.05715246747551
14745,10570,HARYANA,AMBALA,Nagla nanku,8.5,8.26,76.9500583497577,30.39793415281971
26497,23303,PUNJAB,FEROZEPUR,Sadhe hashm,1.3,1.36,74.71064167086574,30.937376658486027
26496,23303,PUNJAB,FEROZEPUR,Sadhe hashm,6.4,6.43,74.7107045425284,30.940112915365713
26495,23303,PUNJAB,FEROZEPUR,Sadhe hashm,9.6,9.56,74.71655767605387,30.93823653864807
14607,10487,PUNJAB,FEROZEPUR,Dadodu,15.0,14.55,74.72037645297868,30.94733133975831
14606,10487,PUNJAB,FEROZEPUR,Dadodu,16.4,15.65,74.71630843711675,30.953910273869784
14605,10487,PUNJAB,FEROZEPUR,Dadodu,7.6,7.69,74.71147793298708,30.95430871396149
15722,10968,PUNJAB,MUKTSAR,Ramgarh,4.7,4.44,74.39950557600169,30.499785340388343
15721,10968,PUNJAB,MUKTSAR,Ramgarh,2.5,2.3,74.39815052798615,30.501266086657168
15424,10968,PUNJAB,MUKTSAR,Ramgarh,6.0,5.77,74.40968392117823,30.47560569551096
15423,10968,PUNJAB,MUKTSAR,Ramgarh,3.0,2.41,74.40823521003671,30.475272380484693
25364,21778,HARYANA,KURUKSHETRA,Mangoli jattan,10.0,9.87,77.03227813670287,30.122655193279225
14817,10627,HARYANA,AMBALA,Nagla nanku,8.3,8.17,76.95603950841883,30.40030287448089
24967,21203,HARYANA,KURUKSHETRA,Dhanani,18.0,16.97,77.00554973105561,30.123695077185022
17613,13448,PUNJAB,MUKTSAR,Abul khurana,3.0,3.56,74.49094795722901,30.16051166691558
17612,13448,PUNJAB,MUKTSAR,Abul khurana,19.0,19.26,74.4868776683969,30.160148308859466
15696,11117,HARYANA,FATEHABAD,Haroli,15.0,14.83,75.46431802690853,29.647977117380595
15805,11176,HARYANA,KURUKSHETRA,Rampura,5.3,5.37,76.93609972033477,30.055555744222985
23374,18262,HARYANA,YAMUNANAGAR,Talakour,12.0,6.53,77.20922334738094,30.230532319711465
12174,8930,HARYANA,AMBALA,Sarhdehdhi,5.0,5.18,77.16095836759375,30.318000153396124
25291,21689,HARYANA,KURUKSHETRA,Kharindwa,2.5,2.43,76.9320861624234,30.121991082210016
26609,23425,PUNJAB,BARNALA,Moom,3.7,3.69,75.4716757967654,30.559150321930225
26608,23425,PUNJAB,BARNALA,Moom,2.0,2.14,75.47586501736544,30.546696764285137
26607,23425,PUNJAB,BARNALA,Moom,12.0,10.36,75.47933611556844,30.549090066795195
26606,23425,PUNJAB,BARNALA,Moom,6.2,6.39,75.5029764910128,30.554532297166233
25290,21688,HARYANA,KURUKSHETRA,Kharindwa,3.3,3.39,76.9324342584465,30.120302403649394
25596,22048,HARYANA,KURUKSHETRA,Mangoli jattan,5.0,4.68,77.03540627137089,30.12639952455189
15774,11164,PUNJAB,FEROZEPUR,Sadardeen,16.6,16.12,74.48908556789966,30.860832699982385
15773,11164,PUNJAB,FEROZEPUR,Sadardeen,3.0,2.62,74.51867809124175,30.875990493054477
15772,11164,PUNJAB,FEROZEPUR,Sadardeen,3.0,3.12,74.52850677827873,30.871452938830885
20090,14945,PUNJAB,MUKTSAR,Fathui khera,5.09,5.11,74.51825685465282,30.02739860983212
20089,14945,PUNJAB,MUKTSAR,Fathui khera,9.0,8.71,74.47965316804675,30.01388328172353
25532,21956,HARYANA,KURUKSHETRA,Bartholi,12.0,11.95,77.0489568475792,30.102884976389312
17086,11923,HARYANA,YAMUNANAGAR,Jhiwerheri,10.0,9.34,77.08452738278719,30.12320800712812
17085,11923,HARYANA,YAMUNANAGAR,Jhiwerheri,5.0,5.01,77.08406584832296,30.12445415239678
17084,11923,HARYANA,YAMUNANAGAR,Jhiwerheri,6.4,6.19,77.0776095908714,30.13218429574649
25867,22446,PUNJAB,BARNALA,chiniwal khurd,5.0,5.22,75.45529380773426,30.598538847880153
18174,13771,PUNJAB,MUKTSAR,Adhnian,10.0,9.91,74.52826154116516,30.05494110368415
18173,13771,PUNJAB,MUKTSAR,Adhnian,3.0,2.75,74.52849098916833,30.06738462039647
7657,5347,HARYANA,KURUKSHETRA,isrehadi,9.0,9.9,76.97878241666322,30.12351128137272
333,309,PUNJAB,AMRITSAR,Bagge kalan,5.0,3.68,74.7364816856507,31.74644293002267
8531,6605,HARYANA,KURUKSHETRA,Buhat majra,5.0,4.56,77.07777100541212,29.960991924093765
16545,11641,HARYANA,YAMUNANAGAR,Chhari,22.6,22.9,77.13634452683826,30.090954813998813
7600,4491,HARYANA,KAITHAL,Ramnagar bhunna,10.0,9.41,76.32014416408884,29.9707609305845
5620,4491,HARYANA,KAITHAL,Ramnagar bhunna,15.0,12.47,76.31998287088759,29.968432730563137
24702,20736,HARYANA,YAMUNANAGAR,Nousher,11.0,11.2,77.25420635070282,30.381691323821407
24701,20736,HARYANA,YAMUNANAGAR,Nousher,3.0,3.16,77.25147614270544,30.3838172552103
24700,20736,HARYANA,YAMUNANAGAR,Nousher,4.0,3.91,77.24230987156555,30.38745494132548
14363,10342,HARYANA,YAMUNANAGAR,Dhourang,2.1,2.11,77.18688729329477,30.0706240571892
14362,10342,HARYANA,YAMUNANAGAR,Dhourang,2.7,2.79,77.20131642738235,30.0667668433197
8057,6295,HARYANA,KURUKSHETRA,Khanpur jattan,14.0,13.74,76.86354204472408,30.12865035443909
3047,2462,HARYANA,PANIPAT,Aasan kalan,38.0,43.91,76.89367130603493,29.406377576185953
1473,1249,HARYANA,PANIPAT,Dumiyana,20.0,17.32,76.7101556730992,29.326611637599292
8516,6596,HARYANA,KURUKSHETRA,Bhoot majra,15.0,15.08,77.07564926681724,29.96014417153552
8521,6598,HARYANA,KARNAL,Danora jagir,5.0,5.47,77.12192742711841,29.974945426231308
8520,6598,HARYANA,KARNAL,Danora jagir,14.0,15.65,77.12655447120105,29.98496538107489
8383,6500,HARYANA,KURUKSHETRA,Tatki,19.0,20.37,76.94851129061416,30.02399167027566
8380,6500,HARYANA,KURUKSHETRA,Tatki,7.0,7.34,76.95124540947182,30.028996907037623
10042,7604,HARYANA,AMBALA,Talehdi,5.0,4.76,77.03580552801172,30.14186075840764
10041,7604,HARYANA,AMBALA,Talehdi,9.4,6.7,77.03561294454623,30.14431325304631
10194,7710,HARYANA,FATEHABAD,Tamspura,8.0,7.87,75.49072542369044,29.62528601679763
10193,7710,HARYANA,FATEHABAD,Tamspura,10.0,10.06,75.49829430922928,29.64963049989381
10192,7710,HARYANA,FATEHABAD,Tamspura,6.0,5.87,75.49735673123973,29.6472319692029
10191,7710,HARYANA,FATEHABAD,Tamspura,15.0,14.83,75.49673120771627,29.649683574200463
12029,8825,HARYANA,PANIPAT,Qawi,4.0,3.62,76.7878951955978,29.463599751972165
12032,8826,HARYANA,PANIPAT,Qawi,10.0,7.37,76.7957465187293,29.459363250378285
2410,1957,HARYANA,FATEHABAD,Haroli,2.0,2.32,75.45429370567908,29.6424516708648
9911,7519,HARYANA,YAMUNANAGAR,Sarawan,15.0,15.5,77.17795652768397,30.35715698355666
9909,7519,HARYANA,YAMUNANAGAR,Sarawan,9.0,7.96,77.183293669892,30.345589956784277
8371,6491,HARYANA,KURUKSHETRA,Mathana,20.0,21.91,76.93986604466103,29.991225919472186
7033,5657,PUNJAB,MANSA,Chak alisher,1.148,1.08,75.6252674679976,29.776394703449583
7032,5657,PUNJAB,MANSA,Chak alisher,5.296,5.22,75.61412376089402,29.784408082698697
7031,5657,PUNJAB,MANSA,Chak alisher,2.844,2.71,75.62666389777607,29.774802895271826
7030,5657,PUNJAB,MANSA,Chak alisher,5.235,5.16,75.61352684762721,29.7826292812403
7029,5657,PUNJAB,MANSA,Chak alisher,2.654,2.76,75.62488007838506,29.777030885060007
14202,10243,HARYANA,KARNAL,Manjura,48.0,47.76,76.8370346504744,29.68505282705843
8664,6698,HARYANA,KURUKSHETRA,Budha,4.0,4.53,77.06559345443188,29.98543912307467
8663,6698,HARYANA,KURUKSHETRA,Budha,10.0,8.73,77.06340599455672,29.98533531598975
12187,8938,HARYANA,KARNAL,Munak,10.0,10.57,76.86303912416416,29.490896658759127
9180,7034,HARYANA,KARNAL,Rajypur,5.0,5.02,77.10669755671617,29.918650559186393
9179,7034,HARYANA,KARNAL,Rajypur,10.0,9.12,77.10524010402038,29.916394238036197
2464,2002,PUNJAB,FAZILKA,Sayad wala,12.0,11.39,74.11046470087244,30.12919829208142
8644,6685,HARYANA,KURUKSHETRA,Urnai,6.0,5.89,76.63903670009064,30.00594098072955
8643,6685,HARYANA,KURUKSHETRA,Urnai,16.0,16.52,76.63675840764563,30.00457695377145
8533,6606,HARYANA,KAITHAL,Theh Mukrian,23.0,22.53,76.3276789361549,29.97998884783896
7446,5996,HARYANA,KURUKSHETRA,Rawa,6.0,5.94,76.91873225168995,30.18795133567177
10649,7959,PUNJAB,MUKTSAR,sahib chand,7.0,6.66,74.70274134512982,30.302898270762817
6113,4920,PUNJAB,MUKTSAR,Buttar,3.0,2.2,74.68868564160236,30.350936160994404
18906,14186,HARYANA,AMBALA,Jandheri,25.0,23.99,76.62014812612922,30.092287011441563
15225,10858,HARYANA,KARNAL,Chogawan,4.0,4.03,77.20407434420873,29.93031470735288
8555,6621,PUNJAB,MUKTSAR,Lohara,18.0,17.72,74.66402544812426,30.362303292100933
20236,15061,HARYANA,KARNAL,Brass,7.0,7.01,76.76902202392868,29.73368887616611
20235,15061,HARYANA,KARNAL,Brass,43.0,42.55,76.7652179269048,29.732908942776913
8551,6618,HARYANA,KARNAL,Nissing,5.0,5.35,76.73235333730257,29.705183402582517
15891,8007,HARYANA,KURUKSHETRA,Hari singh majra,4.1,4.35,76.9640473764106,30.09528509577144
10725,8007,HARYANA,KURUKSHETRA,Hari singh majra,20.0,22.48,76.97401826078969,30.091962417672985
2585,2099,HARYANA,FATEHABAD,Fatehabad 2nd,6.0,4.78,75.46189423462732,29.541860455946235
13308,9667,HARYANA,KURUKSHETRA,Dudhi,10.2,10.01,76.98332402823311,29.97451240553903
7532,6190,PUNJAB,MANSA,Kulrian,6.811,6.76,75.69893211511767,29.801349888263616
7531,6190,PUNJAB,MANSA,Kulrian,5.546,5.55,75.66558629550094,29.81241210640876
21905,16367,HARYANA,KURUKSHETRA,Morthla,5.0,5.18,76.91169712338451,30.046461034759105
15771,11163,PUNJAB,FEROZEPUR,Sadardeen,3.4,3.14,74.5148579275395,30.881795420552383
15770,11163,PUNJAB,FEROZEPUR,Sadardeen,11.3,12.1,74.52308607701677,30.8762148612182
7008,5639,PUNJAB,MUKTSAR,channu,9.0,9.1,74.59489492112095,30.08888731229115
7457,6142,PUNJAB,MUKTSAR,sukhan abluo,12.341,12.15,74.64768859835682,30.365077121882305
10038,7601,HARYANA,KURUKSHETRA,Dhanani,5.4,5.16,76.99636080554995,30.11827701610678
9450,7218,PUNJAB,FARIDKOT,Bir sikhawala,22.0,18.95,74.83700987898294,30.628584538558865
12531,9174,PUNJAB,LUDHIANA,Jangpur,2.0,1.89,75.67491566326697,30.83286409587576
12530,9174,PUNJAB,LUDHIANA,Jangpur,4.0,4.47,75.69102258888164,30.82941278136727
13682,9899,HARYANA,KURUKSHETRA,Slimpur,44.5,40.3,76.93334011214306,30.17717325057945
16425,11569,HARYANA,YAMUNANAGAR,Sarawan,11.4,11.55,77.20578317710192,30.32461362936634
16424,11569,HARYANA,YAMUNANAGAR,Sarawan,15.0,15.28,77.19860414476499,30.350397266022277
11652,8570,HARYANA,AMBALA,Jaferpur,7.4,7.45,77.13973857204864,30.326698163786507
10198,7713,HARYANA,KURUKSHETRA,Dhanani,8.0,8.32,76.99886569584035,30.128748168128965
412,378,PUNJAB,TARN_TARAN,Jhamka,10.0,7.34,74.79458894831423,31.41435456453757
12523,9169,PUNJAB,LUDHIANA,Jangpur,5.0,5.03,75.68681348501819,30.82929450412518
11674,8583,HARYANA,YAMUNANAGAR,Daulatpur,4.0,3.8,77.11256248597267,30.093523297385858
12641,9250,PUNJAB,LUDHIANA,Tarf kotli,1.0,0.97,75.38439605387697,30.95267986534738
11922,8752,PUNJAB,BATHINDA,Batinda,13.5,13.26,74.91999240065945,30.186564815394675
1823,1504,HARYANA,PANIPAT,Bapdad,5.0,6.41,76.79946213430318,29.353354652977544
2762,2241,HARYANA,PANIPAT,Kalkha,8.0,7.07,76.8577686096505,29.33499444112979
2761,2241,HARYANA,PANIPAT,Kalkha,16.0,15.59,76.85543521385215,29.337335769288572
2557,2073,HARYANA,PANIPAT,Nara,22.0,23.11,76.76409013060594,29.40641339149377
19536,14560,HARYANA,KURUKSHETRA,Khera,7.0,7.14,76.97736005036592,30.03124948415517
19535,14560,HARYANA,KURUKSHETRA,Khera,11.2,11.07,76.97521694397011,30.031870277569855
15507,11008,HARYANA,AMBALA,Adhoi,13.2,13.21,76.96511438911523,30.189001569991547
15506,11008,HARYANA,AMBALA,Adhoi,10.0,9.95,77.01501646954746,30.18672678006772
20317,15118,HARYANA,YAMUNANAGAR,Bapoli,18.5,18.09,77.11189968144893,30.03030337055899
11875,8720,HARYANA,KURUKSHETRA,Kirmach,15.5,16.06,76.77744895671316,29.90009775318809
12880,9404,HARYANA,KURUKSHETRA,Sujri,21.2,20.45,76.9367036356768,30.090095223670097
12951,9455,PUNJAB,LUDHIANA,Jangpur,1.25,1.3,75.67100790733178,30.831038563202505
1025,886,HARYANA,PANIPAT,Kavi,15.0,16.31,76.79543247515919,29.448692681565863
19150,14334,PUNJAB,PATIALA,Harpaal,21.0,20.84,76.69391367319456,30.33216345711191
19149,14334,PUNJAB,PATIALA,Harpaal,26.0,27.33,76.6857199123639,30.35130024051487
8459,6557,HARYANA,FATEHABAD,Phoolan,34.0,31.46,75.51623853277701,29.62435665730386
23875,19262,HARYANA,YAMUNANAGAR,Damla,1.5,1.56,77.21117022612732,30.08783280931708
13232,9617,PUNJAB,LUDHIANA,Pamali,2.0,1.68,75.74781199488605,30.83292972949533
13231,9617,PUNJAB,LUDHIANA,Pamali,1.5,1.48,75.75339757942449,30.83017727879187
13209,9598,PUNJAB,LUDHIANA,Pamali,5.0,4.73,75.7444287440215,30.81804955056206
19134,14323,PUNJAB,PATIALA,Harpala,1.0,0.93,76.6621252952527,30.31303917993294
19133,14323,PUNJAB,PATIALA,Harpala,29.0,27.8,76.69166357837584,30.33740620693082
10378,7783,HARYANA,KAITHAL,Kharkra,10.0,9.84,76.28886461837735,29.975092741242623
13204,9594,PUNJAB,LUDHIANA,Pamali,1.0,1.01,75.74510190519828,30.830026714954812
13203,9594,PUNJAB,LUDHIANA,Pamali,4.5,4.27,75.73175460242176,30.816779896387136
13202,9594,PUNJAB,LUDHIANA,Pamali,3.0,2.83,75.7336389568336,30.81514153798203
13201,9594,PUNJAB,LUDHIANA,Pamali,4.0,3.84,75.74158428348011,30.817342799480432
13200,9594,PUNJAB,LUDHIANA,Pamali,6.0,6.13,75.74684481346914,30.828646180480643
13198,9593,PUNJAB,LUDHIANA,Pamali,3.2,3.13,75.7519824510092,30.830933834646633
13309,9668,HARYANA,KURUKSHETRA,Dudhi,10.0,10.9,76.98054401193933,29.974717045785138
13303,9663,HARYANA,KURUKSHETRA,Dudhi,6.2,6.53,76.9899982378363,29.97681042198105
13302,9663,HARYANA,KURUKSHETRA,Dudhi,6.6,6.24,76.98765985525502,29.9647083305693
186,178,PUNJAB,AMRITSAR,Lalla afgana,8.0,6.82,74.76577976509641,31.76023188185784
13325,9680,HARYANA,YAMUNANAGAR,Kalesra,5.5,5.34,77.1209901519631,30.089249894128734
725,648,HARYANA,SIRSA,Damdama,7.5,6.94,74.68063815208632,29.562346317959896
724,648,HARYANA,SIRSA,Damdama,6.0,5.38,74.67119102005714,29.574017777324418
697,617,HARYANA,SIRSA,Badaghuda,20.0,15.96,74.99598612375787,29.71188535685338
1948,1608,HARYANA,SIRSA,Shekhu Khera,21.0,14.97,74.76223416255705,29.485826871790636
989,862,HARYANA,KARNAL,Naru kheri,3.0,2.13,76.90189672800584,29.65964805476448
13659,9878,PUNJAB,LUDHIANA,Alamgir,21.5,21.37,75.85554865692575,30.816971396101057
13660,9879,PUNJAB,LUDHIANA,Alamgir,2.5,2.67,75.8537734902082,30.808070254902375
13684,9901,HARYANA,KURUKSHETRA,Salimpur,33.0,33.62,76.93014811564146,30.17132082483278
6715,5410,HARYANA,KARNAL,Tusang,6.0,5.57,77.12447688923986,29.891775312737895
7038,5662,PUNJAB,MUKTSAR,sukhan abluo,31.9,33.07,74.6619063318276,30.350180571623262
12178,8933,HARYANA,AMBALA,Jaferpur,11.0,11.61,77.1387190685916,30.32290331775059
5080,4038,HARYANA,KARNAL,Alawla,2.0,2.42,76.73956626959061,29.597325716242164
7209,5962,HARYANA,KARNAL,Kalsoura,2.0,2.22,77.14786451052804,29.865077348859295
6226,5025,HARYANA,KURUKSHETRA,kharindhwa,1.4,1.42,76.9294059668601,30.093532631433888
9556,7285,HARYANA,KURUKSHETRA,Sirasma,7.0,7.05,76.91163559561612,29.96663116573871
9555,7285,HARYANA,KURUKSHETRA,Sirasma,5.0,5.14,76.91252916423548,29.96673704049009
23638,14281,PUNJAB,PATIALA,Jogi majra,16.0,15.88,76.57148640019095,30.335984797275163
19049,14281,PUNJAB,PATIALA,Jogi majra,15.8,15.62,76.58612023523122,30.31655330432853
7092,5706,HARYANA,KURUKSHETRA,dudhala,6.0,5.78,76.90579648140634,30.052619249353945
7091,5706,HARYANA,KURUKSHETRA,dudhala,10.0,12.1,76.90918935591357,30.057066798145648
11753,8631,HARYANA,KURUKSHETRA,Jalkheri,15.18,15.24,76.92671051628444,30.077111587499353
6354,5113,HARYANA,KURUKSHETRA,yara,8.0,8.3,76.96978432819567,30.141749431632057
726,649,HARYANA,SIRSA,Damdama,8.0,7.61,74.67069398404792,29.575966922063547
6080,4891,PUNJAB,PATIALA,simbro,65.0,74.43,76.32169778210657,30.474484536232648
11948,8773,HARYANA,YAMUNANAGAR,Jhaguri,13.0,12.39,77.17195935289539,30.1002890796902
2099,1715,HARYANA,SIRSA,Rattakhera,10.0,9.98,74.78568589051056,29.468066802807567
24684,20697,HARYANA,KARNAL,Birchpur,30.0,26.53,76.91347569194438,29.6155934593892
2418,1963,HARYANA,KAITHAL,Kolekhan,14.0,16.09,76.20682865492705,29.662935037557663
2417,1963,HARYANA,KAITHAL,Kolekhan,12.0,13.17,76.19731437548438,29.69022685582156
12852,9386,HARYANA,KAITHAL,Sakra,12.0,12.17,76.68921892570587,29.82053238266674
23375,18263,HARYANA,YAMUNANAGAR,Talakour,10.4,10.64,77.2072558592742,30.23828682816894
1831,1507,HARYANA,SIRSA,Shekhu Khera,7.0,5.76,74.75594309119325,29.47552635674122
1829,1507,HARYANA,SIRSA,Shekhu Khera,15.0,15.06,74.75300057165016,29.46229530520635
1828,1507,HARYANA,SIRSA,Shekhu Khera,21.0,22.82,74.75517848935887,29.468191149681346
1827,1507,HARYANA,SIRSA,Shekhu Khera,33.0,27.49,74.76004657278301,29.475597064567687
17481,13384,PUNJAB,MUKTSAR,Tarkhan wala,7.0,7.01,74.38662553966833,30.323105610994464
17480,13384,PUNJAB,MUKTSAR,Tarkhan wala,8.0,8.24,74.38501969962842,30.3251045360824
2644,2143,HARYANA,SIRSA,Kotali,4.0,3.96,74.83854335335272,29.448282471986985
4619,3650,HARYANA,KARNAL,Sonkra,6.5,8.68,76.86604597559233,29.79074424514631
2480,2012,HARYANA,KARNAL,Bansa,3.0,3.18,76.84205201715187,29.607818046939304
2479,2012,HARYANA,KARNAL,Bansa,5.0,5.93,76.83875079277317,29.608380543695908
19045,14277,PUNJAB,PATIALA,Batti,30.0,30.23,76.52627415003381,30.294894793093903
19044,14277,PUNJAB,PATIALA,Batti,26.4,26.59,76.53706273601651,30.296676512134432
24677,20691,HARYANA,FATEHABAD,Madh,2.5,2.45,75.4092127375654,29.71636110604688
24676,20691,HARYANA,FATEHABAD,Madh,16.0,14.87,75.41064184411343,29.71532005638362
2494,2024,HARYANA,SIRSA,Kutabudh,15.0,13.45,74.83641361620117,29.465855726624195
2493,2024,HARYANA,SIRSA,Kutabudh,5.0,3.99,74.83701547919074,29.462642320926378
606,540,PUNJAB,AMRITSAR,Timmowal,8.0,7.67,75.08813300349959,31.525013461463125
14198,10239,HARYANA,KURUKSHETRA,Lakhmari,24.5,24.57,77.00225666484344,30.136431613584115
21353,15915,HARYANA,KURUKSHETRA,Chharpura,6.5,6.24,76.9355436958851,29.999424065450462
21352,15915,HARYANA,KURUKSHETRA,Chharpura,2.8,2.74,76.92287731995086,30.00898855054534
21351,15915,HARYANA,KURUKSHETRA,Chharpura,8.5,8.55,76.92104578087843,30.00586925299002
15884,11228,HARYANA,KURUKSHETRA,Hari Singh majra,22.0,24.62,76.97300459034328,30.089605321110344
25959,22531,HARYANA,KURUKSHETRA,Mangoli jattan,31.0,30.55,77.03986821132474,30.125353895966807
24825,20916,HARYANA,KAITHAL,Sagroli,20.3,20.28,76.66010417107147,29.809412310220782
19784,14736,PUNJAB,MUKTSAR,Madrassa,5.5,5.76,74.36468113073732,30.46289015165089
19783,14736,PUNJAB,MUKTSAR,Madrassa,2.0,2.13,74.36428853616209,30.460489094340893
21862,16338,PUNJAB,FAZILKA,Janisar,20.0,20.47,74.37255689739331,30.508538989572276
21861,16338,PUNJAB,FAZILKA,Janisar,1.0,0.98,74.37132004545397,30.50678168358217
21860,16338,PUNJAB,FAZILKA,Janisar,4.0,3.99,74.37079993835363,30.505421079218916
21859,16338,PUNJAB,FAZILKA,Janisar,5.6,5.61,74.36844712824818,30.504835770265913
21858,16338,PUNJAB,FAZILKA,Janisar,3.2,3.22,74.366213541946,30.50473407388706
1497,1266,PUNJAB,BATHINDA,Nathana,9.0,8.9,75.12309115882435,30.321599933773104
4128,3289,HARYANA,SIRSA,Dumdma,1.2,1.27,74.68259694948185,29.56426532531489
22860,17252,HARYANA,FATEHABAD,Palsar,1.5,1.09,75.5922397859516,29.60120747738997
22859,17252,HARYANA,FATEHABAD,Palsar,28.0,26.29,75.59659572441535,29.608593526231964
17492,13390,PUNJAB,FAZILKA,Rattakhera,6.0,6.77,74.34184420705157,30.4764941935366
17491,13390,PUNJAB,FAZILKA,Rattakhera,15.0,14.15,74.33593156036412,30.478266930191054
5692,4546,HARYANA,FATEHABAD,Ratakhera,10.0,8.09,75.51289913233185,29.66040859192614
15516,11016,HARYANA,AMBALA,Adhoi,16.0,16.03,77.01530311153249,30.19262083999125
7491,6164,HARYANA,SIRSA,Haripura,17.0,16.88,74.70174394198976,29.556174450088207
7490,6164,HARYANA,SIRSA,Haripura,10.0,9.66,74.69647347279356,29.56432291528657
6823,5486,PUNJAB,FARIDKOT,Machaki mall singh,26.0,26.97,74.74784522075397,30.6276024431905
14821,10631,HARYANA,AMBALA,Nagla nanku,14.0,13.62,76.95210524642799,30.39688684417977
7147,5752,HARYANA,SIRSA,Anandgarh,27.0,24.83,76.21708649237151,29.99197810305754
8408,6519,PUNJAB,MUKTSAR,sukhan abulo,14.0,14.05,74.6368067833538,30.32500875296527
1616,1348,PUNJAB,BATHINDA,Nathana,3.0,2.91,75.08129333686193,30.32228100997934
1615,1348,PUNJAB,BATHINDA,Nathana,7.0,6.31,75.07682580380846,30.321204501856094
26199,22930,PUNJAB,BARNALA,Moom,5.0,5.04,75.49447811356733,30.564285705555523
15269,10878,HARYANA,YAMUNANAGAR,Chamrori,6.2,5.82,77.13973629806593,30.062940659813464
15268,10878,HARYANA,YAMUNANAGAR,Chamrori,4.3,3.61,77.13493678903588,30.059737178454885
25250,21603,HARYANA,KURUKSHETRA,Naraingarh,8.5,8.6,76.9517658245234,30.103289644956735
3138,2519,HARYANA,PANIPAT,Gawalda,10.0,9.52,76.94514996097297,29.236161166002937
3137,2519,HARYANA,PANIPAT,Gawalda,8.0,10.11,76.93971483131426,29.22691573068584
3136,2519,HARYANA,PANIPAT,Gawalda,16.0,17.34,76.94169483778458,29.231021713419945
3135,2519,HARYANA,PANIPAT,Gawalda,5.0,4.58,76.93945173983754,29.235960089811005
23855,19199,HARYANA,AMBALA,Raomajra,26.0,25.11,76.9715036963933,30.21736120143913
8649,6690,HARYANA,KURUKSHETRA,Budha,8.0,7.33,77.06800921540706,29.98242708003166
16628,11686,PUNJAB,MUKTSAR,Ramgarh,3.0,2.73,74.38411229374819,30.484561786062052
16627,11686,PUNJAB,MUKTSAR,Ramgarh,4.0,3.43,74.38696227690562,30.484884924647297
10691,7983,PUNJAB,BARNALA,thullewal,31.0,32.77,75.64523066956738,30.41687805169095
3334,2673,HARYANA,SIRSA,Harni Kalan,3.4,2.93,74.6689462938811,29.537984138701656
3332,2673,HARYANA,SIRSA,Harni Kalan,4.0,4.79,74.67431628354589,29.540597261115433
25527,21952,HARYANA,KURUKSHETRA,Lohar majra,15.0,14.89,76.71161764351257,29.9493485226388
22220,16657,HARYANA,KURUKSHETRA,Surmi,26.0,25.65,76.68173493201833,30.002616886535375
10475,7838,PUNJAB,BATHINDA,Deon,4.0,3.81,74.8192210383993,30.24818024836164
14454,10397,HARYANA,KURUKSHETRA,Umari,20.7,20.82,76.92358341695771,29.933098146739763
24218,19935,HARYANA,KURUKSHETRA,Phalsanda jattan,10.0,9.75,77.02365846923223,30.118092939256226
16681,11717,HARYANA,KURUKSHETRA,Ghadli,21.8,22.6,76.98133740427066,29.959115935191463
18188,13780,PUNJAB,MUKTSAR,Adhnian,10.0,10.05,74.53171905715769,30.07611739113901
18187,13780,PUNJAB,MUKTSAR,Adhnian,4.0,4.1,74.56138763004299,30.07985906030975
18186,13780,PUNJAB,MUKTSAR,Adhnian,16.0,16.43,74.53767093329792,30.075195186184263
18185,13780,PUNJAB,MUKTSAR,Adhnian,6.0,6.5,74.53203480281942,30.079212510250624
18184,13780,PUNJAB,MUKTSAR,Adhnian,14.0,14.64,74.53365646050905,30.07826269370257
2158,1759,HARYANA,FATEHABAD,Haroli,10.0,7.79,75.44590783384484,29.646267891534688
2157,1759,HARYANA,FATEHABAD,Haroli,17.0,17.3,75.44851885911156,29.64659501510691
15266,10876,HARYANA,YAMUNANAGAR,Chamrori,6.0,6.01,77.13539438160817,30.066851565562736
5775,4618,HARYANA,JIND,Sahapur,6.0,6.79,76.34005277197191,29.40624311419532
25228,21576,HARYANA,KURUKSHETRA,Mahwa kheri,10.0,10.02,77.03977401139521,30.090855711740165
5706,4553,HARYANA,SIRSA,Damdama,18.0,18.02,74.65866853214239,29.559486998889135
5705,4553,HARYANA,SIRSA,Damdama,5.0,4.01,74.6672074776255,29.603121598362193
25988,22551,HARYANA,KAITHAL,Sach,19.5,18.59,76.67641141061132,29.73282708242398
2294,1869,HARYANA,KAITHAL,Dubble,6.0,4.54,76.22673808616443,29.738418177012935
19397,14469,PUNJAB,MUKTSAR,Madrassa,4.71,3.9,74.36155023749923,30.45573362153924
19532,14557,HARYANA,KURUKSHETRA,Khara,17.0,16.72,76.96664376226695,30.02418981184354
3226,2583,HARYANA,JIND,Sharda,10.0,11.98,76.43604428505792,29.368616896329865
13233,9618,PUNJAB,LUDHIANA,Pamali,3.5,3.51,75.75652205900022,30.82953745533867
3264,2618,PUNJAB,BARNALA,Sanghera,4.0,4.06,75.5569570939062,30.40935868921678
15412,10961,HARYANA,KURUKSHETRA,Ban,20.2,19.59,77.08091692977479,29.99525232968235
3244,2601,HARYANA,FATEHABAD,Ganja Rupana,30.0,32.15,75.25853078258817,29.35366253456582
6112,4919,HARYANA,YAMUNANAGAR,Chamrori,9.0,8.39,77.13791716504143,30.058027154455356
6111,4919,HARYANA,YAMUNANAGAR,Chamrori,2.0,2.03,77.1383487231445,30.053526280792703
19527,14553,HARYANA,KURUKSHETRA,Khaira,12.0,12.72,76.96125075926193,30.023303936151148
22496,16890,HARYANA,KURUKSHETRA,Bani,11.5,12.59,77.08853097594499,29.974030437650686
22495,16890,HARYANA,KURUKSHETRA,Bani,18.0,18.0,77.09671432370703,29.97199459764451
1604,1339,HARYANA,PANIPAT,Vaiser,3.0,2.64,76.80692384954943,29.36620302479237
12639,9248,PUNJAB,LUDHIANA,Tihara,14.0,13.1,75.38112734940785,30.94288676220488
7588,2267,HARYANA,KARNAL,Chirao,5.0,3.72,76.88312092299273,29.66964815389107
15515,11015,HARYANA,AMBALA,Adhoi,7.6,7.92,77.0169868883396,30.194685960156583
26213,22948,HARYANA,YAMUNANAGAR,Nagal,21.0,20.04,77.26285297679611,30.063179153618524
795,701,HARYANA,KARNAL,Jarifa viran,18.5,17.91,76.86446181966636,29.685566172303545
20661,15391,HARYANA,AMBALA,Ugala,24.0,24.34,76.96508733395963,30.18152726192925
2634,2135,HARYANA,SIRSA,Kesupura,5.0,4.45,74.85041427467733,29.44905619353374
2633,2135,HARYANA,SIRSA,Kesupura,3.0,3.02,74.85542938203854,29.46288020703622
2385,1939,HARYANA,SIRSA,Kutabudh,2.0,2.3,74.81213571197034,29.476424549921244
2384,1939,HARYANA,SIRSA,Kutabudh,2.5,2.39,74.82653106962346,29.47083108589055
20451,15223,HARYANA,KARNAL,Gunyana,20.0,19.68,76.71169035687839,29.721724166348615
1001,867,PUNJAB,AMRITSAR,Timmowal,11.0,12.43,75.10664542430868,31.52993050709983
14193,10235,PUNJAB,BARNALA,kalala,22.0,24.11,75.51985411136968,30.490527577483455
6881,5532,PUNJAB,FARIDKOT,Kamiana,18.0,18.45,74.7157147519287,30.63426981534743
18504,13948,PUNJAB,FEROZEPUR,Akku wala,2.0,2.07,74.66030021714924,31.024632097651917
14754,10576,HARYANA,FATEHABAD,Manjra,33.0,32.92,75.52487781114326,29.553456990853217
1769,1468,HARYANA,FATEHABAD,Haroli,2.0,2.08,75.46291430210131,29.66785385799427
20528,15286,PUNJAB,MUKTSAR,Lal bai,20.657,21.06,74.57056091575055,30.140478052003967
7028,5656,PUNJAB,FARIDKOT,Ratti Rori,28.0,25.84,74.70367634455602,30.627170666360534
2639,2139,HARYANA,SIRSA,kesupura,4.0,3.7,74.85063265517222,29.445598018937535
2148,1751,HARYANA,FATEHABAD,laloda,2.0,1.69,75.8736282224017,29.62794353673308
3242,2599,HARYANA,FATEHABAD,Dadupur,16.0,15.1,75.47940872594329,29.685557097207287
4854,3848,HARYANA,FATEHABAD,Ayalki,20.0,17.29,75.50497785348566,29.56147261163554
24113,19804,HARYANA,FATEHABAD,Haroli,3.5,3.44,75.44809397716168,29.674824386849934
2591,2105,HARYANA,FATEHABAD,Dhani taliwali,10.0,9.12,75.46198893260592,29.533526633762573
25890,22460,HARYANA,FATEHABAD,Alika,8.0,8.14,75.41857578431144,29.721551587920658
25889,22460,HARYANA,FATEHABAD,Alika,33.0,32.19,75.41531980211604,29.717838628865938
23588,18722,HARYANA,FATEHABAD,Manghera,19.0,18.49,75.69389853287468,29.632095324860533
23587,18722,HARYANA,FATEHABAD,Manghera,20.0,19.0,75.6970585488171,29.634647523029976
11677,8585,HARYANA,AMBALA,Jaferpur,4.5,4.54,77.14466928905253,30.33522733552353
19039,14273,PUNJAB,PATIALA,Rurki,26.0,26.11,76.58782015728032,30.31344003030848
19038,14273,PUNJAB,PATIALA,Rurki,20.6,20.8,76.58236430118258,30.328303519739087
19051,14283,PUNJAB,PATIALA,Haripur jhugiya,14.6,15.38,76.55987245105919,30.302152913904745
19046,14278,PUNJAB,PATIALA,Harpalpur,30.0,29.09,76.61961157933037,30.3737763119698
19053,14285,PUNJAB,PATIALA,Harpal pur,30.0,30.64,76.61545111684035,30.3724291656022
3252,2607,HARYANA,FATEHABAD,Dadupur dhani,15.0,14.37,75.49121906598114,29.67226235459466
23172,17918,HARYANA,FATEHABAD,Ratakhera,19.8,18.14,75.51411612101836,29.64817974604828
19124,14319,PUNJAB,PATIALA,Harpala,40.2,37.27,76.70119181699319,30.34316285782908
19119,14315,PUNJAB,PATIALA,Harpala,21.4,19.33,76.68746160906048,30.347488086572753
19123,14318,PUNJAB,PATIALA,Harpala,10.0,11.9,76.67777760182277,30.34977929074485
19131,14322,PUNJAB,PATIALA,Nager,15.0,16.76,76.57475258671823,30.301881526919068
21894,16360,HARYANA,FATEHABAD,Mohmmadpur rohi,20.0,19.74,75.57741023465154,29.460681690879383
19156,14337,PUNJAB,PATIALA,Batta,10.0,9.63,76.54713365980456,30.281509026655584
19155,14337,PUNJAB,PATIALA,Batta,20.0,20.18,76.54295090717629,30.281086372457185
3093,2490,HARYANA,PANIPAT,Sewah,1.0,1.05,76.97196646371486,29.32329352076459
16839,11806,PUNJAB,MUKTSAR,Abul khurana,6.0,6.02,74.53303492944387,30.120525189973684
16838,11806,PUNJAB,MUKTSAR,Abul khurana,4.0,4.02,74.51973060347441,30.13692248273124
16837,11806,PUNJAB,MUKTSAR,Abul khurana,11.0,11.15,74.51395018617461,30.138224331738495
16836,11806,PUNJAB,MUKTSAR,Abul khurana,3.7,3.6,74.51438378817711,30.13565965750733
16835,11806,PUNJAB,MUKTSAR,Abul khurana,30.5,30.79,74.51834023881729,30.135490313715884
22266,16709,HARYANA,FATEHABAD,Alika,15.0,13.18,75.42587151109903,29.696254524299047
19625,14619,HARYANA,KURUKSHETRA,Bapdi,3.5,3.56,77.07756912960926,29.9678404513708
15914,11245,HARYANA,FATEHABAD,Jallopur,5.0,5.13,75.49460503900498,29.6903664061324
9717,7390,HARYANA,FATEHABAD,Hukmawali,20.0,19.85,75.43951797084783,29.694178293934375
12147,8909,HARYANA,FATEHABAD,Ajit nagar,5.0,5.02,75.38578035787215,29.69487799591722
13341,9690,HARYANA,FATEHABAD,Laali,28.0,27.39,75.4829438893096,29.68756951132888
17147,11953,PUNJAB,FAZILKA,Jandwala,14.0,13.34,74.30979954152247,30.524291242967404
17143,11953,PUNJAB,FAZILKA,Jandwala,11.0,12.95,74.31389312655774,30.51938381916344
19224,14374,PUNJAB,FAZILKA,Houjkhass,11.5,11.52,74.18767651395905,30.458237685399933
14026,7393,HARYANA,FATEHABAD,Dadupur,3.8,3.59,75.48179770499463,29.713609399882383
14025,7393,HARYANA,FATEHABAD,Dadupur,5.0,5.06,75.46244115456376,29.683566718525125
9721,7393,HARYANA,FATEHABAD,Dadupur,34.0,26.18,75.42864045724639,29.712836861132228
9719,7393,HARYANA,FATEHABAD,Dadupur,60.0,56.67,75.43000658846547,29.710070150508784
22600,16984,PUNJAB,FAZILKA,Hogkash,18.1,17.87,74.20169332659417,30.4560574509346
20662,15392,HARYANA,AMBALA,Ugala,8.4,8.49,76.98226492212898,30.176773441578668
8391,6506,HARYANA,FATEHABAD,Tamspura,28.0,27.61,75.49733668274295,29.654611014903068
18523,13958,PUNJAB,FAZILKA,DABWALA KALLAN,3.034,3.16,74.23783305524572,30.338523348008163
24296,20042,HARYANA,FATEHABAD,Kalotha,19.0,17.38,75.45353292761794,29.74164415208976
22591,16980,PUNJAB,FAZILKA,Hogkhas,43.0,44.78,74.19993992018124,30.44988625394025
18159,13761,PUNJAB,FEROZEPUR,Jiwanarian,4.0,3.98,74.32795609119744,30.67768662783447
23737,19045,HARYANA,KAITHAL,Dushan,24.7,24.63,76.66154476391299,29.78319060795804
21132,15725,HARYANA,KURUKSHETRA,Dhanani,25.0,25.54,76.99409906743601,30.120814576637812
21214,15780,HARYANA,AMBALA,Raomajra,26.0,25.42,76.957840224434,30.207514384016157
21231,15789,HARYANA,AMBALA,Ugala,10.9,10.6,76.9834606978255,30.183730468245393
21232,15790,HARYANA,AMBALA,Ugala,20.0,19.55,76.98110214666326,30.18340087128972
14423,10374,PUNJAB,FEROZEPUR,Gadodu,8.9,8.43,74.73077106872152,30.95485476567558
14422,10374,PUNJAB,FEROZEPUR,Gadodu,5.5,4.8,74.72327813588723,30.94971531097991
21237,15798,HARYANA,AMBALA,Ugala,15.0,15.31,76.97712741064761,30.203232339813653
21236,15798,HARYANA,AMBALA,Ugala,31.0,31.04,76.98364011938214,30.213866266304933
8648,6689,PUNJAB,FAZILKA,Raipura,25.5,19.12,74.29410691955302,30.127516094220297
21565,16092,HARYANA,KURUKSHETRA,Barhan,30.0,29.31,77.01682338091678,29.98705483517253
17749,13514,PUNJAB,FAZILKA,Chak Suhelewala,10.0,9.64,74.35793967372089,30.51862814742623
19219,14369,PUNJAB,FAZILKA,Chaksarrain,1.3,1.32,74.24182280154157,30.469342380953968
17808,13529,PUNJAB,FAZILKA,Jandwala,4.0,3.8,74.30787734053878,30.52587644293842
17807,13529,PUNJAB,FAZILKA,Jandwala,4.0,3.26,74.30784848266346,30.525081317860767
17774,13529,PUNJAB,FAZILKA,Jandwala,4.0,3.68,74.31077159643867,30.525993427705515
17773,13529,PUNJAB,FAZILKA,Jandwala,3.5,3.69,74.31069413004516,30.526525164574867
17772,13529,PUNJAB,FAZILKA,Jandwala,5.0,5.09,74.31180927096739,30.524351716492284
18000,13664,PUNJAB,FAZILKA,Chakroranwala,7.0,6.04,74.29587598233898,30.485730897833736
18845,14154,PUNJAB,FAZILKA,Janisar,8.6,8.67,74.36064830087673,30.490788468372862
7885,2584,HARYANA,JIND,Barsana,6.0,5.39,76.39332041067131,29.3652705805067
3227,2584,HARYANA,JIND,Barsana,24.0,22.7,76.39914259106662,29.35983954874753
18002,13665,PUNJAB,FAZILKA,Chakroranwala,2.0,1.84,74.30492783232498,30.484160765279164
18001,13665,PUNJAB,FAZILKA,Chakroranwala,12.5,12.3,74.29963194342596,30.486128393818387
17369,13327,PUNJAB,FAZILKA,Jandwala,1.5,1.38,74.30422343283293,30.52991541407037
17368,13327,PUNJAB,FAZILKA,Jandwala,9.5,9.54,74.3044191021477,30.52809183208688
14201,10242,PUNJAB,FEROZEPUR,Basti dabh wali,17.1,16.2,74.76066376772319,30.954757580214395
18855,14160,PUNJAB,FAZILKA,Janisar,10.5,10.84,74.36423339620058,30.49031170786003
17371,13329,PUNJAB,FAZILKA,Jandwala,11.0,12.32,74.2994491807876,30.519098429744133
26308,23060,PUNJAB,BARNALA,moom,7.2,7.24,75.48799275068376,30.56977141711722
19260,14384,PUNJAB,FAZILKA,Hogkhass,10.2,10.52,74.20700999792756,30.45746674559064
19259,14384,PUNJAB,FAZILKA,Hogkhass,10.2,9.64,74.20683430203418,30.45628219555385
19258,14384,PUNJAB,FAZILKA,Hogkhass,9.6,10.26,74.20337325025157,30.461614503981004
19241,14384,PUNJAB,FAZILKA,Hogkhass,7.5,7.99,74.19986173177789,30.465158768861272
19240,14384,PUNJAB,FAZILKA,Hogkhass,4.0,3.82,74.20032266098613,30.46358337209087
19239,14384,PUNJAB,FAZILKA,Hogkhass,9.0,10.49,74.20218787615771,30.46263680232077
17763,13519,PUNJAB,FAZILKA,Jandwala,11.0,13.61,74.31322496721232,30.52695792802624
17757,13519,PUNJAB,FAZILKA,Jandwala,7.5,7.49,74.32358530252927,30.519180582143555
18995,14246,PUNJAB,FAZILKA,Chakjandwala,24.8,24.53,74.31364622381076,30.511294290636215
17145,11954,PUNJAB,FAZILKA,Jandwala,1.5,1.38,74.31374069996951,30.520452783135028
17144,11954,PUNJAB,FAZILKA,Jandwala,3.0,3.44,74.3127178433961,30.521347549263023
19146,14332,PUNJAB,PATIALA,Lohosimli,77.0,75.79,76.72700781972975,30.353764283324654
17030,11891,PUNJAB,FAZILKA,Paka kalawala,2.0,2.0,74.31558764051698,30.55249947621503
17029,11891,PUNJAB,FAZILKA,Paka kalawala,5.5,5.29,74.31555293019083,30.548859930952872
17028,11891,PUNJAB,FAZILKA,Paka kalawala,4.2,3.98,74.31401257234725,30.5485582436687
20632,15364,PUNJAB,FAZILKA,Jandwala,1.9,1.9,74.32138199820592,30.515192636634723
20631,15364,PUNJAB,FAZILKA,Jandwala,5.8,5.56,74.32551517990763,30.521524339944552
20630,15364,PUNJAB,FAZILKA,Jandwala,2.6,2.36,74.32162016358942,30.518140035076613
20629,15364,PUNJAB,FAZILKA,Jandwala,2.65,2.85,74.32212344428979,30.519158126904667
18532,13966,PUNJAB,FAZILKA,Janisar,80.0,99.36,74.37830256410828,30.501139720156655
18531,13966,PUNJAB,FAZILKA,Janisar,40.0,28.31,74.37488318520671,30.50331892604451
17511,13397,PUNJAB,FAZILKA,Chakroranwala,4.5,4.21,74.29925294177956,30.490845704934216
19164,14342,PUNJAB,FAZILKA,Chakcaverwala,12.0,10.49,74.27954991084796,30.518763824190223
18544,13976,PUNJAB,FAZILKA,Janisar,1.8,1.81,74.35920947228529,30.496180422697343
18543,13976,PUNJAB,FAZILKA,Janisar,33.0,34.58,74.35790642151208,30.4983188503382
22853,17242,PUNJAB,FAZILKA,Rattakhera,1.0,1.11,74.31298937636915,30.47885297720525
22850,17242,PUNJAB,FAZILKA,Rattakhera,3.4,3.95,74.31188285350788,30.47799958029968
22847,17242,PUNJAB,FAZILKA,Rattakhera,5.4,5.58,74.32534570806808,30.489763836290436
18974,14238,PUNJAB,FAZILKA,Chak jandwala,5.36,4.84,74.3009277904034,30.50497601478698
18973,14238,PUNJAB,FAZILKA,Chak jandwala,6.99,6.75,74.30376479449853,30.505223722531777
19507,14534,PUNJAB,FAZILKA,Chaksarrian,0.433,0.42,74.2293613413391,30.46434830344645
19501,14534,PUNJAB,FAZILKA,Chaksarrian,1.2,1.3,74.23432267076632,30.46403158302668
18576,14002,PUNJAB,FAZILKA,Janisar,2.4,2.6,74.37000316249154,30.49890410125444
18228,13803,HARYANA,KARNAL,Gonder,40.0,40.28,76.75433842372905,29.598645522209917
16665,11708,PUNJAB,FAZILKA,Chakjanisar,21.0,21.88,74.33331454835694,30.51203670190875
16673,11711,PUNJAB,FAZILKA,Chakjandwala,25.0,23.44,74.31534942952462,30.506767614483895
19220,14370,PUNJAB,FAZILKA,Chaksarrian,2.4,2.33,74.24386296962294,30.46933199686532
19163,14341,PUNJAB,FAZILKA,Chakjandwala,8.5,8.02,74.30530647138806,30.510300998875856
18571,13998,PUNJAB,FAZILKA,Janisar,4.5,4.44,74.37233902709049,30.49993243431173
18570,13998,PUNJAB,FAZILKA,Janisar,5.5,5.92,74.37157931779885,30.49888060376371
8777,6775,PUNJAB,MANSA,Gandhu kalan,13.066,13.11,75.54914590662642,29.780167674885657
8776,6775,PUNJAB,MANSA,Gandhu kalan,1.678,1.7,75.54762745040567,29.782989932157903
18680,14062,PUNJAB,FAZILKA,Rattakhera,7.0,6.88,74.33310253005115,30.472342263022863
18676,14062,PUNJAB,FAZILKA,Rattakhera,17.0,17.44,74.34560281722398,30.473441141564926
18675,14062,PUNJAB,FAZILKA,Rattakhera,7.0,7.12,74.33693187185436,30.47195452177837
15418,10964,PUNJAB,FAZILKA,Janisar,3.0,2.85,74.36519531129613,30.491510083311816
15417,10964,PUNJAB,FAZILKA,Janisar,11.0,12.14,74.36556416596476,30.494126600495605
19244,14382,PUNJAB,FAZILKA,Hogkhas,6.0,6.68,74.19376114689999,30.461413883715217
19242,14382,PUNJAB,FAZILKA,Hogkhas,4.0,3.45,74.19377396792028,30.4650480556875
19238,14382,PUNJAB,FAZILKA,Hogkhas,7.5,6.93,74.19311944015632,30.469792593911148
19237,14382,PUNJAB,FAZILKA,Hogkhas,4.7,4.61,74.19448590424281,30.4679283720457
19236,14382,PUNJAB,FAZILKA,Hogkhas,8.5,8.56,74.19654745930183,30.466583157958897
18699,14076,PUNJAB,FAZILKA,Chak sarrian,7.5,6.9,74.24276907266102,30.4641791415454
18694,14068,PUNJAB,FAZILKA,Rohiwala,1.6,1.52,74.24207200732964,30.464495398856684
18693,14068,PUNJAB,FAZILKA,Rohiwala,4.0,3.88,74.25355552823852,30.473935000175143
18689,14068,PUNJAB,FAZILKA,Rohiwala,10.0,10.09,74.2773760037778,30.483249347821733
18687,14068,PUNJAB,FAZILKA,Rohiwala,12.0,12.01,74.26743987456834,30.469974275569083
17123,11942,PUNJAB,FAZILKA,Pakkakalawala,3.0,3.12,74.34699366176952,30.52382867726529
17121,11942,PUNJAB,FAZILKA,Pakkakalawala,14.0,15.11,74.34845351194296,30.527602146151956
17764,13523,PUNJAB,FAZILKA,Jandwala,4.0,3.94,74.32363819594043,30.52278106076179
17762,13518,PUNJAB,FAZILKA,Jandwala,3.0,3.64,74.31167302441433,30.51856663102417
17761,13518,PUNJAB,FAZILKA,Jandwala,8.5,8.34,74.3095824494399,30.51945081368092
17756,13518,PUNJAB,FAZILKA,Jandwala,11.0,10.95,74.32350312225051,30.517468367562884
19158,14338,PUNJAB,FAZILKA,Janisar,1.34,1.32,74.37280914646836,30.497202988331697
18854,14159,PUNJAB,FAZILKA,Janisar,8.5,8.14,74.3643588434905,30.489151763618313
18852,14159,PUNJAB,FAZILKA,Janisar,4.3,4.27,74.36306289530012,30.491916428436387
18997,11718,PUNJAB,FAZILKA,Chakjandwala,2.84,2.78,74.3128920080329,30.509636758640628
18991,11718,PUNJAB,FAZILKA,Chakjandwala,3.81,3.7,74.31248265653907,30.508250246154233
18990,11718,PUNJAB,FAZILKA,Chakjandwala,2.5,2.33,74.31143874564658,30.508479759695437
18980,11718,PUNJAB,FAZILKA,Chakjandwala,10.4,10.11,74.31753190722789,30.498571682400662
18978,11718,PUNJAB,FAZILKA,Chakjandwala,8.2,5.9,74.31496163868489,30.498787315038214
16683,11718,PUNJAB,FAZILKA,Chakjandwala,9.0,7.31,74.31958114405252,30.51006459806166
2707,2198,HARYANA,FATEHABAD,Chatnpura dhani,7.0,6.94,75.48288108195753,29.535103459348647
18546,13977,PUNJAB,FAZILKA,Janisar,1.0,0.98,74.35673719103772,30.49468562102594
15286,10889,PUNJAB,FAZILKA,Jandwala,6.0,5.95,74.31171129290857,30.522284936708378
17037,11893,PUNJAB,FAZILKA,Pakkakala,2.0,1.82,74.3173224934405,30.55064143253126
17036,11893,PUNJAB,FAZILKA,Pakkakala,0.75,0.83,74.31562090350091,30.55211303054819
17034,11893,PUNJAB,FAZILKA,Pakkakala,14.0,13.5,74.31876796410432,30.55266811369771
17033,11893,PUNJAB,FAZILKA,Pakkakala,6.0,5.89,74.31704889777892,30.55415028085244
18004,13666,PUNJAB,FAZILKA,Chak Suhelewala,2.0,2.27,74.36499794594756,30.513569011605224
18003,13666,PUNJAB,FAZILKA,Chak Suhelewala,8.0,7.83,74.34625263960154,30.52903897598489
22041,16531,HARYANA,YAMUNANAGAR,Kail,6.0,5.94,77.23931823772544,30.198214892067146
17367,13326,PUNJAB,FAZILKA,Chakjandwala,4.5,3.98,74.31745783302523,30.504321241079968
18857,14157,PUNJAB,FAZILKA,Janisar,4.0,3.96,74.36176260221959,30.49266925225895
18851,14157,PUNJAB,FAZILKA,Janisar,2.4,2.44,74.36055281451632,30.492803446714333
18850,14157,PUNJAB,FAZILKA,Janisar,2.0,2.52,74.3614672290015,30.48939450770992
17487,13387,PUNJAB,FAZILKA,Rattakhera,6.0,5.94,74.33682570198971,30.47630412509197
3564,2846,HARYANA,JIND,Lochab,18.0,14.29,76.44087026879434,29.35946517379768
1752,1453,HARYANA,HISAR,Kuleri,7.0,5.76,75.66729297133978,29.371585456907717
17152,11952,PUNJAB,FAZILKA,Jandwala,9.0,8.69,74.317198099489,30.52228316260608
17142,11952,PUNJAB,FAZILKA,Jandwala,1.5,1.57,74.31265807349902,30.520515696603702
25598,22053,HARYANA,KAITHAL,Mohna,25.0,24.91,76.59364655990674,29.781950428464743
22391,16815,PUNJAB,FAZILKA,Bhagawala,8.1,8.27,74.12040861565582,30.442936541510363
470,426,PUNJAB,AMRITSAR,Kotlisakian wali,10.0,9.78,74.85698104690348,31.786541623431525
22596,16982,PUNJAB,FAZILKA,Hogkash,5.2,5.17,74.19510862996484,30.461469184512385
22595,16982,PUNJAB,FAZILKA,Hogkash,2.0,2.08,74.18888673228297,30.45971599109412
22594,16982,PUNJAB,FAZILKA,Hogkash,1.4,1.5,74.18700332527553,30.456921502509456
2674,2168,HARYANA,SIRSA,Ghukanwali,40.0,40.01,74.8633053956689,29.706890360402102
17618,13451,PUNJAB,FAZILKA,Janisar,6.3,5.99,74.35795413736582,30.486328057102124
13338,9687,PUNJAB,FEROZEPUR,Bandala,3.0,3.87,74.77255366242119,31.097941682281395
8004,6257,HARYANA,SIRSA,Jagmalwali,39.0,36.24,76.2253514058461,29.899117729281446
6999,5631,PUNJAB,MUKTSAR,channu,9.6,9.7,74.59467000960626,30.09027276746211
17289,12027,PUNJAB,FEROZEPUR,Karmu wala,36.0,33.94,74.8281623342893,30.932898367746684
15769,11162,PUNJAB,FEROZEPUR,Sadardeen,11.3,11.11,74.5196292780664,30.877165287822436
15768,11162,PUNJAB,FEROZEPUR,Sadardeen,6.4,6.9,74.51677547418015,30.875138493571026
15767,11162,PUNJAB,FEROZEPUR,Sadardeen,7.8,8.16,74.51746877359403,30.87815322881948
7987,2055,HARYANA,FATEHABAD,Hukmawali,8.0,8.31,75.44413113845116,29.683584527000665
1185,1012,PUNJAB,GURDASPUR,Said Mubarak,3.0,2.12,75.16366819242234,31.800357922086594
2602,2114,HARYANA,KURUKSHETRA,Jyotisar,10.0,9.49,76.75977776811398,29.960726307535815
7650,4907,HARYANA,KARNAL,Gonder,11.0,11.23,76.74427273570033,29.64218172946465
2704,2195,HARYANA,FATEHABAD,Chetnpura dhani,3.0,2.64,75.47599770679703,29.53664623614268
2703,2195,HARYANA,FATEHABAD,Chetnpura dhani,4.0,3.74,75.47373958076624,29.537672026968757
699,619,PUNJAB,GURDASPUR,Kateebi,6.0,7.34,75.18401012248358,31.83337266400468
3312,2656,HARYANA,KURUKSHETRA,Jyotisar,6.0,4.38,76.76492795943955,29.958076429243903
2712,2201,HARYANA,JIND,Barsana,3.0,2.92,76.40815507924776,29.359255264837486
2711,2201,HARYANA,JIND,Barsana,4.0,4.6,76.40102514287148,29.363244795243656
2710,2201,HARYANA,JIND,Barsana,10.0,6.89,76.39796840917491,29.362603964687025
1673,1391,HARYANA,SIRSA,Himayun Khera,7.0,7.2,74.76219216119557,29.48130348726699
1672,1391,HARYANA,SIRSA,Himayun Khera,7.0,5.31,74.76513300115388,29.474553204990823
6343,5105,HARYANA,JIND,Sahapur,11.0,9.53,76.33845007640193,29.408428932797673
23212,18033,HARYANA,KAITHAL,Pharal,10.0,10.36,76.58128601867652,29.84315655727361
3441,2757,HARYANA,KAITHAL,Kalalat,52.0,35.57,76.22739356588777,29.68172286419263
2743,2226,HARYANA,JIND,Khunga kothi,5.0,4.55,76.41832423273301,29.374516215747487
1879,1551,HARYANA,FATEHABAD,Haroli,19.0,19.98,75.45712571092395,29.64706367166623
3263,2617,HARYANA,JIND,Kandela,11.0,8.13,76.3534791208966,29.38440354442081
20319,15120,PUNJAB,FAZILKA,Chak chappriwala,1.3,1.32,74.21094867829413,30.48189505407576
20318,15120,PUNJAB,FAZILKA,Chak chappriwala,1.2,1.27,74.21202661041444,30.482838551997844
17787,13537,HARYANA,KAITHAL,Pabnawa,7.0,6.74,76.63846222297494,29.884504846610575
17786,13537,HARYANA,KAITHAL,Pabnawa,8.0,7.78,76.64061739553334,29.885991776161433
25249,21602,HARYANA,KAITHAL,Ahun,4.7,4.61,76.6902674147789,29.788849710608183
25600,22055,HARYANA,KAITHAL,Ahun,2.0,1.72,76.68096898233996,29.79126487513821
7859,4295,HARYANA,KAITHAL,Dubble,12.0,12.51,76.23668862165749,29.731657083117515
5370,4295,HARYANA,KAITHAL,Dubble,6.0,5.74,76.2423647980815,29.740697003258344
5369,4295,HARYANA,KAITHAL,Dubble,26.0,28.82,76.23333008920496,29.73488978641697
3648,2916,HARYANA,KAITHAL,Guhna,2.0,1.9,76.2478520660911,29.767531023995986
25845,22389,HARYANA,KAITHAL,Teonta,9.0,9.01,76.62097376059957,29.782811312032933
25844,22389,HARYANA,KAITHAL,Teonta,21.5,21.41,76.62712762243811,29.777856457733293
12955,9456,PUNJAB,LUDHIANA,Phameli,2.0,1.83,75.74127593410826,30.82166289997955
12954,9456,PUNJAB,LUDHIANA,Phameli,2.0,1.43,75.73725728408662,30.82117651222843
12953,9456,PUNJAB,LUDHIANA,Phameli,6.0,6.01,75.74080285179241,30.828857497871077
2552,2070,HARYANA,KAITHAL,Guhna,15.0,14.86,76.2429068038757,29.769530224386752
13514,9792,HARYANA,KAITHAL,Buchi,4.0,3.86,76.64502971548967,29.76004310006172
3505,2804,HARYANA,SIRSA,Talwara khurd,4.0,3.6,74.62025490701053,29.48492985551704
3504,2804,HARYANA,SIRSA,Talwara khurd,15.0,15.22,74.61789759164844,29.484316793725373
3503,2804,HARYANA,SIRSA,Talwara khurd,1.0,1.0,74.62027401696231,29.4863390439124
19421,14482,HARYANA,KAITHAL,Siwan,8.0,7.31,76.35561204823811,29.91175819512397
9943,7533,HARYANA,AMBALA,Sehla,5.0,5.06,77.1675004975881,30.35165267022849
9937,7533,HARYANA,AMBALA,Sehla,3.4,3.84,77.16046430880154,30.339752569758872
9933,7533,HARYANA,AMBALA,Sehla,4.0,4.43,77.16134685959321,30.349311389539732
19303,14417,HARYANA,KAITHAL,Sach,4.0,3.94,76.65833426466656,29.73925438518154
2705,2196,HARYANA,FATEHABAD,Haroli,2.0,2.42,75.45585873662051,29.658759277431773
1266,1076,HARYANA,KAITHAL,Ramdaspura,20.0,17.86,76.31442424260065,29.943709933898123
8131,6330,HARYANA,KAITHAL,Kharudi,33.0,31.36,76.33123433647573,29.980516214285128
3210,2573,HARYANA,HISAR,Nangthla,3.0,2.78,75.70347492722662,29.33221054314241
3302,2648,HARYANA,SIRSA,Odhan,45.0,44.83,74.88740413890997,29.748244998281184
3641,2909,HARYANA,KAITHAL,Khedilamba,2.0,1.6,76.22364938095531,29.70226739325663
1926,1591,HARYANA,KAITHAL,Polad,40.0,33.17,76.35889153647838,29.93760491392896
2733,2220,HARYANA,FATEHABAD,Chatnpura dhani,25.0,24.64,75.47910987443301,29.54644904292888
1074,922,HARYANA,KAITHAL,Sotha,10.0,9.75,76.34705658921986,29.919676585155795
1073,922,HARYANA,KAITHAL,Sotha,42.0,41.02,76.33265767155409,29.919907184574573
1072,922,HARYANA,KAITHAL,Sotha,10.0,8.5,76.32426452576041,29.92254434830647
947,821,HARYANA,KAITHAL,Siwan,4.0,4.91,76.35802014040165,29.91607098528777
1415,1199,HARYANA,KAITHAL,Sair,15.0,19.22,76.30668330948347,29.941148571097777
1408,1192,HARYANA,KAITHAL,Sair,2.0,1.75,76.30862973951851,29.94062748800696
2031,1666,HARYANA,KAITHAL,Parbhawt,15.0,15.86,76.29924369950544,29.9143007238658
2030,1666,HARYANA,KAITHAL,Parbhawt,15.0,15.93,76.29534270095624,29.911359396255875
857,752,HARYANA,KAITHAL,Sotha,40.0,38.25,76.34027935129005,29.916490197629408
1250,1066,HARYANA,KAITHAL,Siwan,5.0,5.28,76.36577622757349,29.92682943385671
1249,1066,HARYANA,KAITHAL,Siwan,10.0,7.98,76.3696717463606,29.92370045153083
1674,1392,HARYANA,KAITHAL,Harnola,11.0,11.37,76.31660089529443,29.925951600299708
3436,2752,HARYANA,KAITHAL,Sair,9.0,9.55,76.29491741039013,29.928147705250957
2873,2330,HARYANA,KAITHAL,Rasulpur,20.0,20.51,76.40249436953526,29.907756770791497
3199,2563,HARYANA,KAITHAL,Chakku ladana,2.0,1.72,76.26189501105132,29.919806307171537
2335,1901,HARYANA,KAITHAL,Chakku,10.0,8.25,76.25771987233458,29.92195997317317
2208,1804,HARYANA,KAITHAL,Sair,10.0,7.94,76.28432596335942,29.9367369206839
2432,1974,HARYANA,KAITHAL,Chakku,4.0,3.56,76.27342793501246,29.921082116899623
2846,2302,HARYANA,KAITHAL,Rasulpur,6.0,6.67,76.41292085645027,29.914938954228113
2845,2302,HARYANA,KAITHAL,Rasulpur,20.0,16.76,76.40986131917636,29.910510011784982
3029,2453,HARYANA,KAITHAL,Ramdaspura,20.0,18.56,76.30675569129049,29.92421805389056
3027,2453,HARYANA,KAITHAL,Ramdaspura,35.0,32.54,76.31116072560047,29.923051974337863
2877,2331,HARYANA,KAITHAL,Rasulpur,4.0,3.4,76.39706856286696,29.92460169633799
2876,2331,HARYANA,KAITHAL,Rasulpur,25.0,27.48,76.39104396597955,29.925574166394114
2875,2331,HARYANA,KAITHAL,Rasulpur,14.0,11.78,76.39305309135234,29.933223105543153
2874,2331,HARYANA,KAITHAL,Rasulpur,25.0,21.29,76.40663293629281,29.91105513425195
4739,3754,HARYANA,KAITHAL,Kharkra,8.5,8.1,76.27415167938281,29.972569945750756
1981,1628,HARYANA,KAITHAL,Kalayat,12.0,9.8,76.23064068298389,29.66911344612523
21777,16269,HARYANA,KAITHAL,Habri,10.0,11.61,76.64306334642353,29.714785501653992
14214,10250,HARYANA,KAITHAL,Kangthali,7.0,6.94,76.3357107603557,29.94433212226964
26529,23333,HARYANA,KURUKSHETRA,Ramsharn majra,15.0,14.94,76.99358611408063,30.091784440097125
24823,20912,HARYANA,KAITHAL,Dharm Singh,3.3,3.31,76.38519296502268,29.899521285912265
14925,10689,HARYANA,KAITHAL,Kakheri,3.0,2.57,76.3526727153401,29.969218949355128
14924,10689,HARYANA,KAITHAL,Kakheri,6.0,5.81,76.35421544061833,29.966646777747425
17186,11974,HARYANA,HISAR,Panihari,33.5,35.54,76.04176861436198,29.346666189527376
23760,19205,HARYANA,KAITHAL,Bhunna,3.0,2.99,76.30487136233945,29.977236885645283
23759,19205,HARYANA,KAITHAL,Bhunna,4.0,4.05,76.30968573659221,29.98362818531041
1708,1414,HARYANA,KAITHAL,Kakkrala,4.0,3.29,76.38765332843519,29.954426962158696
3361,2693,HARYANA,KAITHAL,Khedilamba,2.0,1.87,76.2278117847783,29.702305689587195
3343,2679,PUNJAB,BATHINDA,��������������� ������������,30.0,25.87,74.92207166901571,30.12070969237389
1086,928,HARYANA,KAITHAL,Ramdaspura,6.0,4.72,76.31360881400632,29.93450729362568
11275,8343,HARYANA,KAITHAL,Rasoolpur,12.0,10.84,76.40217134671371,29.936645257984477
1902,1569,HARYANA,KAITHAL,Sair,6.0,6.26,76.31754656168715,29.942898213068663
13337,8367,PUNJAB,FEROZEPUR,Saide ke,33.4,22.01,74.7712059347528,31.120492505918957
11315,8367,PUNJAB,FEROZEPUR,Saide ke,5.0,4.36,74.6113597235039,30.995571610485772
11314,8367,PUNJAB,FEROZEPUR,Saide ke,5.5,5.31,74.60827609929993,30.989624319157063
9725,7396,HARYANA,KURUKSHETRA,Karah shab,20.0,20.26,76.48466953340882,30.055219978280896
2831,2291,HARYANA,KAITHAL,Siwan,17.0,19.98,76.36662336588948,29.93146310030477
9770,7429,HARYANA,SIRSA,Kariwala,3.8,3.65,74.63061169784673,29.54522202623981
6663,5371,HARYANA,FATEHABAD,Tohana,10.0,11.21,75.87902576860762,29.710669263909992
2852,2308,HARYANA,FATEHABAD,Haroli,3.0,2.87,75.44823825864117,29.65918325303596
2801,2272,HARYANA,SIRSA,Mamera Kalan,2.4,2.09,74.70848026112701,29.468703686762243
26310,23061,HARYANA,KARNAL,Samaspur,37.0,43.09,77.16070955360532,29.880463598566884
26309,23061,HARYANA,KARNAL,Samaspur,30.0,29.98,77.13565062429511,29.886032359738163
12291,9016,HARYANA,KAITHAL,Ahun,7.5,7.48,76.67707990694251,29.782868034752973
856,751,HARYANA,KAITHAL,Janedpur,20.0,20.14,76.27381717638244,29.914181204760947
2953,2394,HARYANA,KARNAL,Jundla,11.0,11.1,76.84446777621122,29.63796108215222
3129,2514,HARYANA,SIRSA,Mirzapur,4.0,3.27,74.67568153433437,29.51576561465828
3128,2514,HARYANA,SIRSA,Mirzapur,3.0,3.0,74.67741874529986,29.516030358063624
2551,2069,HARYANA,KAITHAL,Sinad,8.0,5.41,76.2281581175593,29.765191707807503
2550,2069,HARYANA,KAITHAL,Sinad,18.0,16.37,76.22297084800049,29.769299198169954
7836,2397,HARYANA,KARNAL,Jundla,10.0,7.47,76.88631615384294,29.658290202401123
2959,2397,HARYANA,KARNAL,Jundla,5.0,4.2,76.85430855172818,29.645465444676887
2958,2397,HARYANA,KARNAL,Jundla,12.0,13.94,76.84272335760339,29.6416157857404
2973,2403,HARYANA,SIRSA,Thobaria,3.4,3.22,74.66230355896431,29.50719030436187
11748,8626,HARYANA,KAITHAL,Ahun,11.5,11.82,76.69633691302859,29.78817514228169
11852,8705,HARYANA,KAITHAL,Ahun,7.5,7.63,76.68713127494205,29.793127243825403
3045,2460,HARYANA,PANIPAT,Nohra,10.0,11.69,76.91199674957691,29.430624709403347
3044,2460,HARYANA,PANIPAT,Nohra,6.0,6.06,76.92473163603715,29.414593424515868
3043,2460,HARYANA,PANIPAT,Nohra,5.0,6.23,76.91646379248424,29.41381760650556
2549,2068,HARYANA,KAITHAL,Khedi gulam Ali,10.0,9.75,76.30210231816349,29.876214528522382
3087,2487,HARYANA,PANIPAT,Dewana,10.0,10.27,76.97339401056163,29.31689706211444
12152,8913,HARYANA,AMBALA,Zaffarpur,3.0,2.76,77.14595559633548,30.328796525445313
24423,20241,HARYANA,KURUKSHETRA,Buhavi,8.0,8.47,76.99323527375819,30.15186121652585
24354,20144,HARYANA,KURUKSHETRA,Chhawlan,21.6,21.56,76.70681699004066,29.99787954406232
23090,17805,HARYANA,KURUKSHETRA,Bir mathana,32.0,31.95,76.92998576451089,29.9903562562702
3286,2633,HARYANA,FATEHABAD,Haroli,6.0,7.25,75.45410924085621,29.63220809079908
3285,2633,HARYANA,FATEHABAD,Haroli,7.0,7.96,75.45588496578412,29.63356039055569
20453,15225,HARYANA,KURUKSHETRA,Ruan,28.0,27.65,76.60452114349492,29.931864254724022
3260,2614,HARYANA,JIND,Kandela,12.0,15.49,76.34162267163475,29.37803474519409
3259,2614,HARYANA,JIND,Kandela,53.0,40.49,76.33235686670864,29.37320503893423
10453,7823,PUNJAB,BATHINDA,Deon,8.7,8.81,74.82073217858292,30.24780810862904
10452,7823,PUNJAB,BATHINDA,Deon,9.0,7.93,74.81734228137363,30.25049437358994
25229,11575,HARYANA,KURUKSHETRA,Mahuakheri,20.0,19.47,77.03055357278477,30.09415433823281
26132,22819,HARYANA,KURUKSHETRA,Antheri,18.0,18.7,76.9441744847195,29.99977262761166
17423,13356,HARYANA,KURUKSHETRA,Amin,37.0,36.93,76.86770628118411,29.91814593279821
17422,13356,HARYANA,KURUKSHETRA,Amin,20.0,20.26,76.86343621577598,29.919673136032632
23297,18175,HARYANA,KARNAL,Picholiya,3.0,3.06,76.88075220855386,29.608412890341288
23296,18175,HARYANA,KARNAL,Picholiya,8.0,8.84,76.87832073723207,29.60678271539082
1084,927,HARYANA,KAITHAL,Siwan,7.0,6.96,76.3452271607322,29.90604084680094
1083,927,HARYANA,KAITHAL,Siwan,18.0,17.09,76.35057094099197,29.925272649518245
2720,2208,HARYANA,JIND,Barsana,1.0,0.91,76.39592743840049,29.370649195466907
2719,2208,HARYANA,JIND,Barsana,4.0,3.41,76.40208042249984,29.364713024820652
18263,13819,PUNJAB,MUKTSAR,Sehna khera,3.5,2.87,74.51770828622232,30.047781033627412
18262,13819,PUNJAB,MUKTSAR,Sehna khera,4.0,3.77,74.52071457834347,30.04770954773246
18261,13819,PUNJAB,MUKTSAR,Sehna khera,3.0,3.32,74.52283399765278,30.047497538902977
18260,13819,PUNJAB,MUKTSAR,Sehna khera,7.0,6.68,74.53606069174067,30.051750795213373
10354,7768,HARYANA,FATEHABAD,Tamspura,11.0,11.27,75.49858573766858,29.63740227601407
26130,22817,HARYANA,KURUKSHETRA,Antheri,17.0,17.55,76.94927192910208,30.001726398812835
23268,18103,HARYANA,KARNAL,Jani,10.0,8.98,76.89273839752023,29.625076971893225
14012,10116,HARYANA,KARNAL,Gonder,23.0,22.58,76.77135117161652,29.639239273361387
20104,14953,PUNJAB,MUKTSAR,Adhnian,6.0,6.14,74.55631922737415,30.081044929203134
20103,14953,PUNJAB,MUKTSAR,Adhnian,2.5,2.59,74.54206046721937,30.078671747854074
20102,14953,PUNJAB,MUKTSAR,Adhnian,10.0,7.9,74.54818824160637,30.07525474539042
20101,14953,PUNJAB,MUKTSAR,Adhnian,1.0,0.99,74.47157913471077,29.996972033102185
20100,14953,PUNJAB,MUKTSAR,Adhnian,4.0,3.96,74.47211978068154,29.99576537155951
22374,16806,HARYANA,HISAR,Siswal,29.5,30.21,75.52304647007252,29.23228969410907
6918,5561,PUNJAB,MANSA,Samon,24.0,24.18,75.51712175907139,30.09115835739777
6917,5561,PUNJAB,MANSA,Samon,1.2,1.23,75.51930674843273,30.09245914072503
18541,13973,HARYANA,KURUKSHETRA,Kirmach,16.0,16.47,76.80622020933447,29.91551049509959
15414,10963,HARYANA,KURUKSHETRA,Ban,5.5,5.5,77.07415651904243,29.99718733380011
18737,14095,HARYANA,KURUKSHETRA,Yara,8.0,8.37,76.9699760113818,30.14676910858465
22978,17405,HARYANA,KARNAL,Barota,19.0,16.8,76.93832637867725,29.632006976913697
22977,17405,HARYANA,KARNAL,Barota,5.0,5.47,76.94239120552497,29.625174547813895
10490,7846,HARYANA,KARNAL,Gonder,65.0,54.15,76.74709420798655,29.685437828443753
18034,13689,HARYANA,KURUKSHETRA,Khanpur roran,20.0,19.64,76.75915425317882,29.933441133727506
20893,15533,HARYANA,KURUKSHETRA,Chhapra,1.8,1.84,77.06179486121641,30.089808319653077
20888,15533,HARYANA,KURUKSHETRA,Chhapra,1.0,1.0,77.06354187638031,30.08778271800594
20178,15020,HARYANA,KURUKSHETRA,Sarsa,22.0,23.05,76.65317916788668,29.91406482052621
26137,22824,HARYANA,KURUKSHETRA,Antehri,14.0,14.25,76.95281436352394,29.9927991171472
14199,10240,HARYANA,KURUKSHETRA,Lakhmari,10.7,10.52,77.01286532907312,30.142766750373735
25861,22426,HARYANA,KURUKSHETRA,Ramgarh,23.0,23.23,76.4592035375359,29.985460756520183
17865,13585,HARYANA,KURUKSHETRA,Jhinjarpur,10.5,12.77,76.7266168969814,29.888294141489823
23240,18076,HARYANA,KURUKSHETRA,Satora,15.0,15.36,76.5418850004287,29.985274823819136
23239,18076,HARYANA,KURUKSHETRA,Satora,45.0,44.79,76.53677711326101,29.982480381247505
6745,5431,PUNJAB,MUKTSAR,channu,3.0,3.07,74.61629711501244,30.110743227273947
6744,5431,PUNJAB,MUKTSAR,channu,3.5,3.59,74.61307166956529,30.119786827795945
19266,14393,HARYANA,KURUKSHETRA,Zulmat,21.0,20.78,76.54235889241676,30.038443940565465
824,733,HARYANA,SIRSA,Amritsar kalan,4.0,3.86,74.70353840439411,29.49926082379872
20866,15517,HARYANA,KURUKSHETRA,Hansala,36.0,36.26,76.80407841009527,30.019557262468197
20865,15517,HARYANA,KURUKSHETRA,Hansala,36.0,35.32,76.80428673578017,30.027712993554324
20864,15517,HARYANA,KURUKSHETRA,Hansala,35.0,35.33,76.80117073748076,30.02649356134872
20571,15317,HARYANA,KURUKSHETRA,Chhapra,4.7,4.88,77.0661761086815,30.08184903316928
14159,10210,HARYANA,KAITHAL,Ahun,1.5,1.48,76.68915159283085,29.788592377834796
14158,10210,HARYANA,KAITHAL,Ahun,12.2,11.96,76.69019142968271,29.790629178446352
14157,10210,HARYANA,KAITHAL,Ahun,3.7,2.83,76.68526080680428,29.78924933125048
17286,12026,HARYANA,KURUKSHETRA,Buhawa,4.5,4.24,76.98028085740133,30.16380386990878
17285,12026,HARYANA,KURUKSHETRA,Buhawa,4.1,4.11,76.98324453606176,30.16655067413744
17284,12026,HARYANA,KURUKSHETRA,Buhawa,10.2,9.72,76.98273971213254,30.16839825477109
2049,1680,HARYANA,KAITHAL,Parbhot,3.0,3.26,76.29491189956158,29.906038526494093
2048,1680,HARYANA,KAITHAL,Parbhot,5.0,5.58,76.29653803730534,29.909185344450947
15497,10967,PUNJAB,MUKTSAR,Ramgarh,4.0,3.83,74.38721818095941,30.487584958872535
15422,10967,PUNJAB,MUKTSAR,Ramgarh,6.0,5.5,74.40229565752392,30.47456844538542
15421,10967,PUNJAB,MUKTSAR,Ramgarh,3.0,3.34,74.40510227583935,30.47341413123489
2993,2419,HARYANA,KAITHAL,Kharak pandwa,6.0,5.58,76.28898754722015,29.70519194967386
14274,10286,PUNJAB,MUKTSAR,Lohara,5.813,5.68,74.64998378279374,30.359067284909976
14273,10286,PUNJAB,MUKTSAR,Lohara,2.5,2.24,74.6496222345934,30.36025575370926
14272,10286,PUNJAB,MUKTSAR,Lohara,3.4,2.89,74.6481859422697,30.359183077241852
24494,20362,HARYANA,SIRSA,Kotli,16.0,17.36,75.16754519337685,29.52138231274743
24493,20362,HARYANA,SIRSA,Kotli,8.0,7.66,75.17070520855742,29.52274941560611
11851,8704,PUNJAB,MUKTSAR,Shahid chand,7.778,7.72,74.69199812867525,30.305572816928656
11850,8704,PUNJAB,MUKTSAR,Shahid chand,9.136,8.62,74.69563061660145,30.30339862317775
1760,1460,HARYANA,KAITHAL,Kharak pandwa,10.0,7.82,76.27361999194493,29.693954861745652
17936,13630,HARYANA,KAITHAL,Kaul,13.0,12.81,76.664882783894,29.83617434507145
22712,17107,HARYANA,KURUKSHETRA,Lukhi,15.0,15.49,76.72082872850869,30.05670844355673
22711,17107,HARYANA,KURUKSHETRA,Lukhi,22.5,22.1,76.70861800983037,30.048703864042466
24135,19819,HARYANA,KURUKSHETRA,Sandholi,35.0,33.98,76.61652037847645,29.962581795100583
950,824,HARYANA,KAITHAL,Harnola,5.0,4.1,76.32344247863305,29.929243643374058
3513,2808,HARYANA,SIRSA,Talwara khurd,4.0,2.83,74.62481662429798,29.48499000558179
3512,2808,HARYANA,SIRSA,Talwara khurd,2.0,1.83,74.62609611587179,29.48479210524427
15323,10907,PUNJAB,MUKTSAR,Akalgarh,2.0,2.2,74.38055102575241,30.503923790749138
15622,11075,HARYANA,KURUKSHETRA,Morthali,54.0,52.27,76.54922101840872,29.994868214218872
14302,10305,HARYANA,KURUKSHETRA,Ghararsi,10.0,10.04,76.70975451144109,29.906504139780285
14301,10305,HARYANA,KURUKSHETRA,Ghararsi,30.0,29.87,76.7094874593136,29.902030771142307
21519,16046,HARYANA,KURUKSHETRA,Teokar,26.5,26.74,76.55172643394522,30.077448342487532
24845,20952,HARYANA,KURUKSHETRA,Bir kalwa,10.0,10.28,76.98258448108822,30.10544598073953
15714,11122,HARYANA,YAMUNANAGAR,Vpo. Gillaur,2.0,2.1,77.08096445128562,30.088383596312315
15713,11122,HARYANA,YAMUNANAGAR,Vpo. Gillaur,12.5,12.01,77.08312817172968,30.08799389516433
3020,2446,PUNJAB,BARNALA,Sanghera,2.0,2.13,75.5717868829092,30.39551992712661
24594,20541,HARYANA,KURUKSHETRA,Kagawali,55.0,54.82,76.52245651246352,30.037732151178208
3597,2872,HARYANA,KAITHAL,Kakkrala kuchiya,10.0,12.33,76.38509524167944,29.95556020991581
18418,13895,HARYANA,KURUKSHETRA,Pindarsi,7.6,7.75,76.6942554198199,29.923807441842012
21074,15665,HARYANA,KURUKSHETRA,Sura,3.0,2.97,77.11269499811165,30.024112519607044
21073,15665,HARYANA,KURUKSHETRA,Sura,2.5,2.66,77.10044785106135,30.026508426271587
20190,15027,HARYANA,KURUKSHETRA,Berthala,27.0,26.83,76.98636156798467,30.12519149916921
25292,21690,HARYANA,KURUKSHETRA,Kharindwa,2.0,1.99,76.92915685139904,30.119085586918093
24810,20896,HARYANA,KURUKSHETRA,Kakrana gujran,50.0,49.53,76.46176016730546,30.03716772616891
15086,10778,HARYANA,KURUKSHETRA,Mukimpura,22.0,21.38,76.68721806288983,29.971803615509177
19659,14647,HARYANA,KURUKSHETRA,Berthala,4.0,3.82,76.9871372655517,30.12803016264702
19658,14647,HARYANA,KURUKSHETRA,Berthala,3.0,2.95,76.9852518552644,30.1333033350368
6576,5296,HARYANA,FATEHABAD,Hassanga,22.0,7.18,75.61275611600242,29.607033474226093
16331,11514,HARYANA,KURUKSHETRA,Barna,1.0,1.02,76.71579826696912,29.899423552848337
3336,2675,HARYANA,FATEHABAD,Haroli,13.0,12.28,75.46919178365594,29.665428104768264
7797,1424,HARYANA,KAITHAL,Khedilamba,5.0,4.52,76.23843635621877,29.684896032402843
6895,5542,PUNJAB,FARIDKOT,Machaki mall singh,11.0,11.34,74.744291643834,30.628277581965204
3348,2684,HARYANA,KAITHAL,Badsikri,30.0,30.75,76.34233810425025,29.611047040734285
15187,10841,HARYANA,KURUKSHETRA,Raogarh,17.4,17.84,76.77662317292518,29.958252824044152
24134,19818,HARYANA,KURUKSHETRA,Sandhola,59.0,58.88,76.61269756526941,29.952439184353366
2975,2404,HARYANA,SIRSA,Thobaria,3.4,3.01,74.6547363925851,29.510697014173605
2974,2404,HARYANA,SIRSA,Thobaria,1.4,1.39,74.65535845545315,29.512018420429385
3420,2738,HARYANA,SIRSA,Dharampura,5.0,4.46,74.67199794544494,29.552122083226692
3419,2738,HARYANA,SIRSA,Dharampura,3.0,3.5,74.67425420738256,29.5472545130788
2206,1802,HARYANA,KAITHAL,Sair,7.0,5.34,76.28687353494486,29.93692962622061
3298,2645,HARYANA,SIRSA,Odhan,5.0,4.94,74.89016203916034,29.74675652892271
16096,11359,HARYANA,KURUKSHETRA,Gudha,1.0,0.96,77.05645361065142,30.07973915530091
16095,11359,HARYANA,KURUKSHETRA,Gudha,4.0,3.96,77.05852958447083,30.076939125292668
18761,14111,HARYANA,KURUKSHETRA,Deeg,18.0,17.75,76.91465457950937,30.13138185857979
753,666,HARYANA,KAITHAL,Gobindpura,8.0,6.56,76.33143984334916,29.94859787549906
3347,2683,HARYANA,KAITHAL,Badsikri,6.0,5.39,76.34769856181886,29.60869283637211
1966,1617,HARYANA,KAITHAL,Ramdaspura,1.0,1.02,76.31068879317239,29.93923333874988
1965,1617,HARYANA,KAITHAL,Ramdaspura,5.0,3.95,76.31148967946058,29.936290820192617
6600,5314,HARYANA,KAITHAL,Kangthali,2.0,1.67,76.34322277136177,29.95642995606752
18079,13712,HARYANA,KURUKSHETRA,Barna,10.0,9.8,76.7330375233817,29.915541469545733
12491,9155,HARYANA,KAITHAL,Ahun,18.0,17.34,76.69662536834099,29.784398611065377
24652,20660,HARYANA,KURUKSHETRA,Balad,9.0,9.06,77.03413476559857,30.033797873344383
24651,20660,HARYANA,KURUKSHETRA,Balad,16.0,17.32,77.03392526493258,30.028850875921783
24650,20660,HARYANA,KURUKSHETRA,Balad,8.0,8.06,77.03322226169554,30.02302649612869
3289,2636,HARYANA,JIND,Balerkha,4.0,4.09,76.12807375417592,29.643260235170413
18763,14113,HARYANA,KURUKSHETRA,Deeg,32.1,29.85,76.90986794349308,30.11907573015212
15490,10998,HARYANA,KURUKSHETRA,Bhiwani Khera,42.0,41.63,76.82505916228253,30.0035829953521
15489,10998,HARYANA,KURUKSHETRA,Bhiwani Khera,6.0,5.29,76.82493534830392,29.99957819476677
1591,1329,HARYANA,KAITHAL,Siwan,8.0,6.0,76.36342518132112,29.901803189748332
1590,1329,HARYANA,KAITHAL,Siwan,45.0,34.79,76.36984566770349,29.899036164062043
7985,6247,HARYANA,KAITHAL,Ramnagar bhunna,22.0,19.29,76.33744334296381,29.96413778414392
2051,1682,HARYANA,KAITHAL,Parbhot,20.0,18.95,76.29571848802752,29.91398388614668
1676,1394,HARYANA,KAITHAL,Harnola,10.0,11.77,76.31453083209175,29.924565530597775
14146,10202,HARYANA,YAMUNANAGAR,Topra kalan,2.0,1.98,77.16046711509728,30.11987620923047
16798,11789,HARYANA,KURUKSHETRA,Bakali,6.6,6.66,77.06450715433238,30.030699142850473
23910,19298,HARYANA,KURUKSHETRA,Lukhi,30.5,30.62,76.74262958188257,30.03395348923273
3363,2695,HARYANA,KURUKSHETRA,Jyotisar,18.0,16.13,76.77242876008374,29.975532399091342
3060,2469,HARYANA,SIRSA,Thobaria,2.0,2.43,74.66429025537164,29.517224246865364
3059,2469,HARYANA,SIRSA,Thobaria,1.4,1.7,74.66797740057899,29.51974965467444
3057,2469,HARYANA,SIRSA,Thobaria,4.0,4.27,74.66388955016696,29.517339374212455
8144,6339,HARYANA,KURUKSHETRA,Bakana,5.0,5.35,76.87844693761197,30.10648443230889
23918,957,HARYANA,KURUKSHETRA,Raogarh,43.0,43.51,76.87038055804244,30.025719463690784
1117,957,HARYANA,KURUKSHETRA,Raogarh,5.0,4.32,76.77919898616268,29.95948859509876
2349,1911,HARYANA,KAITHAL,Khedilamba,11.0,11.15,76.21012335348098,29.69530048948725
2348,1911,HARYANA,KAITHAL,Khedilamba,10.0,9.02,76.22846617155611,29.71142233943212
2347,1911,HARYANA,KAITHAL,Khedilamba,5.0,5.28,76.23223401953523,29.704963422988108
14508,10428,HARYANA,KURUKSHETRA,Bhor Saidan,12.0,11.75,76.70530567316817,29.96043512323062
6532,5259,PUNJAB,MUKTSAR,Doolkot,3.0,3.41,74.68865186962329,30.378477646787665
18525,13960,HARYANA,KURUKSHETRA,Ban,16.8,16.69,77.08396277425291,29.99246465658334
16867,11814,PUNJAB,MUKTSAR,Adhnian,12.0,13.09,74.53194863488646,30.066033222930987
2380,1937,HARYANA,SIRSA,Kutabudh,5.0,9.12,74.82392103659497,29.472955940407633
3511,2807,HARYANA,SIRSA,Talwara khurd,9.0,9.25,74.62397313970463,29.48297384922242
25695,21754,HARYANA,KURUKSHETRA,Madadon,60.0,60.31,76.70233208767482,29.977504478698393
25344,21754,HARYANA,KURUKSHETRA,Madadon,63.0,61.47,76.63105403408005,30.07986824084951
6549,5276,HARYANA,SIRSA,Jhorad nali,10.0,11.39,74.95065515339866,29.53731934564733
17775,13530,HARYANA,KURUKSHETRA,Tangor,20.0,19.44,76.77270333623191,30.15026498520661
24847,20953,HARYANA,KURUKSHETRA,Bir kalwa,10.0,9.96,76.96222092950087,30.11088001685127
24846,20953,HARYANA,KURUKSHETRA,Bir kalwa,20.0,19.98,76.97571839143386,30.0971678757252
8473,6566,HARYANA,KAITHAL,Bhunna,36.0,32.53,76.30010345613807,29.988246780984664
26316,23065,HARYANA,KURUKSHETRA,Bodha,45.0,45.06,76.60310968753025,30.06690201349831
2087,1707,HARYANA,SIRSA,Rattakhera,4.0,4.26,74.7870134050604,29.468790706480707
25589,22035,HARYANA,KURUKSHETRA,Mangoli jattan,5.0,4.88,77.03510989185436,30.123767380184756
21134,15728,HARYANA,KURUKSHETRA,Kirmach,35.0,34.74,76.79220332792819,29.888749200839538
14384,10354,HARYANA,KURUKSHETRA,Jyotisar,8.5,8.7,76.76080263532049,29.95418676027353
14383,10354,HARYANA,KURUKSHETRA,Jyotisar,4.0,4.2,76.7640174506367,29.96501142266626
16695,11728,HARYANA,KURUKSHETRA,Gadli,15.8,15.1,76.980808187045,29.961489752580597
11396,8414,HARYANA,KARNAL,Chhaper,22.5,21.64,77.0672041147342,29.93759770650166
1867,1539,HARYANA,KAITHAL,Khedilamba,8.0,8.23,76.23716804255862,29.69826974290221
3194,2558,HARYANA,PANIPAT,Puthar,8.0,7.61,76.87505204730547,29.228787912020486
13575,9830,PUNJAB,LUDHIANA,Pamali,2.5,2.69,75.73837888061782,30.82295015483485
12445,9123,HARYANA,PANIPAT,Rair kalan,5.0,4.27,76.8191421948391,29.49551563752361
24779,20839,HARYANA,KURUKSHETRA,Sirsala,38.5,38.5,76.87386113400726,30.025285598248946
8032,6277,HARYANA,KAITHAL,Theh newal,5.0,4.01,76.3699791121653,29.98619134125046
8031,6277,HARYANA,KAITHAL,Theh newal,10.0,8.86,76.37257654755234,29.984773281875203
8295,6440,HARYANA,KURUKSHETRA,Bardarpur,10.0,10.86,77.10108270368177,29.96424752931297
12720,9305,HARYANA,AMBALA,Kesrla khurd,15.6,15.65,76.96958061789783,30.1627893034611
3596,2871,PUNJAB,BARNALA,Sanghera,10.0,6.94,75.56710028266778,30.391315249932937
4044,3230,HARYANA,SIRSA,Dumdma,17.0,17.34,74.68589882664722,29.55691660466501
22034,16524,HARYANA,KURUKSHETRA,Kamoda,14.0,14.1,76.75297663381714,29.935701250336837
14276,10287,PUNJAB,MUKTSAR,Lohara,3.741,3.71,74.64856253921295,30.35725383186728
14275,10287,PUNJAB,MUKTSAR,Lohara,2.723,2.65,74.64783360409612,30.358694590692775
5528,4417,HARYANA,KAITHAL,Malkhan Singh,30.0,26.83,76.30008478602248,29.97804380597163
5527,4417,HARYANA,KAITHAL,Malkhan Singh,30.0,23.33,76.30094131507796,29.979956996632023
4124,3287,HARYANA,SIRSA,Damdma,8.5,5.83,74.69816636488713,29.558114023553443
24768,20824,HARYANA,KURUKSHETRA,Lukhi,70.0,70.2,76.72544852377888,30.03958756194325
13323,4812,HARYANA,YAMUNANAGAR,Kalesra,16.5,15.45,77.12378313451892,30.089440876587183
12356,9068,PUNJAB,LUDHIANA,Bhatiyan Dhaha,7.0,6.52,75.67719846804185,30.910517091394496
7894,2368,HARYANA,FATEHABAD,Haroli,15.0,16.43,75.4639302516914,29.67203539431336
7893,2368,HARYANA,FATEHABAD,Haroli,10.0,9.4,75.46574208596273,29.658417420621426
2927,2368,HARYANA,FATEHABAD,Haroli,6.0,5.57,75.44288345233662,29.651018034500208
4158,3306,HARYANA,SIRSA,Dumdma,14.0,13.68,74.6657298238719,29.574371654420155
4157,3306,HARYANA,SIRSA,Dumdma,7.0,7.14,74.67202682520137,29.571178958952732
4155,3306,HARYANA,SIRSA,Dumdma,18.0,17.78,74.68347230510271,29.558499614761782
21239,15799,HARYANA,KURUKSHETRA,Chharpura,5.2,4.62,76.92559414232798,30.003680015400384
21238,15799,HARYANA,KURUKSHETRA,Chharpura,15.2,15.18,76.92119173223695,30.007947844707285
7413,6121,HARYANA,KAITHAL,Kangthali,2.0,1.94,76.34703125243682,29.95883480326808
9910,7520,HARYANA,AMBALA,Sehla,4.0,3.57,77.1675292519236,30.35039231687779
4627,3656,HARYANA,FATEHABAD,Dhani thoba,9.0,7.5,75.45181189543611,29.55384714372484
5155,4103,HARYANA,FATEHABAD,Haroli,8.0,8.02,75.48042647312425,29.658647903125654
10199,7714,HARYANA,KURUKSHETRA,Dhanani,5.0,5.68,77.0101041398706,30.12382041113013
3476,2783,HARYANA,SIRSA,Talwara khurd,12.0,11.5,74.63953846071237,29.509102664007703
3473,2783,HARYANA,SIRSA,Talwara khurd,3.0,2.43,74.63253182551527,29.485088094925615
12195,8945,HARYANA,PANIPAT,Urlana kalan,30.0,22.63,76.66616625929929,29.34556967649405
11676,4089,HARYANA,YAMUNANAGAR,Dolatpur,4.0,3.95,77.10245002601961,30.09604989381711
11672,4089,HARYANA,YAMUNANAGAR,Dolatpur,1.3,1.38,77.11055418130161,30.096408092940695
11671,4089,HARYANA,YAMUNANAGAR,Dolatpur,7.0,7.09,77.11461004860654,30.077942766203055
4136,3293,HARYANA,SIRSA,Dumdma,8.0,7.32,74.68306002261087,29.552053553514597
4043,3229,HARYANA,SIRSA,Dumdma,7.0,7.04,74.68779405294636,29.552191812826003
4041,3229,HARYANA,SIRSA,Dumdma,23.0,23.63,74.68741488883825,29.55855979967561
8188,6365,HARYANA,KURUKSHETRA,Berthala,5.0,4.68,76.98104124636956,30.119309162276373
8186,6365,HARYANA,KURUKSHETRA,Berthala,29.0,35.9,76.98333766286912,30.118900380866027
22767,17163,HARYANA,KURUKSHETRA,Santpura,21.0,21.57,76.71391355160736,30.011712716961163
11837,8697,HARYANA,KARNAL,Munak,6.0,5.95,76.85151338698962,29.500670031806308
12190,8940,HARYANA,KARNAL,Khora khari,20.0,19.01,76.91067017407401,29.52132074137162
9982,7567,PUNJAB,MUKTSAR,Sahib chand,3.0,2.78,74.69503124888878,30.305810482772504
9981,7567,PUNJAB,MUKTSAR,Sahib chand,9.0,9.88,74.69673529223671,30.307224941516747
15367,10935,HARYANA,KURUKSHETRA,Murtazpur,15.0,15.34,76.66984866946459,29.974288713768832
15366,10935,HARYANA,KURUKSHETRA,Murtazpur,15.0,14.83,76.66176516983339,29.977306376106057
24912,21063,HARYANA,KURUKSHETRA,Gudhi,1.0,1.02,77.04394586040961,30.074300459462982
24911,21063,HARYANA,KURUKSHETRA,Gudhi,4.0,4.08,77.04543934206302,30.084672485994524
4720,3737,HARYANA,SIRSA,Morivala,5.0,4.06,75.14805930373792,29.52245646525034
17689,13489,HARYANA,KARNAL,Chogawan,6.8,6.75,77.20494928317697,29.922174471189656
24848,20954,HARYANA,KURUKSHETRA,Bir kalwa,10.0,10.05,76.96450453622751,30.10206830555092
12529,9154,PUNJAB,LUDHIANA,Jangpur,4.0,3.93,75.69007075744325,30.8333330574452
12489,9154,PUNJAB,LUDHIANA,Jangpur,3.5,3.96,75.6759639296005,30.83043403974499
13805,9987,PUNJAB,LUDHIANA,Alamgir,7.3,7.49,75.85009182045744,30.818038403500616
13804,9987,PUNJAB,LUDHIANA,Alamgir,6.3,5.98,75.85619000122172,30.804995082675855
9631,7333,HARYANA,KARNAL,Janipur,13.0,13.66,77.06972846724194,29.928476569258304
16195,11431,HARYANA,KURUKSHETRA,Gulabgarh,18.4,18.42,76.79499060107264,29.966931393421195
1893,1563,HARYANA,KAITHAL,Sair,50.0,39.11,76.30974411932537,29.947656557359483
11534,8499,PUNJAB,LUDHIANA,Birmi,2.5,2.36,75.71823903250502,30.929342352854775
23000,17692,HARYANA,KURUKSHETRA,Mohanpur,12.0,11.84,76.51211296542775,30.045475479365535
2560,2075,HARYANA,KAITHAL,Khedi gulam Ali,7.0,7.56,76.2990276544507,29.894558243874823
15359,10930,HARYANA,KAITHAL,Ahun,10.0,9.97,76.67698634286288,29.771494945000793
25591,22037,HARYANA,KURUKSHETRA,Lohar Majra,10.5,10.77,76.71643615721564,29.95660212008175
12478,9144,PUNJAB,LUDHIANA,Jangpur,5.0,5.63,75.68469903447284,30.8269433409
12477,9144,PUNJAB,LUDHIANA,Jangpur,15.5,18.38,75.67734819905992,30.82507747047132
21648,16161,HARYANA,KURUKSHETRA,Bachki,30.0,29.45,76.68625451478559,30.041259997923717
19652,14643,HARYANA,KURUKSHETRA,Surmi,16.5,16.12,76.68942701408291,30.006922271196085
1259,1071,HARYANA,KAITHAL,Pahadpur,13.0,13.73,76.2958255644769,29.91748263866164
12000,8803,PUNJAB,LUDHIANA,Chaman Singh,5.0,4.79,75.72733209137486,30.92130701996731
25972,22539,HARYANA,KURUKSHETRA,Mangoli jattan,15.0,15.2,77.02936411877947,30.132698205935213
17416,13352,HARYANA,KURUKSHETRA,Khizarpura,40.0,38.17,76.70615115350574,29.94193958908445
25528,21953,HARYANA,KURUKSHETRA,Lohar majra,5.0,5.08,76.71968318371374,29.949987946579924
945,819,HARYANA,KAITHAL,Sotha,7.0,6.78,76.33136750628621,29.930757930816434
2466,2004,HARYANA,KAITHAL,Sair,15.0,15.58,76.3180137575494,29.935075123500347
15888,11232,HARYANA,KURUKSHETRA,Bir kalwa,8.0,8.19,76.96555035134195,30.09887123287672
24033,19599,HARYANA,KURUKSHETRA,Tangoli,21.0,20.0,76.58720305452748,30.077757782213553
23199,18024,HARYANA,KURUKSHETRA,VPO Bishan garh,15.5,15.32,76.83813908247393,29.99428716372647
23198,18024,HARYANA,KURUKSHETRA,VPO Bishan garh,41.0,40.04,76.84365750227225,29.994542471548364
23584,18721,HARYANA,KARNAL,Labkari,9.0,8.62,77.14303322360479,29.90228564025029
23583,18721,HARYANA,KARNAL,Labkari,21.5,20.31,77.13889343181938,29.910186408369523
4154,3305,HARYANA,SIRSA,Dumdma,1.5,1.18,74.66119293935448,29.574691022079975
4153,3305,HARYANA,SIRSA,Dumdma,3.0,2.78,74.66413812659438,29.576415214215817
16368,11535,PUNJAB,MUKTSAR,Ramgarh,3.7,3.7,74.39592462237441,30.497264208601816
16367,11535,PUNJAB,MUKTSAR,Ramgarh,5.0,5.34,74.38732544113823,30.501892647457986
16366,11535,PUNJAB,MUKTSAR,Ramgarh,2.5,2.48,74.38821525120764,30.502253387376314
16365,11535,PUNJAB,MUKTSAR,Ramgarh,8.0,8.13,74.39290408516902,30.501915409743017
15462,10983,PUNJAB,MUKTSAR,Sukhna abluo,3.03,2.95,74.6179738027513,30.35181299555946
15461,10983,PUNJAB,MUKTSAR,Sukhna abluo,4.095,4.05,74.63462763082782,30.35123490728424
15460,10983,PUNJAB,MUKTSAR,Sukhna abluo,5.59,5.61,74.63764435405251,30.35091384414349
1420,1203,HARYANA,KAITHAL,Sair,15.0,11.08,76.31663041581777,29.938753020820293
21907,16365,HARYANA,KURUKSHETRA,Morthla,4.2,3.96,76.92235922401204,30.047488745198606
21902,16365,HARYANA,KURUKSHETRA,Morthla,10.0,10.01,76.91269550081945,30.047632324254476
18542,13974,HARYANA,KURUKSHETRA,Bagthala,36.0,27.44,76.72021905058806,30.011059617048893
14921,10686,HARYANA,KAITHAL,Ahun,4.0,4.06,76.67037339930177,29.79499899359026
14920,10686,HARYANA,KAITHAL,Ahun,4.7,3.76,76.66552051241796,29.794601050000708
14919,10686,HARYANA,KAITHAL,Ahun,8.0,7.5,76.67189981918067,29.776312194388225
13827,10002,HARYANA,KURUKSHETRA,Mundakhera,11.5,11.23,76.75172351826328,29.969293982610747
23708,19006,HARYANA,YAMUNANAGAR,Rattu wala,10.0,9.34,77.2618175223597,30.39177072117776
25957,22529,HARYANA,KURUKSHETRA,Mangna,10.0,9.42,76.4939434765253,29.941381615575676
25956,22529,HARYANA,KURUKSHETRA,Mangna,35.0,34.57,76.49037683109088,29.944773081062557
24968,21204,HARYANA,KURUKSHETRA,Phalsanda jattan,9.0,9.39,77.01066115943516,30.11727526107971
21650,16163,HARYANA,KURUKSHETRA,Raun,20.0,20.74,76.62080380164167,29.933188775307176
2821,2283,HARYANA,PANIPAT,Sutana,4.0,3.59,76.86739901451367,29.364542103616703
2820,2283,HARYANA,PANIPAT,Sutana,7.0,6.77,76.86872412630382,29.361945547805988
25977,22544,HARYANA,KURUKSHETRA,Mangoli jattan,25.0,24.89,77.04496326174805,30.12279917609634
21649,16162,HARYANA,KURUKSHETRA,Bachki,10.0,10.1,76.67939591305415,30.03407007185415
17214,11985,HARYANA,KURUKSHETRA,Bakhli,41.0,40.43,76.51725914713549,30.013277475321253
23013,17710,HARYANA,KURUKSHETRA,Shahpur,30.0,30.06,76.53460185228514,30.03791902033975
23012,17710,HARYANA,KURUKSHETRA,Shahpur,33.0,32.54,76.52967317945671,30.030218152135348
25480,21900,HARYANA,SIRSA,,7.0,6.42,74.92253019312169,29.51476316046921
377,347,PUNJAB,AMRITSAR,Hashampura,12.5,12.22,74.64720056736623,31.858115122579743
17805,13547,HARYANA,KURUKSHETRA,Barna,20.0,20.9,76.74779483767868,29.90238722258949
18739,5115,HARYANA,KURUKSHETRA,yara,12.0,10.85,76.94489156162558,30.146844631992764
18738,5115,HARYANA,KURUKSHETRA,yara,12.0,12.1,76.97023984888946,30.144336120279075
19524,14550,HARYANA,KURUKSHETRA,Khaira,26.0,24.9,76.96498026226945,30.025950130552506
24822,20910,HARYANA,KAITHAL,Firojpur,1.0,0.91,76.38594692240406,29.895650891910016
24821,20910,HARYANA,KAITHAL,Firojpur,10.55,10.33,76.39220805004797,29.90860481524393
3645,2913,HARYANA,KAITHAL,Guhna,12.0,10.28,76.2505688180151,29.758678283763143
15842,11198,PUNJAB,MUKTSAR,Akalgarh,40.0,40.48,74.3861677807201,30.504412877351168
453,412,PUNJAB,AMRITSAR,Nabipur,22.0,23.23,74.97120509400334,31.646720845819708
16091,11355,HARYANA,KURUKSHETRA,Gudha,1.0,0.98,77.05363471208264,30.07812607009694
16090,11355,HARYANA,KURUKSHETRA,Gudha,9.0,8.91,77.05885578843659,30.07601195654469
16089,11355,HARYANA,KURUKSHETRA,Gudha,7.5,7.48,77.05600804056189,30.077209944298502
16088,11355,HARYANA,KURUKSHETRA,Gudha,6.2,6.2,77.05256158775424,30.075946004611772
16172,11411,HARYANA,AMBALA,Dhamber,5.0,4.93,77.0676295684921,30.187175945527695
11880,8723,HARYANA,KAITHAL,Ahun,4.0,3.99,76.68078291109651,29.790779103580064
12719,9304,HARYANA,AMBALA,Kesrla khurd,21.0,21.08,76.96889219370776,30.164918987164437
9404,7191,HARYANA,FATEHABAD,Hukmawali,20.0,19.65,75.44834589186036,29.699170632685124
3078,2480,HARYANA,KAITHAL,Paharpur,27.0,28.45,76.2897247428886,29.91631793817639
15661,11098,PUNJAB,MUKTSAR,Ramgarh,3.8,4.03,74.38783985031556,30.493018743412463
15660,11098,PUNJAB,MUKTSAR,Ramgarh,5.0,5.22,74.40320780911226,30.48280495870406
15590,11056,PUNJAB,MUKTSAR,Ramgarh,7.5,6.92,74.39921331149188,30.47359621864798
15589,11056,PUNJAB,MUKTSAR,Ramgarh,4.0,4.49,74.39777179764323,30.475142418513897
24996,21242,HARYANA,SIRSA,Chamal,18.0,16.68,74.97064496744842,29.572737700665407
26422,23185,HARYANA,YAMUNANAGAR,Nagal,12.0,10.96,77.26849541459953,30.071438918434296
26421,23185,HARYANA,YAMUNANAGAR,Nagal,8.0,7.84,77.26060871424951,30.079300847183955
279,263,PUNJAB,AMRITSAR,Bhuregill,9.5,8.54,74.82729452008405,31.874524063942527
15499,11003,PUNJAB,MUKTSAR,Ramgarh,5.0,4.82,74.38467810929411,30.485102064416765
507,458,PUNJAB,AMRITSAR,Ballarwal,9.0,10.08,74.71314029303709,31.91350345577031
2292,1867,HARYANA,KAITHAL,Dubble,5.0,5.27,76.23509783771378,29.742231404789717
96,93,PUNJAB,AMRITSAR,Bhuregill harar,7.0,8.9,74.82586081660625,31.883437393895477
25036,21286,HARYANA,KARNAL,Budanpur,16.0,16.21,76.91015357625328,29.602786105342293
16616,11212,PUNJAB,MUKTSAR,Tarkhan wala,9.5,10.03,74.39054961689195,30.328417617852352
16455,11212,PUNJAB,MUKTSAR,Tarkhan wala,1.0,0.8,74.39138937173246,30.319520200745256
15862,11212,PUNJAB,MUKTSAR,Tarkhan wala,4.0,3.45,74.3893417658744,30.325049673945923
999,866,HARYANA,KARNAL,Naru kheri,8.0,6.29,76.91654202139932,29.652329671477528
16013,11307,PUNJAB,MUKTSAR,Akalgarh,7.7,7.38,74.39047525195558,30.504307318356336
1157,990,HARYANA,KARNAL,Aunghd,2.0,1.78,76.82106927923589,29.686042829490237
15629,11080,PUNJAB,MUKTSAR,Ramgarh,2.0,2.37,74.39670592604439,30.477024537575833
850,747,HARYANA,KAITHAL,Sair,2.0,1.65,76.30084188737571,29.9292879229186
25150,21441,HARYANA,JIND,Manorpur,10.5,10.63,76.40849292284692,29.350107502721674
618,547,PUNJAB,AMRITSAR,Baba bakala,11.0,11.58,75.26649571425814,31.56384936171728
15824,11189,HARYANA,KARNAL,Nissing,66.0,65.62,76.75926676220136,29.61609436828944
25319,21720,HARYANA,KARNAL,Jani,55.0,54.52,76.89388472113045,29.609599614233932
11572,7981,HARYANA,KAITHAL,Ahun,8.0,8.2,76.69198882981124,29.793113747627174
25235,21578,HARYANA,KURUKSHETRA,Mahwa kheri,20.0,19.47,77.038880296796,30.094793431314685
6869,5520,PUNJAB,FARIDKOT,Teacher colony,5.0,5.85,74.74881556746361,30.652353298209267
223,212,PUNJAB,AMRITSAR,Bhuregill,8.5,7.93,74.83385420731625,31.862402947419564
2559,2074,HARYANA,KAITHAL,Khedi gulam Ali,8.0,7.81,76.28524339826009,29.910473547958137
2558,2074,HARYANA,KAITHAL,Khedi gulam Ali,10.5,9.04,76.29966691091336,29.892877467268892
7359,6079,PUNJAB,FAZILKA,Rajawali,7.0,6.59,74.25204144263706,30.06727657719409
4536,3587,HARYANA,KAITHAL,Harnola,3.0,2.18,76.32580853036694,29.92459708715387
16160,11084,PUNJAB,MUKTSAR,Chak madarssa,11.2,10.96,74.35019490889606,30.468964279074335
15635,11084,PUNJAB,MUKTSAR,Chak madarssa,7.4,7.74,74.3922334216389,30.472740083564418
3761,3003,PUNJAB,AMRITSAR,Dhirekot,15.0,19.4,75.06655957065755,31.575893581012295
16020,11311,HARYANA,KURUKSHETRA,Bhalolpur,7.3,7.29,77.03254581995043,30.038938468518456
16019,11311,HARYANA,KURUKSHETRA,Bhalolpur,15.1,15.49,77.02788616829727,30.03712261146309
242,228,PUNJAB,AMRITSAR,Awan,6.5,8.42,74.880050680298,31.959121115312133
25500,21934,HARYANA,FATEHABAD,Nagpur,10.0,9.81,75.40302781816933,29.66434726524164
25778,22327,HARYANA,KARNAL,Gonder,26.5,25.6,76.7438263599973,29.649761831543916
15843,11199,PUNJAB,MUKTSAR,Akalgarh,3.0,3.22,74.39348570771611,30.507160164056156
1264,1074,PUNJAB,AMRITSAR,Khalchia,10.0,8.7,75.172943632251,31.54210715251182
26673,23482,PUNJAB,BARNALA,chiniwal khurd,7.0,7.29,75.4530673656405,30.59089017259921
26672,23482,PUNJAB,BARNALA,chiniwal khurd,1.2,1.15,75.45297690308699,30.577764324984688
25499,21933,HARYANA,FATEHABAD,Mussa dhani,25.0,24.82,75.38933709434211,29.664777381332275
124,119,PUNJAB,AMRITSAR,Teri,8.0,8.67,74.78129492617865,31.82071269677356
25728,22264,HARYANA,SIRSA,Kotli,6.0,6.27,75.14210853159503,29.515865181893155
25727,22264,HARYANA,SIRSA,Kotli,20.0,21.4,75.17127740744175,29.533465885537403
25597,22050,HARYANA,KARNAL,Nissing,45.5,45.46,76.7740230358073,29.704626515902547
23462,4148,HARYANA,YAMUNANAGAR,Dolatpur,13.0,12.52,77.19305371002288,30.031636652975372
23461,4148,HARYANA,YAMUNANAGAR,Dolatpur,33.0,32.25,77.19090355031045,30.027624344759143
15839,4148,HARYANA,YAMUNANAGAR,Dolatpur,4.7,4.82,77.10426784582769,30.081119590244047
14578,10469,HARYANA,KAITHAL,Ahun,7.0,6.59,76.66905887016746,29.78799091081433
81,80,PUNJAB,AMRITSAR,Harar bhuregill,6.0,5.77,74.82788888990461,31.878028244396667
15840,11196,PUNJAB,MUKTSAR,Ramgarh,10.5,11.75,74.38438296380656,30.489159981249507
15652,11092,PUNJAB,MUKTSAR,Ramgarh,1.8,1.77,74.39414169888168,30.479690504355386
15651,11092,PUNJAB,MUKTSAR,Ramgarh,3.5,3.66,74.3912477830778,30.476564961114796
13961,10077,HARYANA,KURUKSHETRA,Lohar Majra,16.5,17.01,76.72447777036622,29.94878360031893
13960,10077,HARYANA,KURUKSHETRA,Lohar Majra,32.5,28.12,76.73053682342858,29.95421113327102
567,508,PUNJAB,AMRITSAR,Riar,5.0,4.71,74.74261290980265,31.826696280567813
7858,1803,HARYANA,KAITHAL,Sair,13.0,9.47,76.29092490260253,29.93552952370199
2207,1803,HARYANA,KAITHAL,Sair,11.0,9.17,76.29006801680963,29.93628013554333
298,279,PUNJAB,AMRITSAR,Bhuregill,45.0,32.89,74.8458266997231,31.870494789902665
15815,11184,PUNJAB,BARNALA,khudhi kalan,17.0,17.11,75.48610494980282,30.35516171782862
5526,4416,HARYANA,KAITHAL,Ramnagar bhunna,9.0,8.05,76.33935509822977,29.96671797955836
18183,13779,PUNJAB,BARNALA,hamidi,2.0,2.19,75.58063287913333,30.434816306148303
443,403,PUNJAB,TARN_TARAN,Nakhi,8.0,6.74,74.72042811532327,31.283666278343
15015,10737,PUNJAB,FEROZEPUR,Hasan dhut,2.5,2.39,74.53711621400488,30.93344658354409
15014,10737,PUNJAB,FEROZEPUR,Hasan dhut,5.1,5.03,74.54026138138688,30.9331490545605
15013,10737,PUNJAB,FEROZEPUR,Hasan dhut,24.0,24.77,74.53689396169592,30.931507102753052
22158,16616,HARYANA,KARNAL,Gonder,44.0,44.01,76.72482618179431,29.625563193932297
4378,3467,HARYANA,KAITHAL,Janedpur,15.0,11.63,76.27194119987232,29.909189696228218
4377,3467,HARYANA,KAITHAL,Janedpur,8.0,7.55,76.27960790946462,29.91371141537443
6493,5224,PUNJAB,MANSA,Khiwa kalan,10.1,10.17,75.55015002395606,30.136430735157575
26160,22844,PUNJAB,BARNALA,Dhaner,6.5,6.09,75.50594285267552,30.56526565248535
26159,22844,PUNJAB,BARNALA,Dhaner,12.0,12.25,75.51609733260449,30.57412135528019
5825,4655,PUNJAB,BARNALA,sanghera,9.0,9.23,75.57863437821443,30.398514965747964
9042,6942,PUNJAB,MUKTSAR,Bhalaiana,4.0,4.65,74.70027010944358,30.345059914306983
9041,6942,PUNJAB,MUKTSAR,Bhalaiana,1.8,1.57,74.70039170338099,30.343625587586143
12573,9204,HARYANA,KAITHAL,Balwanti,20.0,19.49,76.46644128154904,29.892950757297484
26192,22924,PUNJAB,BARNALA,Kalal majra,7.2,6.85,75.54678781292425,30.5646905679519
7039,5663,PUNJAB,MANSA,Chak alisher,0.956,0.95,75.62733227234834,29.768200211222855
25619,22017,PUNJAB,BARNALA,Nihaluwal,11.0,9.83,75.5618211079656,30.56012763048626
25559,22017,PUNJAB,BARNALA,Nihaluwal,6.5,6.57,75.60210137582226,30.57212112706972
16110,11370,PUNJAB,MUKTSAR,Tappa khera,7.0,6.71,74.55119502414726,30.093666079039075
3104,2501,PUNJAB,BARNALA,Sanghera,8.0,4.94,75.53656498007003,30.40103407706353
25617,22110,PUNJAB,BARNALA,Dhaner,3.5,3.34,75.52206420622636,30.567593664827797
25616,22110,PUNJAB,BARNALA,Dhaner,5.5,5.44,75.52403723143354,30.566701927493323
25380,21791,PUNJAB,BARNALA,Gagewal,5.5,5.02,75.47026987947555,30.601458910598776
1528,1291,HARYANA,SIRSA,Moju Khera,5.0,5.21,74.73734368749413,29.47853999690178
1527,1291,HARYANA,SIRSA,Moju Khera,2.0,1.69,74.73854265795585,29.47898926585305
1526,1291,HARYANA,SIRSA,Moju Khera,3.0,3.43,74.72508055411608,29.46201195053658
16462,4591,HARYANA,KARNAL,Gonder,45.5,45.5,76.72771249285367,29.672302754015284
16052,11328,PUNJAB,MUKTSAR,Abul khurana,11.5,12.06,74.5371716859298,30.127279847056343
25223,21567,PUNJAB,BARNALA,Saddowal,7.5,7.74,75.46896327865147,30.600055608085132
26200,22931,PUNJAB,BARNALA,Bihla,2.0,1.93,75.42499901654452,30.5450457260517
15358,10929,HARYANA,KAITHAL,Kaul,20.0,19.41,76.67173162680419,29.858717670554956
15357,10929,HARYANA,KAITHAL,Kaul,10.0,10.23,76.67056514633344,29.82981616159766
16000,11297,PUNJAB,MUKTSAR,Akalgarh,1.6,1.84,74.39575955677108,30.517785020008937
15983,11282,PUNJAB,MUKTSAR,Ramgarh,6.0,5.71,74.38262578701449,30.491882355887096
16330,11513,HARYANA,KURUKSHETRA,Barna,6.0,6.0,76.74441055774322,29.912966402366205
14948,10704,HARYANA,KURUKSHETRA,Mukimpura,9.0,8.63,76.68152427588325,29.968993108237328
15969,11275,PUNJAB,MUKTSAR,Abul khurana,38.0,40.06,74.51795357392632,30.13183482757094
8242,6402,HARYANA,KAITHAL,Bhunna,3.0,3.1,76.30575911980227,29.9803788732073
8241,6402,HARYANA,KAITHAL,Bhunna,12.0,10.74,76.30306351325056,29.96817767063126
8240,6402,HARYANA,KAITHAL,Bhunna,6.0,6.03,76.30235598542137,29.971939760168585
2918,2359,HARYANA,HISAR,Sandol,12.0,13.8,75.74010973430288,29.3552224725625
26043,22640,HARYANA,SIRSA,Bahauddin,1.0,1.34,75.2171083511178,29.537385282115785
16116,11375,PUNJAB,MUKTSAR,Arniwala wazira,21.0,21.69,74.48652078170129,30.07699756024161
16109,11369,PUNJAB,MUKTSAR,Tappa khera,28.5,27.85,74.51856217528048,30.098655016633668
8422,6527,PUNJAB,BARNALA,karamgarh,19.0,15.52,75.62763460969217,30.428456563470515
9674,7366,HARYANA,KURUKSHETRA,Thanesar,55.0,54.94,76.82103458317442,29.917840459758207
16081,11349,PUNJAB,MUKTSAR,Abul khurana,12.0,15.57,74.53079751405076,30.111965827273018
26605,23424,PUNJAB,BARNALA,Moom,6.0,6.06,75.49395736885225,30.56330753040896
26604,23424,PUNJAB,BARNALA,Moom,5.0,5.11,75.50189354403048,30.553815473355204
16159,11404,PUNJAB,MUKTSAR,Chak madrassa,2.0,2.44,74.3471373270665,30.471452227550408
16158,11404,PUNJAB,MUKTSAR,Chak madrassa,10.0,9.49,74.34841667483644,30.473562391196847
8903,6860,PUNJAB,BARNALA,amla singh wala,25.0,24.81,75.56019990290035,30.46133613189195
23174,17920,HARYANA,KURUKSHETRA,Hamidpur,22.0,22.64,76.96072337213074,30.06928832334871
13107,9540,HARYANA,KAITHAL,Ahun,20.0,18.62,76.67577104037609,29.777222001709415
2137,1742,HARYANA,PANIPAT,Urlana,15.0,18.64,76.67822199397334,29.356391987969644
11796,8665,PUNJAB,BARNALA,barnala,14.0,15.02,75.51328589236223,30.393018095775364
10782,8044,PUNJAB,BARNALA,sanghera,23.0,34.32,75.60973516579546,30.360499920906957
1139,978,HARYANA,SIRSA,Mehna khera,10.0,10.26,74.80912438580847,29.42581878539679
8771,6770,PUNJAB,BARNALA,karamgarh,18.0,18.01,75.63061069231564,30.432110959088135
15985,11283,PUNJAB,FAZILKA,Janisar,1.5,1.37,74.36311441874446,30.493684324961343
26407,23173,PUNJAB,BARNALA,Moom,5.4,5.4,75.49282481818733,30.578823087887535
11874,8719,HARYANA,KAITHAL,Ahun,5.5,5.04,76.6855996363566,29.793099516922403
24305,20053,HARYANA,KURUKSHETRA,Behrian,35.0,34.72,76.5715238937462,29.946280605729964
26526,23330,PUNJAB,BARNALA,Gagewal,2.5,2.36,75.48694423282778,30.599729587215137
26525,23330,PUNJAB,BARNALA,Gagewal,5.6,5.58,75.47574907581529,30.59825104346074
26669,23479,PUNJAB,BARNALA,Chinniwal khurd,2.0,1.9,75.44907116226062,30.58633401477367
1725,1427,PUNJAB,BATHINDA,Poohli,20.0,21.75,75.0965686365802,30.303190700327395
1587,1327,PUNJAB,BATHINDA,Nathana,11.0,9.46,75.03831674369002,30.329431954514227
2567,2082,PUNJAB,BATHINDA,Harraipur,8.5,8.77,75.00477498660032,30.31433016437877
8093,6312,HARYANA,KURUKSHETRA,Sarsa,22.0,22.07,76.65644425402037,29.950783513433716
8092,6312,HARYANA,KURUKSHETRA,Sarsa,16.0,14.74,76.65796387407337,29.951771988773217
20452,15224,HARYANA,KURUKSHETRA,Sandholi,28.0,27.81,76.6342107366506,29.978002381907963
12395,8778,HARYANA,FATEHABAD,Dhani dadupur,20.0,19.74,75.48518514547175,29.67849583716669
16461,11585,HARYANA,KARNAL,Sekhupura,67.5,63.91,76.73143397584464,29.670294104958735
17185,11973,HARYANA,KURUKSHETRA,Kainthal Kalan,12.0,11.99,76.79310921029727,29.93505871832361
1246,1063,HARYANA,KAITHAL,Kharkhra,12.0,8.11,76.2902980111029,29.947419169883457
14523,10435,PUNJAB,BATHINDA,Dhelwma,22.8,22.87,75.03791416553045,30.302641810264564
26042,14441,HARYANA,SIRSA,Mangala,39.0,41.25,74.95607429236766,29.49709488047265
14311,10310,HARYANA,KAITHAL,Sakra,47.0,47.9,76.68628503123328,29.827188474618055
3385,2712,HARYANA,KAITHAL,Sotha,30.0,26.56,76.33554577976605,29.934632410790307
10363,7774,PUNJAB,BATHINDA,Deon,9.676,9.54,74.81407195334383,30.24910224913131
1557,1308,HARYANA,FATEHABAD,Dadupur,5.0,5.33,75.46873731627478,29.68194750383979
1842,1516,HARYANA,FATEHABAD,Haroli,21.0,19.52,75.494405081771,29.65278782058756
9651,7349,PUNJAB,BATHINDA,Gobindpura,1.5,1.39,75.03268533412125,30.278638509494787
26643,23446,PUNJAB,BATHINDA,Chak bakhtu,2.0,1.98,75.12619004101194,30.209610136423965
26642,23446,PUNJAB,BATHINDA,Chak bakhtu,2.0,1.84,75.14013078785881,30.18399175718336
26641,23446,PUNJAB,BATHINDA,Chak bakhtu,3.0,2.74,75.13310510900173,30.185328362452495
15932,11258,HARYANA,KAITHAL,Pollad,1.4,1.01,76.35643790906069,29.937227799782644
7678,5739,PUNJAB,FARIDKOT,Machaki mall singh,15.0,14.21,74.7559610535732,30.624483427797355
7671,5739,PUNJAB,FARIDKOT,Machaki mall singh,9.0,8.08,74.7057303642639,30.637175692349096
7134,5739,PUNJAB,FARIDKOT,Machaki mall singh,11.0,10.15,74.73429477767846,30.61309146231518
26000,9574,HARYANA,KARNAL,Gonder,30.0,29.78,76.74921825948687,29.700509371714023
13154,9574,HARYANA,KARNAL,Gonder,38.0,37.49,76.80901362610611,29.863883391756627
16973,11861,HARYANA,KAITHAL,Kaul,4.0,4.28,76.66684062983936,29.821338576915913
16972,11861,HARYANA,KAITHAL,Kaul,6.0,5.88,76.66697927108765,29.82227990442547
14143,10200,PUNJAB,BATHINDA,Naruana,2.3,2.36,74.87646710508275,30.169090002618937
23237,18074,HARYANA,KURUKSHETRA,Vill bir mathana,19.2,17.9,76.92224016014474,29.983726456523858
7128,5734,PUNJAB,FARIDKOT,Kamiana,12.0,10.75,74.72262605855788,30.642262638387276
1552,1303,HARYANA,FATEHABAD,Dadupur,14.0,14.44,75.46809376987741,29.67363363925192
3629,2899,PUNJAB,FARIDKOT,Deep singh wala,5.0,3.78,74.47675022522841,30.732996359297125
1612,1345,HARYANA,FATEHABAD,Haroli,8.0,8.22,75.44585103972307,29.655820284604303
1611,1345,HARYANA,FATEHABAD,Haroli,6.0,5.61,75.44877157327375,29.653512048120344
16974,11862,HARYANA,KAITHAL,Kaul,10.0,10.45,76.65847168074417,29.82879490125576
25161,21448,HARYANA,FATEHABAD,Madh,20.0,20.08,75.4171692956307,29.71177602168814
2589,2103,HARYANA,FATEHABAD,Fatehabad local,11.0,10.38,75.46158558847227,29.542874622622
2732,2219,HARYANA,FATEHABAD,Hukmawali,8.0,7.91,75.45386121546198,29.694687600777986
2681,2174,HARYANA,FATEHABAD,Hukmawali,16.0,11.74,75.4320724284415,29.690761004432268
7199,5789,HARYANA,KAITHAL,Ramdaspura,3.0,2.7,76.31141022254695,29.93924983897516
7198,5789,HARYANA,KAITHAL,Ramdaspura,8.0,8.62,76.27277833177297,29.918970389972333
7197,5789,HARYANA,KAITHAL,Ramdaspura,4.0,3.67,76.31249529928276,29.93900528039679
13986,10096,HARYANA,KAITHAL,Ahun,7.5,7.42,76.69307412415787,29.777104159437197
14917,10684,HARYANA,KAITHAL,Ahun,4.0,3.56,76.66916326828056,29.795120518478832
3089,2488,HARYANA,FATEHABAD,Nagpur,3.0,2.3,75.39533946039143,29.680255074554797
3088,2488,HARYANA,FATEHABAD,Nagpur,20.0,19.32,75.39333135011078,29.684760386140496
16011,11305,HARYANA,KAITHAL,Kaul,21.0,20.53,76.680612898876,29.847172370969545
3467,2778,HARYANA,FATEHABAD,Salamkhera,4.0,4.01,75.50408814035958,29.43020234222216
4820,3821,HARYANA,FATEHABAD,Haroli,12.0,12.15,75.47821021636953,29.65664269076448
8527,6602,HARYANA,KURUKSHETRA,Butah majra,7.0,7.06,77.07514244399508,29.954159640387893
17065,11913,HARYANA,KAITHAL,Kaul,10.0,9.63,76.6703301821662,29.842474273951375
26021,22622,HARYANA,FATEHABAD,Ratakhera,10.0,9.6,75.51979073637612,29.660308601077848
13248,9626,PUNJAB,MUKTSAR,Lohara,2.8,2.73,74.65110738356991,30.3540275559518
13247,9626,PUNJAB,MUKTSAR,Lohara,4.132,4.29,74.64902457419883,30.354227673394693
13244,9626,PUNJAB,MUKTSAR,Lohara,10.156,9.93,74.65071845143862,30.364032280315023
740,659,HARYANA,KARNAL,Aunghd,4.0,3.75,76.79879480120663,29.675678410925023
15009,10733,PUNJAB,FEROZEPUR,Jlalwala,5.0,5.2,74.5266992448979,30.93707634542652
23703,18995,HARYANA,FATEHABAD,Nangal dhani,22.0,20.83,75.4904824605504,29.743141558078385
22498,16901,HARYANA,KURUKSHETRA,Kheri Brahmanan,78.0,76.16,76.84166897221225,29.92708140278581
8985,6912,HARYANA,KARNAL,Bastli,24.0,21.86,76.71098097502923,29.726255644430335
23624,18844,HARYANA,FATEHABAD,Birabadi,17.6,17.95,75.36801394418384,29.69537126997684
2104,1718,HARYANA,FATEHABAD,Haroli,1.0,0.71,75.46141330951747,29.677123141839704
2103,1718,HARYANA,FATEHABAD,Haroli,10.0,9.88,75.46141923536858,29.67470868831803
2102,1718,HARYANA,FATEHABAD,Haroli,6.0,5.73,75.4620461211924,29.67731848038324
24930,21109,PUNJAB,BATHINDA,Chak Bakhtu,1.0,1.02,75.13000034921103,30.191346646619337
14556,10455,HARYANA,KAITHAL,Ahun,15.0,14.26,76.6798901903406,29.79258057783064
15392,10949,HARYANA,FATEHABAD,Dani manjra,5.0,5.53,75.53614009851613,29.50283768181641
22956,17381,HARYANA,FATEHABAD,Alalwas,22.0,21.96,75.48561393163678,29.723410196136506
22630,17025,HARYANA,FATEHABAD,Alika,5.0,5.24,75.43753351848574,29.734589266210858
748,662,HARYANA,KARNAL,Aunghd,17.0,20.19,76.79585172437483,29.6768992108778
20473,15237,HARYANA,FATEHABAD,Bigad,11.0,11.82,75.4550338824799,29.462721330743648
22527,16921,HARYANA,FATEHABAD,Ajit nagar ganda,41.0,40.73,75.39411769298206,29.706888268645503
780,689,HARYANA,SIRSA,Amritsar,10.0,9.91,74.67590744244265,29.48683704784918
22268,16710,HARYANA,FATEHABAD,Alika,17.5,16.88,75.44058137461185,29.741795961248354
22267,16710,HARYANA,FATEHABAD,Alika,24.0,23.69,75.4430036034865,29.744011118957296
20386,15164,HARYANA,FATEHABAD,Hanspur,26.5,24.91,75.34709212791385,29.6528538826578
19841,14769,HARYANA,FATEHABAD,Tamaspura,31.0,30.66,75.50613399041337,29.65061363967843
18785,14128,HARYANA,FATEHABAD,RATIA,40.0,39.83,75.59051659116022,29.675328611959294
17698,13492,HARYANA,FATEHABAD,Haroli,15.0,14.67,75.46645414682511,29.67510444613411
18595,14013,HARYANA,FATEHABAD,Ratia,19.0,18.85,75.5928075193299,29.68648606810976
8232,6397,PUNJAB,MUKTSAR,Sukhan abulo,25.0,25.22,74.66253605008379,30.34772483911815
20830,15490,PUNJAB,FAZILKA,Andhewalijorki,4.0,4.21,74.16190689709303,30.429562218620447
20826,15490,PUNJAB,FAZILKA,Andhewalijorki,7.7,7.78,74.15917492956362,30.428469682968313
20824,15490,PUNJAB,FAZILKA,Andhewalijorki,2.6,2.55,74.15430135550643,30.430525900811208
20823,15490,PUNJAB,FAZILKA,Andhewalijorki,2.0,2.18,74.15406013928956,30.43168705666126
16697,11730,HARYANA,FATEHABAD,Burja,26.0,24.1,75.65802666235821,29.652673587933624
9175,7031,HARYANA,KARNAL,Bhoji,16.0,16.56,77.11478035172394,29.931928787987022
22210,16645,HARYANA,KARNAL,Sahapur,52.0,52.14,76.8850466271973,29.72099871944589
10355,7769,HARYANA,FATEHABAD,Phoolan,8.0,7.26,75.49706908010806,29.631641807591144
6236,5033,PUNJAB,PATIALA,sani majra,18.0,13.86,76.30435362391526,30.29469885071558
7856,1773,HARYANA,FATEHABAD,Haroli,23.0,24.69,75.44201518952123,29.64453164889385
2174,1773,HARYANA,FATEHABAD,Haroli,3.0,3.06,75.44890749965485,29.64287971125667
16323,11507,HARYANA,FATEHABAD,Dangad,19.0,18.84,75.53057142239808,29.501230578352462
25940,22517,PUNJAB,LUDHIANA,Bharowal Kalam,25.0,23.14,75.57133235237073,30.92664018438666
16175,11414,HARYANA,FATEHABAD,Dangad,41.0,40.95,75.51072055851225,29.475385377968525
4459,3526,HARYANA,SIRSA,Khai shergarh,3.0,3.38,74.86431628297991,29.68707384053289
18721,14085,HARYANA,KURUKSHETRA,Bakhli,40.5,40.95,76.50002755690136,30.016729508914295
18329,13855,HARYANA,KURUKSHETRA,Raun,38.0,36.94,76.6149717497781,29.91608757319445
15189,10843,HARYANA,FATEHABAD,Bangaw,29.5,29.07,75.4229193019988,29.45541502950723
15166,10824,HARYANA,FATEHABAD,Hukmawali,10.0,10.02,75.41743232158697,29.67716578242239
14889,10671,HARYANA,FATEHABAD,Dadupur,20.0,19.32,75.47889333384498,29.67242901077429
23429,18322,HARYANA,FATEHABAD,Dolatpur,10.0,9.38,75.40580414159597,29.542197734958588
15354,10926,HARYANA,KAITHAL,Ahun,5.5,5.33,76.68976192905598,29.792384677119923
23184,17929,HARYANA,KAITHAL,Kakhedi,32.0,30.91,76.36634540180536,29.969445156663628
20295,15098,HARYANA,KAITHAL,Ahun,8.0,8.04,76.67274741532594,29.77987059220445
13654,9875,HARYANA,KAITHAL,Ahun,8.5,7.95,76.67334393023384,29.769014733434897
17973,13651,HARYANA,FATEHABAD,RATIA,29.5,29.35,75.56124542577575,29.688613098913898
13711,9922,HARYANA,FATEHABAD,Ratakhera,25.0,25.46,75.52736811374551,29.67411975638696
24118,19808,HARYANA,KURUKSHETRA,Mangoli jattan,45.0,42.25,77.03661016460163,30.120910199882484
11306,8361,PUNJAB,FEROZEPUR,Dulchi ke,10.3,9.33,74.60775738877084,31.025482887671632
9087,6972,HARYANA,KURUKSHETRA,Indbadi,5.0,5.53,76.74714230250267,29.97152007109591
8196,6370,HARYANA,FATEHABAD,Tamspura,13.0,13.45,75.47029524277428,29.63094905814642
16708,11733,HARYANA,KAITHAL,Ahun,11.0,10.37,76.66843184633191,29.793516838598084
2257,1841,HARYANA,KURUKSHETRA,Mirjapur,18.0,10.74,76.79316733549075,29.95939565027192
17783,13535,HARYANA,KAITHAL,Pabnawa,5.5,4.72,76.6733245868177,29.90235294852801
8970,6901,HARYANA,KURUKSHETRA,Kamoda,40.0,41.14,76.74649340653612,29.97344426246708
9791,7441,PUNJAB,FAZILKA,Amarpura,14.7,15.58,74.18002185321261,30.046339145016045
15029,10749,HARYANA,KURUKSHETRA,Khanpur,4.0,3.99,76.86274937732193,30.03843800074861
23658,18921,HARYANA,KURUKSHETRA,Harigarh,25.0,25.38,76.60175317014155,30.041058234710388
20320,15100,PUNJAB,FAZILKA,Hogkash,1.9,2.01,74.2116671741178,30.48172784475485
20299,15100,PUNJAB,FAZILKA,Hogkash,3.6,3.91,74.19683568274759,30.47492144748643
20298,15100,PUNJAB,FAZILKA,Hogkash,0.94,0.93,74.1930104036167,30.460258125674375
16662,11706,PUNJAB,FAZILKA,Chakjanisar,6.0,6.43,74.34361287498761,30.509089816698456
18872,14169,PUNJAB,FAZILKA,Janisar,3.7,3.51,74.3652158040929,30.482392402804088
13138,9563,HARYANA,KAITHAL,Bhunna,6.0,6.45,76.31959359707767,29.982926343304
17942,13634,HARYANA,KAITHAL,Kaul,22.0,20.31,76.67767343464371,29.843439760037995
22392,16816,PUNJAB,FAZILKA,Bhegawala,4.6,4.7,74.12385316503386,30.43439122926866
17151,11958,PUNJAB,FAZILKA,Jandwala,3.0,3.29,74.31458597519453,30.522300889604175
13490,9778,HARYANA,KAITHAL,Buchi,8.0,8.15,76.65576113135718,29.739433948168593
14414,10370,HARYANA,KAITHAL,Ahun,5.0,4.51,76.67419388598354,29.789827306691613
16784,11780,HARYANA,KAITHAL,Kaul,7.0,7.0,76.65766953733619,29.830189661092614
18873,14170,PUNJAB,FAZILKA,Janisar,2.3,2.22,74.36588866820664,30.4823670464371
15182,10838,PUNJAB,FEROZEPUR,Dehru,18.6,17.95,74.74355101256914,30.911351418062136
17532,13408,PUNJAB,FEROZEPUR,Bahne wala,4.0,3.72,74.57755486327856,31.02894792758983
17531,13408,PUNJAB,FEROZEPUR,Bahne wala,4.1,5.47,74.57243279274167,31.028868627859858
21857,16339,PUNJAB,FAZILKA,Janisar,10.3,8.77,74.36024202761813,30.49866957286393
21856,16339,PUNJAB,FAZILKA,Janisar,8.9,8.76,74.36102399570409,30.497115124458272
22892,17295,HARYANA,FATEHABAD,Lali,30.0,30.04,75.52823429497587,29.68302607695911
3100,2497,HARYANA,FATEHABAD,Haroli,14.0,12.2,75.45729764832942,29.6521734502796
15990,11287,PUNJAB,FAZILKA,Janisar,13.0,12.37,74.36932754170627,30.50074184799857
15989,11287,PUNJAB,FAZILKA,Janisar,4.0,3.62,74.36750931893278,30.50373359721793
10382,7786,HARYANA,KAITHAL,Bhunna,30.0,29.07,76.2996558975917,29.974117931883743
21924,16380,HARYANA,KURUKSHETRA,Bodha,25.0,25.08,76.5874286294595,30.06244819029776
13491,9779,HARYANA,KAITHAL,Sach,4.5,4.08,76.65087426094964,29.740193620190738
15877,11095,HARYANA,KAITHAL,Ahmedpur,7.0,7.61,76.6608681365374,29.756954461780236
15875,11095,HARYANA,KAITHAL,Ahmedpur,25.0,24.89,76.64733057724305,29.76180758244731
15988,11286,PUNJAB,FAZILKA,Janisar,18.0,18.22,74.37331139856549,30.510680786711255
20482,15243,HARYANA,FATEHABAD,Ratakhera,12.0,11.02,75.51615559102792,29.666988154687235
15188,10842,HARYANA,FATEHABAD,Bangaw,20.0,19.9,75.42242399821347,29.45279305149943
11351,8392,HARYANA,KAITHAL,Ahun,14.5,15.16,76.6902801901514,29.794254172333233
17370,13328,PUNJAB,FAZILKA,Chak Dhab khushaljoyia,12.0,11.98,74.30527057255715,30.53340131178033
26594,23416,PUNJAB,FEROZEPUR,Gadodu,1.6,1.59,74.72947907737955,30.94866638135414
26593,23416,PUNJAB,FEROZEPUR,Gadodu,5.0,4.69,74.73183491840918,30.951886241892502
26592,23416,PUNJAB,FEROZEPUR,Gadodu,8.3,8.09,74.72348053273124,30.955692174610267
8752,6758,PUNJAB,FAZILKA,Balluana,31.0,32.15,74.32211030794754,30.179843045855552
15184,10840,PUNJAB,FEROZEPUR,Misri wala nazu shah,11.3,12.15,74.74839447960788,30.951004231072464
5431,4343,HARYANA,KARNAL,Ranbir nagar kachhwa,30.0,24.49,76.88267274738305,29.701077801221217
5430,4343,HARYANA,KARNAL,Ranbir nagar kachhwa,5.0,5.33,76.88308526208034,29.698779328741896
14043,10137,HARYANA,KAITHAL,Ahun,8.7,8.4,76.69335477839971,29.785973508962165
17437,13366,HARYANA,KAITHAL,Kaul,4.0,4.19,76.63487315390412,29.83844607264232
20313,15113,HARYANA,KURUKSHETRA,Sarsa,41.0,41.16,76.6550157782516,29.946828601824873
5216,4146,HARYANA,JIND,Roopgarh,6.0,6.75,76.31320702685767,29.374615334002257
6443,5183,HARYANA,FATEHABAD,Tohana,10.0,8.39,75.87515147388618,29.701422818614407
17812,13551,HARYANA,KAITHAL,Bhunna,6.0,5.77,76.29299135175873,29.969747563126457
3261,2615,HARYANA,JIND,Kandela,14.0,13.9,76.33081961240767,29.36748497336467
11960,8784,HARYANA,KAITHAL,Kangthali,27.0,27.22,76.36144162707208,29.96053679989286
2730,2217,HARYANA,JIND,Barsana,3.0,2.36,76.40371409855761,29.367530081649495
3615,2888,HARYANA,JIND,Kandela,19.0,14.94,76.34018181865534,29.362280125916044
18027,13683,HARYANA,KAITHAL,Rasina,25.0,25.16,76.66819270588911,29.757476272097502
6930,5572,PUNJAB,FARIDKOT,Kamiana,5.0,4.87,74.73334613545961,30.647030183031983
22410,16828,HARYANA,KAITHAL,Habri,35.0,34.35,76.62923388180624,29.721830134313837
22624,17020,HARYANA,KARNAL,Bazida jattan,15.0,15.38,76.96063701024082,29.619481252949697
23022,17723,HARYANA,KAITHAL,Kakheri,9.0,8.71,76.38073620385609,29.97240156696276
23021,17723,HARYANA,KAITHAL,Kakheri,4.0,4.23,76.37867535483626,29.973564938218697
11830,8690,HARYANA,KAITHAL,Rasulpur,41.0,41.75,76.39716003662745,29.929750078911457
9018,6928,HARYANA,FATEHABAD,Phoolan,9.0,8.75,75.51355761490906,29.62333282456915
25803,22367,PUNJAB,BARNALA,Gagewal,9.0,9.0,75.47723072970928,30.590676256605192
25536,21964,HARYANA,KAITHAL,Mohna,14.0,13.86,76.58233466754065,29.773348371598782
16498,11611,HARYANA,KAITHAL,Ahmedpur,18.0,17.2,76.6602346941389,29.751197758627388
16497,11611,HARYANA,KAITHAL,Ahmedpur,22.0,25.53,76.65774801408894,29.752359330819207
17659,13469,HARYANA,KAITHAL,Ahun,3.0,2.92,76.68149020297732,29.789975113882345
23779,9220,HARYANA,KURUKSHETRA,Harigarh,25.0,25.41,76.6904982447739,29.98438656027692
23822,19228,HARYANA,KAITHAL,Pabnawa,11.5,11.44,76.64234388203825,29.884655273748493
18917,14201,HARYANA,KAITHAL,Sagroli,10.0,9.9,76.64146341231326,29.8201499030818
24180,19886,HARYANA,KAITHAL,Kakheri,79.5,79.23,76.36816957341888,29.95620282465317
23364,18255,HARYANA,KAITHAL,Khedi Gulam Ali,9.0,8.53,76.31206913985132,29.882633596694237
13564,9822,HARYANA,KAITHAL,Kharkra,17.0,15.53,76.26952184849152,29.94824921591086
23859,19206,HARYANA,YAMUNANAGAR,Khurdi,4.4,4.29,77.23747592852818,30.080670303247732
17540,13416,HARYANA,KAITHAL,Ahun,3.0,3.0,76.68454719993373,29.79830739959731
645,569,HARYANA,KARNAL,Bahlolpur,13.0,11.33,76.84152510544982,29.72856821760249
13728,9931,PUNJAB,MUKTSAR,sukhan abluo,4.421,4.34,74.66466680080028,30.346209500783836
25843,22388,HARYANA,KAITHAL,Teonta,11.5,11.48,76.63200452238868,29.782688229510164
23134,17866,HARYANA,KAITHAL,Kaul,8.0,8.47,76.67569898382024,29.85608853016658
23133,17866,HARYANA,KAITHAL,Kaul,20.0,20.47,76.65392751897515,29.8624705743783
17945,13636,HARYANA,KURUKSHETRA,Kanthala,55.0,53.81,76.66455338528482,30.032288990748103
26479,23274,HARYANA,KAITHAL,Matrwa kheri,7.0,6.84,76.60506006471415,29.80178931968418
12164,8921,HARYANA,AMBALA,Jaferpur,1.4,1.64,77.137608130631,30.31480048549529
762,674,HARYANA,KAITHAL,Bhana,22.0,23.37,76.51371706403674,29.655193913231017
26015,22609,PUNJAB,FEROZEPUR,Suseti,35.2,34.97,74.58861683476646,30.97703788914603
2660,2157,HARYANA,KAITHAL,Kamalpur,14.0,12.76,76.34035468554062,29.586463105436415
756,668,HARYANA,KAITHAL,Gobindpura,24.0,21.55,76.32391200233657,29.94707294690926
755,668,HARYANA,KAITHAL,Gobindpura,21.0,20.3,76.33383281073635,29.950668139577935
19299,14413,HARYANA,KAITHAL,Sach,12.0,12.29,76.66340882429955,29.732367513581963
3292,2639,HARYANA,KAITHAL,Simla,13.0,11.71,76.22075338117732,29.65538133834652
6962,5599,PUNJAB,MUKTSAR,Sukhna abluo,37.0,38.2,74.65188478137765,30.346725346369947
9245,7072,HARYANA,SIRSA,Talwara khurd,5.8,5.72,74.62595314424166,29.521423326964065
20330,15129,HARYANA,KAITHAL,Rasina,20.0,18.98,76.67818187629253,29.749343211167215
3438,2754,HARYANA,KAITHAL,Batta,14.0,10.43,76.34187583793596,29.71477473833895
4500,3555,HARYANA,KARNAL,Gonder,2.0,1.94,76.75625501605208,29.655011577272543
2039,1672,HARYANA,KAITHAL,Parbhawat,11.0,11.7,76.29418110915368,29.90905712639675
2038,1672,HARYANA,KAITHAL,Parbhawat,7.0,7.86,76.2973801309053,29.91123072222505
20711,15425,HARYANA,FATEHABAD,Chandpura,3.0,2.95,75.72998540980042,29.77335419913141
20710,15425,HARYANA,FATEHABAD,Chandpura,30.0,28.7,75.71934183671897,29.776675329994113
20331,15130,HARYANA,KARNAL,Birchpur,4.5,4.57,76.90895289524501,29.608757771327618
19304,14418,HARYANA,KAITHAL,Sach,8.25,8.28,76.66248184989591,29.736785791405932
17430,13346,HARYANA,YAMUNANAGAR,Sukhdaspur,7.5,7.3,77.1606911441197,30.19886512052597
17421,13346,HARYANA,YAMUNANAGAR,Sukhdaspur,2.0,2.1,77.16159496207196,30.197182364115033
17406,13346,HARYANA,YAMUNANAGAR,Sukhdaspur,6.3,6.4,77.1614595126762,30.195246772948128
18936,14214,HARYANA,FATEHABAD,RATIA,12.0,11.78,75.56928237717537,29.668676013250145
852,748,HARYANA,KAITHAL,Sair,8.0,7.68,76.29979359721062,29.929869060560385
15521,11021,HARYANA,KAITHAL,Badhnara,16.0,16.08,76.69477005488365,29.69052881797209
20336,15133,HARYANA,KARNAL,Budanpur abad,2.0,1.58,76.90918147435455,29.593535656240793
8369,6489,HARYANA,KAITHAL,Malikpur,41.0,44.94,76.37754573527891,29.906969871302003
13139,9564,HARYANA,KAITHAL,Bhunna,0.5,0.55,76.3148747763798,29.984507068273643
13987,10097,HARYANA,KAITHAL,Ahun,9.5,9.16,76.6865239557271,29.797926505120707
15749,11150,HARYANA,KAITHAL,Ahmedpur,10.0,9.63,76.65971196928342,29.754512993400485
10807,8063,HARYANA,KAITHAL,Ahun,7.0,6.89,76.69613125530616,29.7929298650229
15160,10820,HARYANA,KAITHAL,Ahun,8.0,7.8,76.68875765361275,29.782464115800117
16783,11779,HARYANA,KAITHAL,Kaul,17.5,16.49,76.68689567004849,29.844609186035903
16782,11779,HARYANA,KAITHAL,Kaul,18.5,18.34,76.6674581870956,29.83304403299376
16781,11779,HARYANA,KAITHAL,Kaul,13.0,13.03,76.65625191787012,29.835728409911088
5791,4625,HARYANA,KARNAL,Bara gaon,8.5,8.59,77.07371373197267,29.7637085220911
12838,9375,HARYANA,KAITHAL,Sakra,14.0,13.72,76.70789833668962,29.802296520918564
12837,9375,HARYANA,KAITHAL,Sakra,8.0,8.14,76.70066859962395,29.805666729240283
19932,14856,HARYANA,KAITHAL,Ahun,4.5,4.57,76.66918412226828,29.771111166764857
20347,15141,HARYANA,KARNAL,Brass,17.0,16.9,76.76791299213744,29.74617755836031
3398,2722,HARYANA,KARNAL,Sandhir,8.0,7.81,76.95538151652727,29.838660176226984
10033,7597,HARYANA,KAITHAL,Bhunna,44.0,43.96,76.33956939121458,29.93328372927973
10032,7597,HARYANA,KAITHAL,Bhunna,17.5,17.25,76.34888089640182,29.93260578069151
10031,7597,HARYANA,KAITHAL,Bhunna,7.0,6.25,76.31643401149391,29.98394595269564
10030,7597,HARYANA,KAITHAL,Bhunna,9.0,6.18,76.31628069666142,29.981448766426983
10028,7597,HARYANA,KAITHAL,Bhunna,50.0,53.39,76.33078236999826,29.976117786843645
5753,4599,HARYANA,FATEHABAD,Lahli,90.0,78.14,75.5353495935577,29.70750258279231
14213,10249,HARYANA,KAITHAL,Kangthali,10.0,9.77,76.34087326542087,29.945224821124786
17681,13482,PUNJAB,FEROZEPUR,Hushenshah,8.0,9.2,74.50386179680598,30.873270911192886
17680,13482,PUNJAB,FEROZEPUR,Hushenshah,12.0,12.67,74.50215291069793,30.87776412462161
1012,875,PUNJAB,GURDASPUR,Mulla,2.0,1.42,75.17438661548528,31.82896921641208
24075,19748,HARYANA,YAMUNANAGAR,Harnouli,3.0,2.99,77.28250884889164,30.229214364999564
1939,1602,HARYANA,KARNAL,Chirao,13.0,9.75,76.92292070324604,29.671658156721858
473,428,HARYANA,KARNAL,Dadupur,7.0,5.17,76.90650637829977,29.668923190028913
19969,14879,HARYANA,KARNAL,Jalmana,54.5,53.81,76.72040387662689,29.6287236826353
23653,18901,HARYANA,KARNAL,Chakda,11.0,10.98,76.70594671169152,29.77006601828419
9919,7524,HARYANA,KAITHAL,Bhunna,6.5,6.37,76.31296597340958,29.98393671881176
9918,7524,HARYANA,KAITHAL,Bhunna,4.0,3.23,76.31776656775936,29.980787766303393
9917,7524,HARYANA,KAITHAL,Bhunna,13.0,12.74,76.31770270997973,29.982203136918944
11687,8595,HARYANA,SIRSA,Sant nagar,23.51,23.46,74.70739679041161,29.5119165233517
19858,14778,HARYANA,KARNAL,Nissing,62.0,62.49,76.82955646530597,29.760248366309924
8600,6656,HARYANA,FATEHABAD,Nagpur,6.0,5.87,75.39514713058918,29.67103909738284
17073,11537,HARYANA,KURUKSHETRA,Barna,16.0,17.32,76.71515173963687,29.90295273428329
24422,20240,HARYANA,KURUKSHETRA,Buhavi,14.0,14.22,76.99503818389059,30.151143116550504
7342,6069,HARYANA,SIRSA,Nakora,12.0,11.1,74.74960211965555,29.51142064748492
20652,15385,HARYANA,KURUKSHETRA,Barna,15.0,13.88,76.73738869174404,29.892899056485913
13285,9653,HARYANA,KAITHAL,Ahun,17.0,16.55,76.67467722728678,29.773034069092873
23436,18495,HARYANA,KURUKSHETRA,Adhon,16.5,16.96,76.81524561734369,30.01622211959168
23435,18495,HARYANA,KURUKSHETRA,Adhon,29.5,29.69,76.81542816281615,30.020591707710476
24181,11644,HARYANA,KURUKSHETRA,Pabnawa,44.0,43.11,76.82391823907041,29.722383314891005
16548,11644,HARYANA,KURUKSHETRA,Pabnawa,43.0,49.82,76.67099015853888,29.88640118189041
16550,11645,HARYANA,KURUKSHETRA,Bakali,6.5,6.65,77.061137676548,30.016573025307487
16559,11649,HARYANA,KURUKSHETRA,Bakali,2.8,2.83,77.06758099074868,30.029603562324592
5986,4802,HARYANA,KARNAL,Gonder,20.0,14.52,76.72507333293437,29.66283624571345
19335,14433,HARYANA,FATEHABAD,Lahli,32.0,29.44,75.52079119464186,29.702451602796263
20870,15520,HARYANA,KARNAL,Bijna,3.0,3.11,76.93051278261663,29.606010589125695
20869,15520,HARYANA,KARNAL,Bijna,6.0,6.29,76.93396181669632,29.60356087331057
17163,11963,HARYANA,KAITHAL,Kaul,5.0,5.16,76.67089397587606,29.837285340778603
19336,14434,HARYANA,FATEHABAD,RATIA,17.7,17.6,75.56458372718711,29.694906026046635
20667,15396,HARYANA,KAITHAL,Sach,3.5,3.49,76.67551954366974,29.739615812397652
20666,15396,HARYANA,KAITHAL,Sach,4.0,3.87,76.67430149340149,29.74015396047949
19337,14435,HARYANA,KURUKSHETRA,Kirmach,16.0,16.71,76.8043430493518,29.906315532241777
17316,12047,HARYANA,KAITHAL,Ahun,6.0,5.89,76.6853483375688,29.78396942398585
2368,1928,HARYANA,KARNAL,Ramba,10.0,7.98,76.98458428444037,29.798090494508333
12069,8850,HARYANA,KAITHAL,Ahun,4.5,4.42,76.68611114414718,29.78824257670424
6233,5031,PUNJAB,MUKTSAR,channu,8.0,7.94,74.59398363513847,30.096623594879887
5858,4680,HARYANA,KARNAL,Budhera,3.0,2.64,76.77729288037675,29.872659395677665
5857,4680,HARYANA,KARNAL,Budhera,5.0,3.93,76.76937194890967,29.86873758419678
9511,7255,HARYANA,FATEHABAD,Haroli,27.0,27.21,75.47293547471315,29.636251933376258
17066,11914,HARYANA,KAITHAL,Kaul,9.5,9.59,76.66276422531777,29.8289896045761
8455,6553,PUNJAB,MANSA,Reond khurd,5.697,5.41,75.57200333273369,29.751809948075326
22940,17343,HARYANA,KURUKSHETRA,Urnai,40.0,38.6,76.63279403381352,30.0109434285468
20665,15395,HARYANA,KAITHAL,Rasina,15.5,15.68,76.67305450837662,29.75165438031564
17081,11921,HARYANA,YAMUNANAGAR,Jamalpur,14.8,13.76,77.07889373844326,30.1459674550286
17218,11988,HARYANA,SIRSA,Kheowali,8.0,8.15,74.95605949206416,29.604011522972232
20155,15008,PUNJAB,BARNALA,sekha,69.0,76.02,75.61212758304825,30.370100007927785
19965,14875,HARYANA,KAITHAL,Dussian,22.5,22.5,76.65332834060068,29.786305757297068
17695,13488,HARYANA,KARNAL,Chogawan,4.0,3.99,77.20466976415737,29.92615710548784
17694,13488,HARYANA,KARNAL,Chogawan,1.8,1.66,77.1857175816986,29.94183863627175
17691,13488,HARYANA,KARNAL,Chogawan,1.3,1.25,77.18385348650786,29.942255304837285
17688,13488,HARYANA,KARNAL,Chogawan,1.1,1.14,77.20332686210507,29.923943478638925
7189,5785,HARYANA,KURUKSHETRA,Jyotisar /Josar,28.0,28.79,76.75157401348858,29.954165470742208
7188,5785,HARYANA,KURUKSHETRA,Jyotisar /Josar,29.0,22.35,76.76693259763039,29.948369268764328
7187,5785,HARYANA,KURUKSHETRA,Jyotisar /Josar,40.0,39.34,76.75432463904266,29.943157698627022
7186,5785,HARYANA,KURUKSHETRA,Jyotisar /Josar,10.0,10.53,76.76358092660328,29.943846479175516
19261,14391,HARYANA,KURUKSHETRA,Chhapra,2.7,2.52,77.06549335438852,30.0876757929998
22255,16693,HARYANA,FATEHABAD,Mohammad pur rohi,15.0,17.19,75.58514061100183,29.46261678602468
12575,9206,HARYANA,KAITHAL,Balwanti,50.0,49.56,76.4694646815065,29.9129398198651
26084,22779,PUNJAB,FEROZEPUR,Kunde,16.0,16.26,74.58135953481963,30.982744866229076
26083,22779,PUNJAB,FEROZEPUR,Kunde,13.0,12.94,74.56284199873485,30.98289748854125
1322,1118,HARYANA,KARNAL,Arianpura,18.0,16.53,77.03328372127523,29.542675347137113
1321,1118,HARYANA,KARNAL,Arianpura,12.0,10.0,77.0323158405586,29.547846960138195
17388,13337,PUNJAB,BATHINDA,Jodhpur romana,3.4,3.45,74.9152953669682,30.15425182111152
17387,13337,PUNJAB,BATHINDA,Jodhpur romana,2.2,2.07,74.91659427512661,30.155788027652378
17386,13337,PUNJAB,BATHINDA,Jodhpur romana,13.6,13.85,74.91795294012027,30.15959621452916
5666,4523,HARYANA,KARNAL,Jundla,22.0,27.4,76.88031939266128,29.646843054381343
5665,4523,HARYANA,KARNAL,Jundla,11.0,13.05,76.88421241069317,29.649070320883897
5664,4523,HARYANA,KARNAL,Jundla,18.0,17.17,76.87782954922633,29.650780159019934
23292,18161,HARYANA,KURUKSHETRA,Salarpur,21.0,20.38,76.83078610135176,29.916326775013214
5151,4099,HARYANA,FATEHABAD,Ratakhera,20.0,20.39,75.52130247025183,29.64554675212964
22528,16922,HARYANA,FATEHABAD,Musa khera,20.0,16.9,75.71805725963291,29.73846708927634
25166,21453,HARYANA,KARNAL,Bastli,3.5,3.5,76.72942960134313,29.73759106334923
17889,13602,HARYANA,KAITHAL,Ahun,25.0,23.31,76.68157303476285,29.796731156061636
5439,4351,PUNJAB,FARIDKOT,Kamiana,4.0,3.39,74.736223325412,30.648593245929195
20256,15067,HARYANA,KARNAL,Bhusli,25.0,24.47,76.94923079591001,29.60067884171193
20255,15067,HARYANA,KARNAL,Bhusli,11.0,10.77,76.95967262040256,29.603760403809655
20254,15067,HARYANA,KARNAL,Bhusli,12.0,12.7,76.95299339815506,29.60578305316551
20253,15067,HARYANA,KARNAL,Bhusli,2.5,2.48,76.952676621855,29.61778526020318
12705,9298,HARYANA,KAITHAL,Ahun,7.5,7.34,76.66039107508368,29.799499776745915
12704,9298,HARYANA,KAITHAL,Ahun,7.0,7.42,76.68099050332344,29.782952526214412
18433,13907,HARYANA,KAITHAL,Ahun,3.0,2.96,76.6694536610937,29.781655663186953
20459,15229,HARYANA,KARNAL,Samalkha,6.0,5.46,76.9251889575904,29.61065962600567
19988,14891,PUNJAB,BARNALA,sanghera,9.0,9.78,75.5653184222645,30.408182788909578
17346,12066,HARYANA,KAITHAL,Kaul,4.0,4.1,76.63459995207766,29.836308935211743
16043,2022,HARYANA,KARNAL,Gullarpur,67.0,66.49,76.82802569104867,29.65875390765404
17541,13417,HARYANA,KAITHAL,Ahun,26.0,25.84,76.66632764336934,29.791458939898263
25145,12031,HARYANA,KARNAL,Alawla,37.5,37.54,76.73642788424544,29.66375534439177
17294,12031,HARYANA,KARNAL,Alawla,50.0,49.35,76.71847019947248,29.59509770914825
26232,22963,HARYANA,KURUKSHETRA,Balarpur,35.0,34.82,76.58824673943919,30.09536270799883
18779,14123,HARYANA,KARNAL,Gonder,45.5,43.44,76.77406771755419,29.708387104834713
23571,18697,HARYANA,KARNAL,Jani,15.0,14.84,76.90604791031383,29.611971003578944
20461,15230,HARYANA,KARNAL,Samalkha,21.0,20.74,76.95299448335902,29.600827797696834
385,354,HARYANA,KARNAL,Shambali,55.0,63.87,76.7881472089744,29.76882332084545
10470,7834,HARYANA,YAMUNANAGAR,Haibatpur,11.0,11.37,77.21314881469769,30.285389541131973
16188,11424,HARYANA,KAITHAL,Sagroli,12.0,11.17,76.63552640850273,29.820056848772403
4445,3514,HARYANA,KARNAL,Bir narayana,4.0,3.87,76.86455758156741,29.75003021013959
18905,14185,HARYANA,AMBALA,Jandheri,45.0,44.63,76.61031872119318,30.081059112432232
18904,14185,HARYANA,AMBALA,Jandheri,26.3,26.24,76.62297482149208,30.09275696859737
18903,14185,HARYANA,AMBALA,Jandheri,25.0,28.48,76.61332021612483,30.09643256055764
15520,11020,HARYANA,KAITHAL,Sirsal,36.0,34.57,76.69739684928926,29.692942010840554
25911,22476,PUNJAB,BATHINDA,Chak Bakhtu,3.0,2.95,75.12729090889694,30.19213624260587
25910,22476,PUNJAB,BATHINDA,Chak Bakhtu,11.0,10.69,75.14493305261357,30.20802362421611
17428,13359,PUNJAB,FEROZEPUR,Karmu wala,20.0,17.08,74.84008630449503,30.921003174448867
8603,6658,HARYANA,FATEHABAD,Khai,22.0,21.98,75.45902204308176,29.750858848612225
8602,6658,HARYANA,FATEHABAD,Khai,17.0,17.23,75.46445399319596,29.748258924825397
11360,8398,HARYANA,KAITHAL,Ahun,6.0,5.82,76.69388869312185,29.78866014298481
8624,6674,HARYANA,KARNAL,Gonder,18.0,17.8,76.76194986051416,29.62405108664156
16201,11435,HARYANA,FATEHABAD,Bharpur,11.0,10.3,75.5439543885573,29.66334726058831
26138,22825,HARYANA,KURUKSHETRA,Antehri,22.0,22.45,76.95365678514032,29.999833924676427
4898,3887,HARYANA,KARNAL,Sugga,3.0,3.13,76.85915624547712,29.757040541766095
21895,16361,HARYANA,KAITHAL,Pabnawa,8.0,7.85,76.65862545583087,29.90849245927204
14156,10209,HARYANA,KURUKSHETRA,Khanpur Roran,2.0,1.92,76.76098795846593,29.92396577508304
14155,10209,HARYANA,KURUKSHETRA,Khanpur Roran,17.0,17.07,76.76036122548376,29.92501892204252
20499,15258,HARYANA,KARNAL,Gonder,41.5,42.07,76.78197707762001,29.67822179941297
18455,13916,HARYANA,KURUKSHETRA,Bhansi majra,14.0,14.21,76.68643949289768,29.93119660442462
19388,14460,HARYANA,KURUKSHETRA,Sarsa,17.0,17.19,76.66585048968832,29.9084896564111
19387,14460,HARYANA,KURUKSHETRA,Sarsa,45.0,33.56,76.66692409829736,29.91304042575305
5597,4473,HARYANA,KARNAL,Jundla,20.0,17.13,76.84195959421481,29.632705927619313
5595,4473,HARYANA,KARNAL,Jundla,8.0,8.1,76.8383428991919,29.63251955844189
4496,3551,HARYANA,KARNAL,Gonder,5.5,5.03,76.75583741313217,29.6530571844884
10639,7950,PUNJAB,MUKTSAR,shahid chand,4.0,4.06,74.69766818732948,30.30037612521018
18458,13919,HARYANA,KURUKSHETRA,Thikri,20.0,20.47,76.61194685770647,30.020296795289216
16796,11786,HARYANA,KURUKSHETRA,Bakali,13.0,12.88,77.05284546081914,30.032549127729087
16793,11786,HARYANA,KURUKSHETRA,Bakali,11.1,10.31,77.06129136377342,30.027665898595497
20339,15134,HARYANA,KARNAL,Budanpur Abad,1.25,1.39,76.8996841637318,29.590853856424197
7861,4692,HARYANA,KURUKSHETRA,Barwa,45.0,35.4,76.78631898626197,29.93816877782594
24064,19740,HARYANA,FATEHABAD,Malwala,9.5,9.56,75.40688690435164,29.73434672174887
15159,10819,HARYANA,KAITHAL,Ahun,3.0,2.92,76.69392579017762,29.7799397366415
19306,14420,HARYANA,KARNAL,Gonder,40.0,34.71,76.7727076987837,29.72325334464487
20340,15135,HARYANA,KARNAL,Budanpur Abad,17.0,15.99,76.9102088209198,29.589071822143453
23452,18514,HARYANA,KARNAL,Gonder,48.0,47.72,76.72492141201153,29.64666787329382
12843,9378,HARYANA,KURUKSHETRA,Samshipur,10.0,9.93,76.79949106369142,29.938019814026543
12842,9378,HARYANA,KURUKSHETRA,Samshipur,15.0,9.61,76.80810789756636,29.92794994030475
12841,9378,HARYANA,KURUKSHETRA,Samshipur,10.0,10.11,76.805437566073,29.930790070766452
14806,10603,HARYANA,KARNAL,Dhanokheri,12.5,12.46,77.1303912558691,29.95274870088966
3413,2732,HARYANA,KARNAL,Gonder,2.0,1.9,76.7541128576977,29.626669743070988
18461,13922,HARYANA,FATEHABAD,Haroli,28.0,26.73,75.45132765815913,29.631866003356635
8571,6635,HARYANA,KURUKSHETRA,Badonda,11.0,9.45,77.05125475317013,29.950936988518073
4446,3515,HARYANA,KARNAL,Kachhwa,16.5,17.54,76.88615816132078,29.73344215495527
26013,22605,PUNJAB,BARNALA,Dhaner,17.5,17.52,75.51211175632088,30.55449786294719
17162,11912,HARYANA,KAITHAL,Kaul,14.0,13.98,76.66477525049932,29.82974866418852
17064,11912,HARYANA,KAITHAL,Kaul,14.0,14.1,76.64623584871968,29.83924050900108
7741,5458,HARYANA,KURUKSHETRA,guhan,3.0,3.06,76.99134707581237,30.056685597758637
6785,5458,HARYANA,KURUKSHETRA,guhan,3.0,3.09,76.98862574728085,30.05834995426772
6416,5164,HARYANA,KARNAL,Islamnagar,5.0,4.86,77.121056140871,29.87924667576829
17433,13363,HARYANA,KARNAL,Gonder,50.0,50.75,76.72327988913908,29.59643383118636
16214,11445,HARYANA,KARNAL,Gonder,45.0,44.63,76.75790729816471,29.6629648269913
16967,11857,HARYANA,YAMUNANAGAR,Nachroan,16.2,16.09,77.17168459546448,30.00370454612742
13426,9736,HARYANA,SIRSA,Panihari,30.0,31.21,75.13481035667526,29.62629373635844
15802,11173,HARYANA,KURUKSHETRA,Rampura,5.0,5.03,76.93294678702493,30.054048826968756
1167,995,HARYANA,KARNAL,Aunghd,14.0,13.77,76.81900947143697,29.664331184863
22334,16758,HARYANA,KARNAL,Majra,25.0,24.6,76.72818519650295,29.781686141734063
7178,5777,HARYANA,KURUKSHETRA,chihba,30.0,33.17,76.80102863209167,30.053767072624247
26257,23010,HARYANA,KARNAL,Birchpur,27.0,26.76,76.9130586698309,29.605228743051804
1221,1045,HARYANA,SIRSA,Moju Khera,5.5,4.46,74.7359562118186,29.455709393770107
1220,1045,HARYANA,SIRSA,Moju Khera,11.0,9.8,74.73356792362382,29.453209959943987
17420,13355,HARYANA,YAMUNANAGAR,Sukhdaspur,7.2,7.09,77.17134534807144,30.19817792989025
21958,16437,HARYANA,KARNAL,132037,2.0,1.85,76.95182247844805,29.60289387010851
21957,16437,HARYANA,KARNAL,132037,3.0,2.83,76.92492762068058,29.61131124733711
12061,8845,HARYANA,KAITHAL,Ahun,15.5,15.5,76.69025266724321,29.79740498308036
12060,8845,HARYANA,KAITHAL,Ahun,5.5,5.41,76.68769126938594,29.794766652250857
18935,14213,HARYANA,FATEHABAD,RATIA,35.0,34.8,75.57530362028989,29.668608900534306
23387,18284,HARYANA,KARNAL,Koyer,28.0,28.06,76.72384988949544,29.81424823884237
8499,6584,HARYANA,KURUKSHETRA,Themal boda,6.0,5.48,76.58810061115243,29.924809578075923
21526,16053,HARYANA,KARNAL,Samalkha,3.0,2.82,76.9433012947453,29.610129836464576
19964,14874,PUNJAB,MUKTSAR,Akalgarh,5.8,5.83,74.39425701889614,30.512476220729756
19963,14874,PUNJAB,MUKTSAR,Akalgarh,4.2,4.15,74.39256570605693,30.51209978076439
19962,14874,PUNJAB,MUKTSAR,Akalgarh,9.9,9.78,74.3920621956719,30.51003050200261
17542,13418,PUNJAB,BARNALA,wazidke kalan,67.0,67.45,75.58078596926406,30.447390291862146
16042,3316,HARYANA,KARNAL,Aunghd,37.0,36.6,76.82213391188627,29.658138197452516
7431,1228,HARYANA,KARNAL,Gondar,40.0,38.28,76.76851965667015,29.664772550191188
8103,6315,HARYANA,KURUKSHETRA,Teori,5.0,4.56,76.88563843634884,30.124701879822275
15175,10833,HARYANA,KARNAL,Aogandh,11.0,11.12,76.82253616563038,29.666672764280428
22169,16620,HARYANA,KARNAL,Majra,18.0,18.57,76.70336704147856,29.786215313772903
11824,8687,HARYANA,KARNAL,Gonder,30.0,28.67,76.75913572195684,29.644367253493975
4443,3513,HARYANA,KARNAL,Bir narayana,21.0,25.49,76.86738501795412,29.74830784504351
4442,3513,HARYANA,KARNAL,Bir narayana,17.0,14.34,76.86152250019846,29.748515764021473
13985,10095,PUNJAB,BATHINDA,Naruana,12.9,12.81,74.8681917012422,30.167004691708165
13984,10095,PUNJAB,BATHINDA,Naruana,11.2,11.32,74.87071678245695,30.16770582588575
7711,5747,HARYANA,KARNAL,Gonder,32.0,28.9,76.77020292115904,29.668958935164017
12146,8908,HARYANA,FATEHABAD,Jallopur,30.0,28.37,75.5025445612695,29.68868330346677
4767,3780,HARYANA,KARNAL,Sekhpura suhana,10.0,10.89,77.03638159606453,29.64682393266005
23515,18634,HARYANA,KARNAL,Barash,42.0,41.63,76.7575937066983,29.71405770554708
7489,6163,HARYANA,SIRSA,Haripura,6.0,6.1,74.70683684483839,29.558257956485427
20216,15050,HARYANA,YAMUNANAGAR,Kail,13.0,12.91,77.23857702067123,30.186525801089
20158,15010,HARYANA,KURUKSHETRA,Berthala,20.0,20.19,76.97595957594001,30.125416059952503
8071,6300,HARYANA,KURUKSHETRA,Khanpur jattan,12.0,10.03,76.86914243638358,30.11344288010912
8069,6300,HARYANA,KURUKSHETRA,Khanpur jattan,6.0,6.07,76.86736918661536,30.12778664658151
8068,6300,HARYANA,KURUKSHETRA,Khanpur jattan,9.0,6.45,76.85832290452298,30.123012185552444
8067,6300,HARYANA,KURUKSHETRA,Khanpur jattan,7.0,6.91,76.85940352587382,30.127663648137293
26705,23490,HARYANA,KARNAL,Jani,10.0,10.54,76.89828182837621,29.602955277104744
26704,23490,HARYANA,KARNAL,Jani,25.0,24.89,76.90084469437575,29.604128463793284
9658,7355,HARYANA,KURUKSHETRA,Ishak,40.0,39.55,76.47201624354084,30.023004972671153
12145,8907,HARYANA,FATEHABAD,Dhani dadupur,12.0,11.59,75.48826279000947,29.66931134993845
6923,5566,PUNJAB,MUKTSAR,Buttar sarien,10.0,9.43,74.66280893648424,30.351899342742435
17534,13410,PUNJAB,FEROZEPUR,Bhane wala,6.0,6.84,74.5696756753543,31.02893421796915
9009,6922,HARYANA,KURUKSHETRA,Mahuwa kheri,10.0,7.2,77.03136579620462,30.098769993348853
9007,6922,HARYANA,KURUKSHETRA,Mahuwa kheri,4.0,2.58,77.04239178984433,30.093420156146394
9006,6922,HARYANA,KURUKSHETRA,Mahuwa kheri,3.0,2.56,77.04225357097626,30.094443557016792
9005,6922,HARYANA,KURUKSHETRA,Mahuwa kheri,18.0,16.95,77.03448905196558,30.087282560947152
19420,14481,HARYANA,KAITHAL,Ahun,31.0,30.43,76.67425740537657,29.796467895146915
15111,10795,PUNJAB,MUKTSAR,Sukhna ablo,4.138,3.96,74.63762818457035,30.356046977171182
14739,10565,HARYANA,AMBALA,Nanku ka negla,9.5,9.31,76.95772613129037,30.40219811797016
6711,5407,HARYANA,KARNAL,Tusang,1.0,1.0,77.12373620927319,29.889897649246244
4672,3700,HARYANA,KARNAL,Guniyana,6.0,7.34,76.70432360543437,29.720180444965592
9402,7189,HARYANA,KAITHAL,Kharkra,6.0,7.12,76.29573863692288,29.970462219698753
9401,7189,HARYANA,KAITHAL,Kharkra,21.0,23.53,76.27832090437403,29.968399594765906
19427,14486,HARYANA,KARNAL,Nissing,47.0,41.3,76.78552257822591,29.69775355869733
14611,10491,HARYANA,KARNAL,Gonder,35.0,33.65,76.78014763765346,29.694931115325947
15235,10863,HARYANA,KARNAL,Chogawan,2.4,2.41,77.19132518736804,29.939167790242937
26775,7545,HARYANA,KARNAL,Gonder,30.0,27.15,76.73960600298133,29.65049505053512
9948,7545,HARYANA,KARNAL,Gonder,40.0,33.51,76.74687433810543,29.678453077677844
14743,10568,HARYANA,AMBALA,Negla nanku,9.0,8.87,76.9426256062798,30.392470806151437
14742,10568,HARYANA,AMBALA,Negla nanku,4.0,4.15,76.94425157787465,30.39224718923798
22248,16680,HARYANA,KARNAL,Khadi Maan singh,10.0,10.07,77.0020269437157,29.8353818596701
5593,4471,HARYANA,KARNAL,Bansa,9.0,11.34,76.83941319632679,29.618565255007898
22976,17404,HARYANA,KARNAL,Barota,3.5,3.13,76.94480752322474,29.629144757774633
22974,17404,HARYANA,KARNAL,Barota,17.0,17.05,76.94159484970274,29.62504367683747
14883,10669,HARYANA,YAMUNANAGAR,Hartan marji,2.5,2.42,77.10892297719634,30.10319117146974
14882,10669,HARYANA,YAMUNANAGAR,Hartan marji,3.5,3.4,77.10752742856356,30.11140576933245
14881,10669,HARYANA,YAMUNANAGAR,Hartan marji,13.0,12.5,77.11026735701363,30.109737813639654
7020,5650,PUNJAB,MUKTSAR,channu,12.0,12.0,74.59235370693969,30.087280356592483
4475,3538,HARYANA,KARNAL,Sugga,4.0,4.98,76.8598155747853,29.764564935295375
21923,16379,HARYANA,KURUKSHETRA,Harigarh,61.0,55.25,76.60351763639504,30.05210535114094
14750,10574,PUNJAB,FEROZEPUR,Saiea wala,6.5,6.35,74.67901253016306,30.83971602562636
14901,10672,HARYANA,YAMUNANAGAR,Hartan,5.3,4.81,77.09984150752814,30.106660031615885
14890,10672,HARYANA,YAMUNANAGAR,Hartan,16.3,16.14,77.09573881651832,30.11956952592578
11509,8485,HARYANA,KARNAL,Gonder,5.0,4.27,76.77269726903678,29.640907278680785
14894,10673,HARYANA,YAMUNANAGAR,Hartan,13.5,13.08,77.08275924405184,30.114984009213664
14893,10673,HARYANA,YAMUNANAGAR,Hartan,2.0,1.93,77.1082705733206,30.128615609854783
14892,10673,HARYANA,YAMUNANAGAR,Hartan,1.5,1.47,77.10582947953586,30.1258513146421
15262,10872,HARYANA,YAMUNANAGAR,Chamrori,11.7,11.79,77.13102271227073,30.054180922883496
15261,10872,HARYANA,YAMUNANAGAR,Chamrori,4.0,3.5,77.13410041155541,30.05634443997336
8832,6817,HARYANA,KURUKSHETRA,Sarsa,23.0,22.54,76.6719559382034,29.959427744199488
8831,6817,HARYANA,KURUKSHETRA,Sarsa,40.0,33.47,76.65755445818193,29.9374410329124
16082,11350,PUNJAB,MUKTSAR,Abul khurana,10.0,9.87,74.52384992786055,30.125755846394448
15517,11017,HARYANA,AMBALA,Kambasi,22.0,21.89,77.00955453825873,30.179323236742427
15514,11014,HARYANA,AMBALA,Adhoi,10.4,10.11,77.018749983998,30.194258385586828
15551,11036,PUNJAB,FEROZEPUR,Bna wali,8.0,9.77,74.78901061707255,31.116286227597605
15550,11036,PUNJAB,FEROZEPUR,Bna wali,4.3,4.0,74.79508054559504,31.100343275811618
12050,8839,HARYANA,KURUKSHETRA,Barwa,12.0,12.11,76.75531297121277,29.907953488090556
10182,7704,HARYANA,KURUKSHETRA,Dhanani,5.5,5.69,77.00280818029091,30.11894454926764
10181,7704,HARYANA,KURUKSHETRA,Dhanani,15.0,17.43,77.01186809250976,30.12317397472657
799,703,HARYANA,KARNAL,Manjura,4.0,3.67,76.83643298586676,29.69474960287206
798,703,HARYANA,KARNAL,Manjura,26.0,26.07,76.83937119461173,29.695180528091313
5383,4306,PUNJAB,FARIDKOT,Kamiana,4.0,3.54,74.74037554685404,30.648693915390805
23819,19196,HARYANA,FATEHABAD,Akanwali,17.0,15.81,75.77885928810281,29.68931699803571
24079,19767,HARYANA,KARNAL,Gagsina,45.0,43.07,76.88402246637415,29.56557391768198
17643,13462,HARYANA,KURUKSHETRA,Amin,39.0,31.86,76.85373249840163,29.910614832890097
775,685,HARYANA,SIRSA,Ganga,5.0,5.54,74.63385049585062,29.76374233643299
6851,5508,HARYANA,KURUKSHETRA,kharindwa,9.0,9.29,76.90612612588895,30.113746659357968
8725,6738,HARYANA,KURUKSHETRA,Yara,10.0,10.2,76.95501225557335,30.15533993156241
6643,5353,HARYANA,KARNAL,Islamnagar,5.0,3.61,77.10734309083325,29.87558895650367
6714,5409,HARYANA,KARNAL,Tusang,1.5,1.11,77.11972076142027,29.885061460584385
11829,8689,HARYANA,SIRSA,Sant nagar,33.785,31.67,74.74884387662696,29.570027363913443
3313,2657,HARYANA,KURUKSHETRA,Jyotisar,20.0,25.08,76.76432399551484,29.95433997714849
10811,8065,HARYANA,FATEHABAD,Fatehabad local,45.0,44.7,75.48583097031543,29.519670909348772
12673,9272,HARYANA,KAITHAL,Ahun,4.5,4.39,76.67148080616595,29.774116094199908
12672,9272,HARYANA,KAITHAL,Ahun,17.5,17.11,76.67495276892464,29.77505138746515
4665,3693,HARYANA,FATEHABAD,Dadupur,10.0,9.55,75.47758600977647,29.687537848790615
5256,4176,HARYANA,KARNAL,Brash,15.0,13.75,76.76531075147061,29.74507923280232
17426,13357,PUNJAB,FEROZEPUR,Habib ke,5.6,5.52,74.58505544200553,30.98739986038637
17425,13357,PUNJAB,FEROZEPUR,Habib ke,9.3,8.96,74.58584493145909,30.98355490437423
17424,13357,PUNJAB,FEROZEPUR,Habib ke,18.7,15.94,74.59182287036958,30.985626887956776
12675,9273,HARYANA,KAITHAL,Ahun,4.5,4.5,76.67435387824486,29.793153401849956
12674,9273,HARYANA,KAITHAL,Ahun,14.5,14.22,76.67189560297393,29.793533028470247
371,342,HARYANA,KARNAL,Shambali,4.5,3.7,76.80301448133343,29.771483635023873
4726,3742,HARYANA,KURUKSHETRA,Jyotisar,15.0,13.26,76.75831680045769,29.975383108646113
4725,3742,HARYANA,KURUKSHETRA,Jyotisar,22.0,26.52,76.76108838700358,29.9755357213282
7007,5638,PUNJAB,FARIDKOT,Kamiana,24.0,25.31,74.73443801726332,30.644953166865456
3496,2798,HARYANA,KARNAL,Gonder,8.0,7.92,76.75295128020073,29.636258437210916
4931,3918,HARYANA,FATEHABAD,Haroli,10.0,9.31,75.44702231570581,29.66940342017895
5561,4446,HARYANA,FATEHABAD,Malad,29.0,29.41,75.45234739371139,29.572987354743255
3731,2981,HARYANA,KARNAL,Darulaman tatarpur,22.0,20.2,77.06673501969331,29.57596006627224
6067,4878,PUNJAB,MUKTSAR,Chhattiana,15.0,12.21,74.65526353420825,30.321158275711085
17079,11919,HARYANA,KARNAL,Aogandh,50.5,51.12,76.71390213185259,29.709674811327385
12881,9405,HARYANA,KURUKSHETRA,Sujri,9.4,9.16,76.93955625603131,30.085616071811792
12868,9394,HARYANA,KURUKSHETRA,Sujri,27.3,27.32,76.9426594008494,30.08827352062276
23590,18732,HARYANA,KARNAL,Bastali,40.0,39.18,76.84458776214825,29.831998553432346
8162,6349,HARYANA,KURUKSHETRA,Sarsa,55.0,61.14,76.67498111470056,29.922145396513283
12869,9395,HARYANA,KURUKSHETRA,Sujri,15.0,14.39,76.93657061272495,30.085360695965814
2075,1700,HARYANA,KARNAL,Motia jagir,10.0,9.51,76.81726890528488,29.75259125926312
2074,1700,HARYANA,KARNAL,Motia jagir,20.0,16.72,76.82470760151723,29.750460766774346
7487,6161,HARYANA,KURUKSHETRA,Bhagwanpur,8.0,9.13,76.94490012014396,30.0651006208341
13251,9629,HARYANA,KURUKSHETRA,Barna,10.0,10.36,76.75211378361173,29.918385757759825
19218,3452,HARYANA,KARNAL,Gonder,10.0,11.63,76.75857377965545,29.699658401181733
7112,5722,HARYANA,KURUKSHETRA,Narkatari,15.0,14.53,76.79817306009588,29.972570013872335
6058,4872,PUNJAB,BARNALA,sanghera,19.0,17.9,75.60739026403418,30.392518161061744
12191,8941,HARYANA,KARNAL,Khora khari,20.0,21.38,76.91438589890204,29.523172873482057
3412,2731,HARYANA,KARNAL,Gonder,2.0,2.02,76.75342271380863,29.62668210769743
17682,13483,HARYANA,KARNAL,Goudha,11.0,11.16,76.69359804728923,29.757308200238047
9119,6992,HARYANA,KURUKSHETRA,Charuni jattan,5.0,5.14,76.84961880486134,30.106911269055058
6938,5580,HARYANA,SIRSA,Odhan,35.0,32.52,76.2277139009905,29.962332943448047
19840,14768,HARYANA,KURUKSHETRA,Lukhi,21.0,20.01,76.74787236588311,30.03393915024728
9834,7471,HARYANA,KURUKSHETRA,Kalwa,7.0,7.37,76.97827074322373,30.111646904815988
22523,16918,HARYANA,KARNAL,Birchpur,7.5,6.18,76.90854008451517,29.614277545496545
8199,6372,HARYANA,KURUKSHETRA,Babain,4.0,2.74,76.98588638543767,30.0773589720796
5714,4560,HARYANA,KURUKSHETRA,berthala,7.0,6.11,76.98363351852097,30.12884228078386
9410,4638,HARYANA,KURUKSHETRA,berthala,5.0,4.4,76.98024586043638,30.134493572459473
19477,14516,HARYANA,KAITHAL,Buchi,5.0,4.9,76.65455245807453,29.754727444908408
19476,14516,HARYANA,KAITHAL,Buchi,4.0,3.76,76.65445438907295,29.755732721178585
25865,22444,PUNJAB,BARNALA,Chiniwal khurd,10.5,9.79,75.45499240037665,30.594711040340258
8213,6382,HARYANA,KARNAL,Gonder,60.0,50.07,76.73467442904035,29.64282665741076
7540,6194,HARYANA,KURUKSHETRA,Isherheri,5.0,4.78,76.96729184724983,30.12491209855813
6847,5504,HARYANA,KURUKSHETRA,machrolli,25.0,24.75,76.91265036790773,30.099489891476093
11423,8430,HARYANA,KURUKSHETRA,Khanpur Roran,31.0,31.17,76.7590456701182,29.941198080391583
11422,8430,HARYANA,KURUKSHETRA,Khanpur Roran,50.0,51.19,76.75443461675704,29.939413380330254
13134,9561,HARYANA,KURUKSHETRA,Dayalpur,40.0,40.18,76.82533590187928,29.94522853385987
5891,4707,HARYANA,KURUKSHETRA,Barna,1.0,0.79,76.72871114923011,29.91290055355159
5888,4707,HARYANA,KURUKSHETRA,Barna,5.0,4.39,76.73356443866672,29.921553695904652
5887,4707,HARYANA,KURUKSHETRA,Barna,3.0,3.39,76.71790200395341,29.92075533003704
8113,6318,HARYANA,KURUKSHETRA,Teori,6.0,5.24,76.88892156159721,30.120797613287923
8109,6318,HARYANA,KURUKSHETRA,Teori,20.0,21.63,76.89476485454642,30.117971968894867
15803,11174,HARYANA,KURUKSHETRA,Rampura,7.0,7.19,76.93417232025683,30.054918448822008
993,863,HARYANA,KARNAL,Naru kheri,5.0,5.04,76.90674673795003,29.65876461606301
14609,10489,HARYANA,FATEHABAD,Sukhman pur,5.0,5.4,75.60364059158411,29.632170406961816
1013,876,PUNJAB,TARN_TARAN,Timmowal,15.0,17.4,75.1022516550653,31.533708486837902
4559,3604,HARYANA,KARNAL,Kachhwa,21.0,22.25,76.89710922976562,29.722269068838
9871,7496,HARYANA,KURUKSHETRA,Urnai,9.0,9.5,76.6388389698197,30.00368717302412
18018,13677,PUNJAB,BARNALA,uppli,60.0,59.95,75.61596511786622,30.33156170696171
6833,5492,HARYANA,KURUKSHETRA,Mirjapur,60.0,57.51,76.7880573755087,29.96937270959879
6832,5492,HARYANA,KURUKSHETRA,Mirjapur,45.0,45.87,76.8013015060759,29.94778917683816
22263,16706,HARYANA,KARNAL,Bijna,4.0,4.01,76.92236619095006,29.595124662190084
8400,6514,HARYANA,KURUKSHETRA,Sarsa,8.0,7.89,76.65111295181967,29.935996495970205
8522,6599,HARYANA,KURUKSHETRA,Bahut majra,5.0,3.49,77.078408120468,29.95872438408885
9258,7078,HARYANA,KURUKSHETRA,Berthala,5.4,5.32,76.97948191738806,30.126310785968705
9096,6979,HARYANA,KURUKSHETRA,Teora,25.0,30.73,76.87519548754148,30.122702194090312
5489,4388,HARYANA,KURUKSHETRA,Adhon,16.0,14.69,76.83292057715386,30.01998705435542
8530,6604,HARYANA,FATEHABAD,Ladhuwas,22.0,21.31,75.45549823763574,29.799917656296905
8529,6604,HARYANA,FATEHABAD,Ladhuwas,35.0,34.71,75.4825104622666,29.790164947594217
24057,19733,HARYANA,KARNAL,Jani,15.0,16.01,76.8836893376191,29.61105136774001
24056,19733,HARYANA,KARNAL,Jani,15.0,14.48,76.89631254796564,29.62392311687993
8656,5151,HARYANA,KURUKSHETRA,Badarpur,20.0,19.11,77.08283959469365,29.966745437623555
7664,5151,HARYANA,KURUKSHETRA,Badarpur,6.0,6.21,77.08474160442364,29.964851800687136
7075,5691,PUNJAB,MANSA,Chak alisher,13.225,13.35,75.60680012233952,29.76887378820691
7074,5691,PUNJAB,MANSA,Chak alisher,4.917,4.85,75.61273856210394,29.772274425300548
21520,16047,HARYANA,KURUKSHETRA,Barna,28.0,27.42,76.73390725337408,29.927295073627267
17673,13477,HARYANA,AMBALA,Abdullagrh,23.2,24.31,76.94881266157448,30.163536785931363
6210,5009,PUNJAB,FARIDKOT,Kamiana,7.0,7.59,74.72636399124083,30.639875039207197
12736,9317,PUNJAB,LUDHIANA,Mohie,3.0,3.22,75.68432886550893,30.812794244127694
13210,9599,PUNJAB,LUDHIANA,Pamali,2.1,2.11,75.75124594233847,30.829260513923483
13806,9988,PUNJAB,LUDHIANA,Alamgir,6.0,5.91,75.8491014499332,30.818444785483635
19487,14523,HARYANA,KURUKSHETRA,Khaspur,30.0,29.08,76.88078585309897,29.926185990286424
19857,14777,HARYANA,KARNAL,Sambhli,22.0,22.2,76.8076020845861,29.74423701868516
813,721,PUNJAB,AMRITSAR,Rdf,11.0,9.12,75.21823118370827,31.553453172166822
6448,5188,PUNJAB,MANSA,Khiwa dialuwala,8.3,9.85,75.55346612985505,30.142545244921347
14219,10255,HARYANA,FATEHABAD,Bigad,38.0,39.44,75.44714950537342,29.473352229651947
12475,9142,PUNJAB,LUDHIANA,Jangpur,8.0,7.71,75.67134410174705,30.82409429012587
12474,9142,PUNJAB,LUDHIANA,Jangpur,5.5,4.01,75.66824947670023,30.826362465328323
26382,23128,PUNJAB,MANSA,Fatta maloka,6.0,5.66,75.30010018336186,29.786949978533897
26381,23128,PUNJAB,MANSA,Fatta maloka,28.0,28.09,75.28405973029086,29.789235514435337
26380,23128,PUNJAB,MANSA,Fatta maloka,4.0,3.36,75.31180704443553,29.75860538455985
24395,20225,HARYANA,KARNAL,Indergarh,40.0,39.88,77.0674168561056,29.86206455831156
9585,7307,PUNJAB,MANSA,Kulrian,39.0,37.63,75.66760745229702,29.814917638484214
8491,6577,PUNJAB,MANSA,Reond kalan,9.098,8.79,75.57222099956813,29.779336214780606
8490,6577,PUNJAB,MANSA,Reond kalan,22.307,22.23,75.57930619018208,29.778371267486136
5819,4649,PUNJAB,LUDHIANA,Kalsan,10.0,7.72,75.55829181353523,30.58271210642006
16558,11648,HARYANA,KURUKSHETRA,Bakali,1.0,0.89,77.06660946213522,30.029469733922888
16556,11648,HARYANA,KURUKSHETRA,Bakali,6.8,6.92,77.05842128632709,30.018854644635695
16555,11648,HARYANA,KURUKSHETRA,Bakali,5.0,5.02,77.05797060290075,30.018998304530193
16554,11648,HARYANA,KURUKSHETRA,Bakali,2.4,2.42,77.05176835788116,30.02052975138068
6671,5377,HARYANA,KARNAL,Islamnagar,7.0,7.23,77.11355907859698,29.878632949048814
651,572,PUNJAB,TARN_TARAN,Butt,6.0,5.6,74.96820660708661,31.528967011783717
17684,13485,HARYANA,KARNAL,Padha,54.0,54.29,76.7786503923895,29.597598946408553
15393,10950,HARYANA,FATEHABAD,Dani manjra,9.0,9.37,75.53462758215987,29.504841071892688
24929,21103,PUNJAB,LUDHIANA,Gureh,10.0,8.59,75.57539198267004,30.82092280830008
24928,21103,PUNJAB,LUDHIANA,Gureh,10.0,10.85,75.5686681310915,30.839153831467485
7374,6091,PUNJAB,MANSA,Kulrian1,9.846,9.8,75.67375018178987,29.799265587872934
7072,5690,PUNJAB,MANSA,Chak alisher,9.091,9.33,75.62779269785504,29.779573639033003
8487,6574,PUNJAB,MANSA,Reond khurd,6.229,5.92,75.57568920548793,29.7428727737159
22625,17021,HARYANA,KARNAL,Birchpur,2.0,1.81,76.91174118000198,29.610592390555052
23816,19211,HARYANA,KARNAL,Ranjitnagar,43.5,39.23,76.7232311976885,29.66688306437878
15300,10897,PUNJAB,MUKTSAR,Ramgarh,4.0,4.57,74.39319020881904,30.503040897751845
21369,15929,PUNJAB,MUKTSAR,Ghumiara khera,5.1,5.17,74.55545564564916,30.189997134061443
21368,15929,PUNJAB,MUKTSAR,Ghumiara khera,21.4,21.41,74.54275380670794,30.17473739076913
16816,11799,PUNJAB,MUKTSAR,Tappa khera,1.3,1.51,74.52294774565132,30.107039796675743
16815,11799,PUNJAB,MUKTSAR,Tappa khera,3.3,3.32,74.52318469867097,30.10776948498311
16814,11799,PUNJAB,MUKTSAR,Tappa khera,16.3,16.17,74.5260283783596,30.10983050591098
17814,13552,HARYANA,KURUKSHETRA,Hathira,20.2,19.8,76.76117274265039,29.89463369315233
15543,11031,HARYANA,YAMUNANAGAR,Gillaur,1.7,1.71,77.07802558809011,30.093049475293423
15542,11031,HARYANA,YAMUNANAGAR,Gillaur,4.2,4.12,77.075338231424,30.0929306967905
15541,11031,HARYANA,YAMUNANAGAR,Gillaur,3.0,1.95,77.07410311808495,30.093379338167345
15533,11029,HARYANA,YAMUNANAGAR,Gillaur,6.0,5.65,77.09190022421427,30.095228635859932
15532,11029,HARYANA,YAMUNANAGAR,Gillaur,4.2,3.98,77.09256917350605,30.092858503418977
15531,11029,HARYANA,YAMUNANAGAR,Gillaur,11.2,10.69,77.09105381201498,30.09244063439023
15530,11029,HARYANA,YAMUNANAGAR,Gillaur,4.5,4.44,77.09783471851338,30.090226459343548
15529,11029,HARYANA,YAMUNANAGAR,Gillaur,14.7,13.88,77.09473155971286,30.091020521598736
10810,8064,HARYANA,FATEHABAD,Fatehabad Local,25.0,24.53,75.45791512102657,29.524211116570587
16834,11805,PUNJAB,MUKTSAR,Adhnian,14.0,13.28,74.5384630919569,30.06714574704893
16833,11805,PUNJAB,MUKTSAR,Adhnian,20.5,20.32,74.53088452679123,30.071611247473403
16832,11805,PUNJAB,MUKTSAR,Adhnian,3.0,2.8,74.53954788310098,30.07371128942498
16831,11805,PUNJAB,MUKTSAR,Adhnian,3.5,3.55,74.53221401917303,30.07103253428765
16257,11465,PUNJAB,MUKTSAR,Adhnian,37.0,33.99,74.52435235684938,30.08034974099517
16256,11465,PUNJAB,MUKTSAR,Adhnian,4.0,4.03,74.54407815316134,30.07123787259054
14419,10372,PUNJAB,FEROZEPUR,Doomni wala,27.6,26.94,74.65905217332846,30.938127910921356
16460,11584,PUNJAB,MUKTSAR,Tappa khera,10.5,10.77,74.53542582976455,30.09890779761427
16459,11584,PUNJAB,MUKTSAR,Tappa khera,10.5,9.3,74.54297716849531,30.100123915808904
16458,11584,PUNJAB,MUKTSAR,Tappa khera,6.5,6.08,74.53406163741582,30.09631737083918
16457,11584,PUNJAB,MUKTSAR,Tappa khera,6.5,6.62,74.53274631449739,30.100087967652268
16456,11584,PUNJAB,MUKTSAR,Tappa khera,21.0,20.6,74.52299636505049,30.111755171157487
23465,18520,HARYANA,KARNAL,Picholiya,25.0,25.84,76.85773961711533,29.591267372830952
6062,4876,PUNJAB,MUKTSAR,Chhattiana,18.0,15.19,74.64813647155131,30.31627897851956
14876,10665,HARYANA,KARNAL,Nathori,22.0,22.02,77.14005158459898,29.927370262069296
14875,10665,HARYANA,KARNAL,Nathori,5.7,5.49,77.13484623826275,29.939426408996535
444,404,PUNJAB,TARN_TARAN,Kotli saru khan,5.0,5.64,75.12689894918805,31.463434162436428
17685,13486,HARYANA,KARNAL,Gonder,63.0,63.84,76.76979700711829,29.60127073961121
17700,13494,PUNJAB,BARNALA,sanghera,60.0,60.89,75.57960254827526,30.40695486907366
19897,14833,PUNJAB,MUKTSAR,Abul Khurana,2.935,3.05,74.56253931704816,30.137692929373603
3493,2795,HARYANA,KARNAL,Gonder,6.0,5.94,76.75047892846537,29.635215163084652
6040,4854,PUNJAB,MUKTSAR,Chhattiana,5.0,5.75,74.66178794033426,30.32920815074554
14342,10330,HARYANA,FATEHABAD,Rupawali,8.0,7.62,75.50264478791067,29.684162247491983
14340,10330,HARYANA,FATEHABAD,Rupawali,2.0,2.06,75.50009569538835,29.687422568449055
14339,10330,HARYANA,FATEHABAD,Rupawali,17.0,16.23,75.50201676525336,29.686048102270984
18086,13715,HARYANA,FATEHABAD,Haroli. Chankothi,21.4,20.52,75.43954358231633,29.609533502186256
21799,16279,HARYANA,KARNAL,Shekhupura,59.0,59.61,76.76294181435331,29.600487773409384
6667,5374,HARYANA,KARNAL,Islamnagar,3.0,3.13,77.11385051827197,29.879557369387907
15016,10738,HARYANA,KARNAL,Gonder,76.0,74.53,76.7229444632221,29.635156609853706
18336,13857,PUNJAB,MUKTSAR,Adhnian,2.0,2.18,74.53866272933797,30.070110337459617
18335,13857,PUNJAB,MUKTSAR,Adhnian,8.0,7.55,74.55503068490162,30.07583098179222
18334,13857,PUNJAB,MUKTSAR,Adhnian,4.0,4.09,74.53155810302731,30.067609005486236
18333,13857,PUNJAB,MUKTSAR,Adhnian,15.5,15.98,74.53787167221647,30.068686877806822
18332,13857,PUNJAB,MUKTSAR,Adhnian,5.3,4.83,74.57162533474867,30.082416065692968
18331,13857,PUNJAB,MUKTSAR,Adhnian,9.0,8.5,74.54628190591454,30.069515777933105
17660,13470,HARYANA,KAITHAL,Ahun,3.5,3.5,76.69412454034754,29.787268280454192
552,495,HARYANA,KARNAL,Jalala viran,9.5,7.76,76.81164794535864,29.73291507959749
17744,13509,PUNJAB,MUKTSAR,Abul khurana,4.8,4.8,74.55136092934175,30.137459331481537
17743,13509,PUNJAB,MUKTSAR,Abul khurana,16.7,16.63,74.5739206985946,30.13778673071795
17742,13509,PUNJAB,MUKTSAR,Abul khurana,8.9,8.88,74.55849663213829,30.13633949653068
17741,13509,PUNJAB,MUKTSAR,Abul khurana,5.5,5.53,74.56238401619949,30.140661605678183
21852,16335,PUNJAB,MUKTSAR,Paniwala fatta,4.9,4.81,74.33156872468966,30.296301532028693
21851,16335,PUNJAB,MUKTSAR,Paniwala fatta,1.1,1.09,74.32778135679443,30.296374361645203
21850,16335,PUNJAB,MUKTSAR,Paniwala fatta,4.5,5.27,74.3282311876687,30.297974681261145
17242,12004,PUNJAB,MUKTSAR,Chibranwali,75.054,74.79,74.4189998990917,30.40653336269209
6467,5204,PUNJAB,MUKTSAR,channu,10.0,8.6,74.6038795700143,30.07380057332439
17616,13449,PUNJAB,MUKTSAR,Tappa khera,1.1,1.07,74.55640486243823,30.10011891700557
16779,11777,HARYANA,KARNAL,Gonder,62.0,62.35,76.69970443242005,29.595083004754493
20165,15013,PUNJAB,MUKTSAR,Lakhawale,12.5,12.88,74.33232997234992,30.44173971392456
17104,11931,PUNJAB,MUKTSAR,Tappa khera,13.5,13.5,74.54465730937247,30.09953443704832
17103,11931,PUNJAB,MUKTSAR,Tappa khera,10.0,10.1,74.55068635753972,30.099498263227975
2037,1671,HARYANA,KARNAL,Gondar,7.0,6.95,76.75244255067987,29.6480345085112
12192,8942,HARYANA,KARNAL,Sheikhpura khalsha,15.0,15.32,76.91209620898144,29.520780319440952
11387,8366,HARYANA,KARNAL,Chhaper,10.6,9.74,77.07333123710114,29.93387223806151
11384,8366,HARYANA,KARNAL,Chhaper,2.0,1.75,77.07079616442161,29.93584701451806
11312,8366,HARYANA,KARNAL,Chhaper,21.5,20.86,77.0651790412065,29.932055549253327
22585,16975,HARYANA,KARNAL,Sarwan majra,6.5,6.6,76.96366746892211,29.928872537307633
22584,16975,HARYANA,KARNAL,Sarwan majra,6.7,6.61,76.98455226503984,29.922096339106044
13346,9694,HARYANA,KARNAL,Amupur,30.0,29.58,76.74297659250588,29.76392840216861
19968,14878,HARYANA,KARNAL,Jalmana,50.0,46.05,76.71775420884698,29.63114721294913
3230,2587,HARYANA,KARNAL,Nissing,9.0,7.62,76.7645735091939,29.704909327757132
8328,1938,HARYANA,KARNAL,Alipura,13.0,12.09,76.78909717265871,29.655599222874415
8327,1938,HARYANA,KARNAL,Alipura,5.0,5.12,76.79017923359456,29.654926869407227
12246,8985,HARYANA,KARNAL,Sheikhpura khalsa,13.0,10.32,76.93912830034931,29.506467415067604
20713,15426,HARYANA,KARNAL,Nissing,45.0,42.88,76.8687717042935,29.70020998856962
9760,7422,HARYANA,KURUKSHETRA,Suraa,3.0,3.12,77.09986272909376,30.02976929942453
9759,7422,HARYANA,KURUKSHETRA,Suraa,7.6,7.87,77.10156517034338,30.028994343896905
15748,11149,HARYANA,KAITHAL,Ahmedpur,45.0,44.78,76.65734176864832,29.757123489417335
17868,13587,HARYANA,AMBALA,Ugala,10.0,9.92,76.97373212726178,30.157328305550493
17867,13587,HARYANA,AMBALA,Ugala,16.0,16.64,76.97623546553335,30.1766363091896
22896,17306,HARYANA,KAITHAL,Ahun,15.0,15.84,76.66502224329135,29.78869717753104
7026,5654,PUNJAB,MUKTSAR,Chhattiana,7.0,6.76,74.66472790725,30.33388934054461
1317,1116,HARYANA,KARNAL,Arianpura,6.0,4.93,77.0403624200429,29.544599806965117
23101,17825,HARYANA,KARNAL,Mubarkabad,7.0,6.88,76.9726205666615,29.593626884723253
6173,4975,PUNJAB,MUKTSAR,Chhattiana,5.0,4.79,74.67704164066508,30.3229769919791
14472,10409,HARYANA,YAMUNANAGAR,Hiranchhaper,11.0,13.43,77.10087281239737,30.098982077219635
22901,17308,HARYANA,KARNAL,Jarifabaad,45.0,45.29,76.89269464860841,29.704361672728023
1991,1636,HARYANA,KARNAL,Jalala Viran,13.0,11.78,76.8030695917846,29.75240185192274
15915,11246,HARYANA,FATEHABAD,Dadupur,30.0,29.73,75.47194323307662,29.683452363585623
10249,7417,PUNJAB,FEROZEPUR,Nihaga wale jhughe,4.6,4.87,74.61133445175919,30.991212002140703
14058,5274,PUNJAB,MUKTSAR,Buttar sarien,11.537,11.59,74.66742888415442,30.346276700352224
15919,11250,HARYANA,YAMUNANAGAR,Bakana,2.5,2.73,77.14914280900365,30.05282448581364
13062,9510,PUNJAB,BATHINDA,Malutiana,25.0,25.42,74.87000390530226,30.1764753884692
16034,11318,HARYANA,KAITHAL,Ramnagar bhunna,9.0,7.99,76.30629285603428,29.97152100416727
14577,10468,PUNJAB,BARNALA,barnala,17.0,14.67,75.51309469374723,30.36522233669349
21527,16054,HARYANA,KARNAL,Samalkha,4.5,4.53,76.94615634291236,29.61037753904558
5171,4113,HARYANA,SIRSA,Chamal,5.0,4.5,74.95122146872009,29.5797799376029
17778,13532,HARYANA,KURUKSHETRA,Jharuli khurd,16.0,15.33,76.78184600865295,30.153197272568555
21928,16386,HARYANA,KARNAL,Aogandh,54.0,54.4,76.79090514248021,29.66273995131109
14561,10458,PUNJAB,BARNALA,barnala,41.0,35.9,75.5092842731819,30.36537520969473
23466,18521,HARYANA,KARNAL,Budanpur,6.5,6.3,76.9142850766791,29.600533241902927
18581,14004,PUNJAB,FEROZEPUR,Akku wala,5.0,5.06,74.67010759326041,31.015458624624628
18578,14004,PUNJAB,FEROZEPUR,Akku wala,2.0,1.73,74.66742379700206,31.011185938705164
3814,3053,PUNJAB,GURDASPUR,Dheer,5.0,4.84,75.16167105764708,31.825988882218574
21348,15913,HARYANA,KARNAL,Bijna,3.8,3.56,76.93058161126594,29.60466557329771
21347,15913,HARYANA,KARNAL,Bijna,7.3,6.75,76.93440527663915,29.601362903056742
21346,15913,HARYANA,KARNAL,Bijna,10.0,9.97,76.93589174617112,29.601732439636503
22561,16954,HARYANA,KAITHAL,Kaul,9.0,9.28,76.66707598501758,29.823611963766712
22560,16954,HARYANA,KAITHAL,Kaul,11.0,11.38,76.66428860158173,29.824865923050424
11510,1908,HARYANA,KARNAL,Gondar,30.0,29.99,76.75043013234698,29.658187395748214
21350,15914,HARYANA,KARNAL,Bijna,1.0,0.98,76.9350847271931,29.599818807674037
9757,7420,HARYANA,KURUKSHETRA,Suraa,6.0,5.68,77.10063668665796,30.02547974562487
24759,20820,HARYANA,AMBALA,Holi,17.0,17.58,77.08991476939978,30.228020116642146
11963,8786,HARYANA,FATEHABAD,Dhani majra,40.0,38.26,75.52577177108711,29.53086770103057
24668,20679,HARYANA,YAMUNANAGAR,Malikpur,3.0,2.9,77.20797196472336,30.28008501890781
24667,20679,HARYANA,YAMUNANAGAR,Malikpur,2.0,2.13,77.2078145371702,30.284063826836103
24666,20679,HARYANA,YAMUNANAGAR,Malikpur,2.5,2.48,77.21202447149183,30.285910973451728
9630,7332,HARYANA,KARNAL,Janipur,13.0,14.03,77.06464205793336,29.92859598409835
23830,19254,HARYANA,KARNAL,Picholiya,19.0,18.24,76.87903580574812,29.609585816211258
23572,18698,HARYANA,KARNAL,Birchpur,32.0,29.92,76.92130776232747,29.616391401413967
11982,8791,HARYANA,FATEHABAD,Dhani dadupur,11.0,11.13,75.48001053197673,29.67834777616366
11980,8791,HARYANA,FATEHABAD,Dhani dadupur,13.0,12.73,75.48949144142163,29.67468309980082
11979,8791,HARYANA,FATEHABAD,Dhani dadupur,12.5,12.03,75.4781263513467,29.67708560141499
16014,11308,HARYANA,KURUKSHETRA,Jhiwrehri,29.5,30.53,76.55451119826614,29.98903645283377
19538,14563,HARYANA,FATEHABAD,Bigar,20.0,20.43,75.44182468364377,29.42570927532268
24112,19803,HARYANA,FATEHABAD,Bharpur,16.0,16.17,75.534146382283,29.65332977673984
18590,14010,HARYANA,KARNAL,Nigdhu,15.5,15.7,76.73152364056149,29.827994413831636
18589,14010,HARYANA,KARNAL,Nigdhu,17.5,17.29,76.7354367300868,29.8299747792882
12194,8944,HARYANA,KARNAL,Sheikhpura,5.0,4.3,76.93099331852468,29.51436918426417
24114,19805,HARYANA,KARNAL,Barota,12.0,11.95,76.93237622920198,29.621392713727463
23020,17722,HARYANA,KARNAL,Sahapur,57.0,56.18,76.89362174331428,29.695593132157423
6491,5222,PUNJAB,MANSA,Khiwa dialuwala,1.8,1.83,75.5631054583299,30.124401023927614
5764,4610,PUNJAB,PATIALA,baran,28.0,20.98,76.39181960541384,30.403737050730637
14756,10578,HARYANA,KARNAL,Gonder,58.0,57.83,76.70447167501798,29.738280319325543
23835,19259,HARYANA,FATEHABAD,Hanspur,18.0,17.27,75.33196641865744,29.65869553820823
23386,18271,HARYANA,FATEHABAD,Birdan,7.0,6.37,75.5349405731629,29.53608764906321
6317,5087,PUNJAB,LUDHIANA,Gobindgarh,15.0,11.28,75.60372805118746,30.59764373307354
9748,7415,HARYANA,KURUKSHETRA,Chhajupur,15.0,15.45,76.622141464393,30.01676931864336
6611,5323,HARYANA,SIRSA,Musli,20.0,18.13,74.76279078825208,29.469008423484137
15883,11227,PUNJAB,FEROZEPUR,Waghe wala,10.7,11.1,74.52891989647688,30.92117264224074
20872,15521,HARYANA,KARNAL,Bijna,13.5,13.37,76.94316215601995,29.598467974761594
20871,15521,HARYANA,KARNAL,Bijna,15.0,13.67,76.92924282755654,29.604266530078924
24119,19809,HARYANA,KARNAL,Gonder,58.5,58.59,76.72711610249148,29.610017282779246
19403,14473,HARYANA,KARNAL,Birchpur,5.0,3.6,76.91284997824549,29.611614107263083
13703,9916,HARYANA,KARNAL,Aogandh,40.0,40.04,76.81526486940945,29.667110777862828
11386,8408,HARYANA,KARNAL,Chhaper,6.3,7.48,77.07440371334985,29.929466735755952
14471,10408,HARYANA,YAMUNANAGAR,Hiranchhaper,4.7,4.36,77.0868886516164,30.10494287065126
16173,11412,HARYANA,AMBALA,Dambar,5.1,5.23,77.06750578500167,30.190696695711075
23014,17711,HARYANA,KARNAL,Peont,45.5,45.68,76.81442529845766,29.651874425912528
26307,23059,PUNJAB,BARNALA,Moom,10.3,10.35,75.48366519750064,30.56962913918597
22170,16621,HARYANA,KARNAL,Majra,4.0,3.86,76.70294369164372,29.78464225806788
17981,13654,HARYANA,KARNAL,Nissing,48.0,48.11,76.75009142242969,29.70615044809456
20335,15132,HARYANA,KARNAL,Budanpur abad,3.0,2.74,76.89497799615948,29.60083497012907
5809,4639,HARYANA,KURUKSHETRA,berthala,4.0,4.6,76.97921567397529,30.136693676112916
19552,14571,HARYANA,KARNAL,Birchpur,3.0,2.47,76.91925118221562,29.606994646899288
19551,14571,HARYANA,KARNAL,Birchpur,1.5,1.12,76.91082155285213,29.6098801441487
23194,18021,HARYANA,FATEHABAD,Pirthla,20.0,19.9,75.847196553337,29.608474734335008
6199,5000,PUNJAB,MUKTSAR,Chhattiana,5.0,4.15,74.65696817552585,30.33238512632063
19561,14576,HARYANA,FATEHABAD,Alikan,36.6,35.37,75.45979999176795,29.706217960487862
23829,19250,HARYANA,KARNAL,Ranjit Nagar,42.5,42.65,76.7137538912732,29.67080704634258
7303,6035,HARYANA,SIRSA,Chakerian,20.0,19.79,76.21088247629766,29.99718023789402
23016,17713,HARYANA,FATEHABAD,Madh,18.2,18.09,75.40350281645817,29.707908473276063
23030,17741,HARYANA,KAITHAL,Kaul,14.5,14.33,76.6337867587385,29.84425946191053
16227,11451,HARYANA,KARNAL,Khanpur,5.3,5.39,77.06019777653843,29.93621830775068
23197,18023,HARYANA,FATEHABAD,Kalotha,5.5,5.54,75.45123099772385,29.729662894361
23196,18023,HARYANA,FATEHABAD,Kalotha,15.0,15.12,75.45236082756863,29.727360376373795
14188,10230,HARYANA,FATEHABAD,Lahli,7.0,6.88,75.50982590734773,29.66743424720578
14187,10230,HARYANA,FATEHABAD,Lahli,9.5,9.35,75.51889692330356,29.680310274423444
23825,19231,HARYANA,KARNAL,Picholiya,18.0,19.51,76.87497004247746,29.598729570855085
19977,14883,HARYANA,FATEHABAD,Dhani babanpur,30.0,29.96,75.67920337348471,29.73945747706976
19976,14883,HARYANA,FATEHABAD,Dhani babanpur,20.1,20.23,75.67909691068144,29.743694800421068
19773,14730,HARYANA,YAMUNANAGAR,Khurdban,5.8,5.64,77.14318364621876,29.971602070406227
6383,5140,HARYANA,AMBALA,Dhanouri,6.0,5.92,76.80474764499606,30.259137150754334
9094,6978,PUNJAB,BARNALA,barnala,20.0,22.32,75.51865377367655,30.38765865417738
16540,6167,HARYANA,FATEHABAD,Khumber,8.0,8.13,75.43194228574372,29.64241420000551
23217,18036,HARYANA,KARNAL,Samalkha,5.0,5.1,76.92498662984814,29.613739211555476
4547,3596,HARYANA,KURUKSHETRA,Bagthala,14.0,11.2,76.75104062643048,30.00897003080609
6465,5202,PUNJAB,PATIALA,lalgarh,13.0,13.16,76.24029275492694,30.192380137294023
9607,7321,HARYANA,KURUKSHETRA,Luhar majra,75.0,72.66,76.77222230520152,29.95325843492329
24398,20227,HARYANA,SIRSA,Panjuana,4.5,4.34,74.99425258459813,29.633189528241115
24397,20227,HARYANA,SIRSA,Panjuana,1.5,1.51,74.9943635552938,29.63408336854243
16072,11340,HARYANA,YAMUNANAGAR,Harnaul,2.8,2.86,77.20188440604494,30.135290247151087
16071,11340,HARYANA,YAMUNANAGAR,Harnaul,6.7,6.83,77.2005903204004,30.12681204867569
7523,6183,HARYANA,KURUKSHETRA,bhagwanpur,8.0,8.12,76.95736555737194,30.056635005647113
7522,6183,HARYANA,KURUKSHETRA,bhagwanpur,4.0,3.69,76.95498958941795,30.059034869911898
22766,17162,HARYANA,KURUKSHETRA,Sainsa,65.0,62.68,76.633936362536,29.988775847444114
17303,9095,HARYANA,KAITHAL,Bhunna,6.2,6.21,76.32492975365162,29.971074180558052
21959,16438,HARYANA,KARNAL,Budanpur abad,2.0,1.81,76.9073821451617,29.58724785808328
23255,18088,HARYANA,KAITHAL,Pabnawa,20.0,19.87,76.67430957646599,29.89064335812775
632,559,HARYANA,KARNAL,Mainmati,20.0,15.36,77.04554817827416,29.74588130666547
631,559,HARYANA,KARNAL,Mainmati,6.0,5.37,77.05190762680203,29.73674699291905
16202,11436,HARYANA,FATEHABAD,Bharpur,15.0,14.0,75.54215786481309,29.66471796188663
11981,8401,HARYANA,FATEHABAD,Haroli nimri,25.0,24.74,75.49043555243368,29.654071536878828
11542,8401,HARYANA,FATEHABAD,Haroli nimri,62.0,61.52,75.49187001799238,29.65748713232138
11371,8401,HARYANA,FATEHABAD,Haroli nimri,33.0,32.57,75.48660626189822,29.662727493072396
20687,15409,HARYANA,YAMUNANAGAR,Rattangarh,6.0,6.25,77.19731009639244,30.086434956748622
21529,16055,HARYANA,KARNAL,Bhushli,18.0,18.97,76.94798819309996,29.621179394849747
21528,16055,HARYANA,KARNAL,Bhushli,13.0,11.1,76.95104706954169,29.617473843400983
25808,22370,HARYANA,KAITHAL,Pabsar,9.0,9.06,76.39780511659451,29.964365597586784
12172,8928,HARYANA,AMBALA,Jaferpur,9.3,7.24,77.13683329023618,30.317471402159295
16200,11434,HARYANA,FATEHABAD,Dadupur,5.0,5.48,75.48038964029313,29.694937709949965
16198,11434,HARYANA,FATEHABAD,Dadupur,28.0,28.2,75.4782541610134,29.69146551094526
25905,22468,HARYANA,SIRSA,Mirpur,11.0,9.88,75.0216885266348,29.590664547845886
21359,15923,HARYANA,KAITHAL,Sakra,13.5,13.07,76.70798521116741,29.813694815959096
4648,3676,HARYANA,FATEHABAD,Hukmawali,40.0,48.01,75.46590593558847,29.69306771027164
24356,20163,HARYANA,KARNAL,Brass,60.0,60.15,76.75122256864542,29.72251606139703
21965,16442,HARYANA,KARNAL,Bushli,3.0,3.06,76.95701768759396,29.607276756685145
22093,16560,HARYANA,KARNAL,Bushli,3.5,3.48,76.96290239358244,29.61384767983161
22092,16560,HARYANA,KARNAL,Bushli,5.0,4.42,76.94228427771057,29.61032407170804
24120,19810,HARYANA,KARNAL,Ranjeet nagar,49.0,44.69,76.71588548697784,29.67478762012525
17550,13421,HARYANA,KARNAL,Gonder,43.0,42.93,76.78661821524396,29.631417946076656
11656,8573,HARYANA,KAITHAL,Bhunna,10.5,10.09,76.34164139032032,29.971278372216464
23259,18092,HARYANA,FATEHABAD,Chimmo,12.0,11.09,75.66010097076656,29.677514710635247
17888,13601,HARYANA,KARNAL,Nissing,40.0,39.95,76.75084156812532,29.711040400948967
21531,16056,HARYANA,FATEHABAD,Bigad,20.0,19.9,75.45916103687385,29.44855816612221
21137,15730,HARYANA,KARNAL,Samalkha,7.5,7.2,76.93088400196118,29.607752697589167
21135,15730,HARYANA,KARNAL,Samalkha,10.0,9.55,76.94259045020748,29.60476208996038
5391,4314,HARYANA,KARNAL,Gonder,5.0,5.06,76.74087177828784,29.64064779530931
5559,4444,HARYANA,FATEHABAD,Dhani thoba,50.0,51.46,75.44555526633306,29.557197608818427
26194,22925,PUNJAB,MANSA,Bajewala,37.0,37.5,75.27207857829252,29.89968909281155
26193,22925,PUNJAB,MANSA,Bajewala,4.0,3.77,75.29381925219369,29.88365777990696
26258,23011,HARYANA,KARNAL,Dadupur,24.0,24.32,76.90547591513244,29.664877536111753
5519,4412,HARYANA,KARNAL,Kalampura,8.0,9.69,76.91788217468884,29.70901005408792
18464,1697,HARYANA,KARNAL,Gondar,56.0,54.79,76.77557443250818,29.67266486740847
19506,14537,PUNJAB,FAZILKA,Chak sarrian,2.3,2.4,74.22880291001518,30.464517101631916
13219,9608,PUNJAB,LUDHIANA,Pamali,4.9,4.83,75.74307290159047,30.8272230748158
5742,4588,HARYANA,KARNAL,Gonder,15.0,11.19,76.82523786272756,29.685664258184424
4896,3886,HARYANA,KARNAL,Kachhwa,17.0,19.21,76.86575207065974,29.739010880834552
4895,3886,HARYANA,KARNAL,Kachhwa,6.0,6.98,76.86497758089683,29.73604256354401
23903,19268,HARYANA,KARNAL,Chakda,1.5,1.76,76.70634448528291,29.768960833857264
13842,4689,HARYANA,KARNAL,Guniyana,56.5,56.27,76.71831813585251,29.722391207173786
5868,4689,HARYANA,KARNAL,Guniyana,8.0,8.02,76.70173976172343,29.719180650132493
18856,14155,PUNJAB,FAZILKA,Janisar,1.23,1.15,74.36159676997282,30.488705500723405
18846,14155,PUNJAB,FAZILKA,Janisar,1.1,1.14,74.36065749367073,30.49198437263705
20062,14929,PUNJAB,MUKTSAR,Fathui khera,6.6,6.69,74.47472263017966,30.002658600488196
20061,14929,PUNJAB,MUKTSAR,Fathui khera,10.4,6.56,74.46884845602105,30.00681075157816
20060,14929,PUNJAB,MUKTSAR,Fathui khera,4.6,4.72,74.5126248476705,30.01594418898581
20058,14929,PUNJAB,MUKTSAR,Fathui khera,7.9,7.96,74.50871918103678,30.015665978339023
19789,14740,PUNJAB,MUKTSAR,Madrassa,1.6,1.74,74.36410122249936,30.454279562345977
1701,1409,HARYANA,KAITHAL,Khedilamba,4.0,4.06,76.23950069269573,29.685846514730063
21212,15778,HARYANA,AMBALA,Rao majra,21.5,21.08,76.96233363926555,30.209429664485967
17213,11984,PUNJAB,MUKTSAR,Abul khurana,16.2,16.51,74.53560506646168,30.166386110436115
17212,11984,PUNJAB,MUKTSAR,Abul khurana,2.0,1.98,74.54945041801199,30.117228776785257
17211,11984,PUNJAB,MUKTSAR,Abul khurana,2.3,2.34,74.57658525348272,30.114315959689716
4804,3808,HARYANA,SIRSA,Kalniyan,12.0,12.05,74.95969987407707,29.543319076691475
2115,1726,HARYANA,FATEHABAD,Haroli,24.0,27.4,75.46381386626636,29.670007808077457
21149,15736,HARYANA,KARNAL,Nissing,48.0,48.09,76.73712711115824,29.682897729156956
5492,4391,HARYANA,SIRSA,Chamal,10.0,10.12,74.95519494043359,29.56900176156012
1045,904,HARYANA,SIRSA,Mehna khera,2.0,1.65,74.81073113973149,29.406845473049614
1044,904,HARYANA,SIRSA,Mehna khera,25.0,23.25,74.81137774060655,29.410162969987645
16728,11748,PUNJAB,MUKTSAR,Ramgarh,4.0,3.66,74.39618008722486,30.477693877222983
15975,11277,PUNJAB,MUKTSAR,sukhna abluo,9.911,9.9,74.64907646714276,30.344791889236003
15974,11277,PUNJAB,MUKTSAR,sukhna abluo,4.089,4.03,74.65839214495385,30.34236956280464
15973,11277,PUNJAB,MUKTSAR,sukhna abluo,6.703,6.57,74.65765905962608,30.34013258406391
15972,11277,PUNJAB,MUKTSAR,sukhna abluo,5.337,5.29,74.6573798870958,30.34508516364694
1958,1613,HARYANA,PANIPAT,Khandra,12.0,11.28,76.85838281871072,29.42290308669381
1957,1613,HARYANA,PANIPAT,Khandra,15.0,12.15,76.86065074582508,29.422944485409943
1956,1613,HARYANA,PANIPAT,Khandra,7.0,7.04,76.8489699688524,29.425336517088606
16054,11330,PUNJAB,MUKTSAR,Abul khurana,24.0,23.06,74.53836531766964,30.124589273904764
24035,19602,HARYANA,KARNAL,Ranjit nagar,47.5,47.45,76.71791960850192,29.666650797597875
14888,10624,HARYANA,FATEHABAD,Lali,23.0,22.48,75.5095260658277,29.69678175049367
14887,10624,HARYANA,FATEHABAD,Lali,10.3,10.36,75.5039595371343,29.694046534830004
14885,10624,HARYANA,FATEHABAD,Lali,12.0,11.76,75.49657671765061,29.684262825961667
23266,18101,HARYANA,KARNAL,Jan,3.0,2.18,76.88892833488414,29.610157596771735
8372,6492,HARYANA,KURUKSHETRA,Bodala,41.0,47.74,76.93781613968827,30.006731544086723
2523,2048,HARYANA,SIRSA,Kutabudh,11.0,7.62,74.8293078297834,29.472364130740143
2522,2048,HARYANA,SIRSA,Kutabudh,162.0,168.68,74.83422560571024,29.46873493384471
1380,1166,HARYANA,FATEHABAD,Tamspura,1.5,0.94,75.48285627344305,29.649374536124206
1960,1614,HARYANA,SIRSA,Kirpal patti,17.0,17.92,74.75395303505779,29.483936502308815
1959,1614,HARYANA,SIRSA,Kirpal patti,3.0,2.97,74.7515101886319,29.48141689488974
1613,1346,HARYANA,FATEHABAD,Haroli,30.0,33.82,75.44000478578657,29.65646887316139
15297,10894,PUNJAB,MUKTSAR,Ramgarh,3.0,3.27,74.39905942031879,30.501172305313343
15295,10894,PUNJAB,MUKTSAR,Ramgarh,4.0,4.06,74.38590005801107,30.500730140948047
2757,2237,HARYANA,PANIPAT,Lohari,14.0,14.97,76.83451823876548,29.370476268666167
10654,7963,HARYANA,KURUKSHETRA,Samalki,5.0,4.67,76.8260192002328,30.23385296067132
8790,6783,HARYANA,KURUKSHETRA,Sunarian,21.0,21.08,76.99414113700459,30.11148206413719
8788,6783,HARYANA,KURUKSHETRA,Sunarian,8.0,7.92,76.993653557078,30.100342268070825
1832,1508,HARYANA,SIRSA,Shekhu Khera,6.4,6.42,74.75406122670165,29.477340918939426
3175,2545,HARYANA,SIRSA,Mirzapur,3.0,2.39,74.69124408070306,29.51248846768259
3174,2545,HARYANA,SIRSA,Mirzapur,1.0,1.13,74.69560648242644,29.51504175316804
2266,1846,HARYANA,SIRSA,Rattakhera,8.5,9.91,74.79020852960909,29.477641051921285
18161,13763,HARYANA,KURUKSHETRA,Mangoli jattana,20.2,19.9,77.04670538177164,30.132803719555778
1306,1110,HARYANA,SIRSA,Moju Khera,118.0,141.78,74.72850360904023,29.468985863269097
9754,7418,HARYANA,KURUKSHETRA,Suraa,4.4,3.88,77.10122145810874,30.023020103095305
17592,13440,PUNJAB,MUKTSAR,Abul khurana,22.0,21.82,74.53820280489472,30.11567875289754
17591,13440,PUNJAB,MUKTSAR,Abul khurana,21.9,21.88,74.54135719014124,30.113936272415565
2835,2293,HARYANA,SIRSA,Mameran khurd,2.4,2.82,74.7174303804641,29.45290515379924
3510,2806,HARYANA,SIRSA,Talwara khurd,4.0,3.74,74.62323051262184,29.485304566792063
3508,2806,HARYANA,SIRSA,Talwara khurd,10.0,9.16,74.6224059754434,29.483941183025483
1534,1293,HARYANA,SIRSA,Moju Khera,2.0,1.92,74.74075224761026,29.467572721289617
1533,1293,HARYANA,SIRSA,Moju Khera,7.0,8.87,74.73054874483728,29.487837764405413
1961,1615,HARYANA,SIRSA,Kirpal patti,4.4,4.04,74.75200366170209,29.487181254871015
1666,1386,HARYANA,SIRSA,Himayun Khera,14.0,16.35,74.76107760074372,29.444901376436015
1664,1386,HARYANA,SIRSA,Himayun Khera,6.5,7.52,74.76092520558905,29.46184689182761
1663,1386,HARYANA,SIRSA,Himayun Khera,13.0,10.88,74.75927728329239,29.46121123761643
24413,20234,HARYANA,SIRSA,Panjuana,21.0,20.55,74.99428903589217,29.62971249070366
7796,1644,HARYANA,KURUKSHETRA,Jyotisar,18.0,17.39,76.75245623029078,29.956616812240753
2141,1746,PUNJAB,BATHINDA,Harraipur,4.0,5.19,74.99457270646576,30.328368488592677
3054,2467,HARYANA,SIRSA,Thobaria,4.0,3.36,74.6553191990842,29.514524828088422
2204,1801,HARYANA,KAITHAL,Sair,9.0,10.79,76.28616733029739,29.940776561401435
2935,2375,HARYANA,JIND,Sriragkheda,4.0,3.82,76.36394456094645,29.38820609880192
1412,1196,HARYANA,KAITHAL,Harnola,18.0,17.44,76.3183844071517,29.92495241918046
1178,1005,HARYANA,PANIPAT,Nara,8.0,9.03,76.76703677434509,29.398146174156786
1970,1619,HARYANA,FATEHABAD,Haroli,7.0,5.47,75.48354743125748,29.65555377516696
1969,1619,HARYANA,FATEHABAD,Haroli,75.0,84.02,75.48626686482957,29.6563891553326
1608,1342,PUNJAB,BATHINDA,Nathana,10.0,8.32,75.05960985708379,30.32751317329384
1851,1524,HARYANA,KAITHAL,Kharak pandwa,6.0,5.05,76.28687434169667,29.691919948859773
2150,1753,PUNJAB,BATHINDA,Harraipura,5.0,4.35,74.98247941224534,30.326872327637464
2439,1979,HARYANA,KURUKSHETRA,Dabkheri,2.0,1.98,76.7742646095036,29.997997498375852
1819,1503,HARYANA,SIRSA,Shekhu Khera,3.4,3.77,74.75370474218013,29.47359697725219
1818,1503,HARYANA,SIRSA,Shekhu Khera,27.0,25.81,74.75656213703584,29.4720829933076
1998,1641,HARYANA,KURUKSHETRA,Jyotisar,20.0,18.81,76.77142145399729,29.949247679438436
1844,1518,HARYANA,SIRSA,Shekhu Khera,7.0,6.93,74.75377124657706,29.460680355247455
2392,1942,HARYANA,SIRSA,Ghukanwali,6.0,4.37,74.87657020057944,29.710035819709397
16539,1466,HARYANA,FATEHABAD,Haroli,15.0,15.31,75.47073680676809,29.674538919159964
1766,1466,HARYANA,FATEHABAD,Haroli,3.0,2.89,75.46072907952528,29.665159111723952
1874,1546,HARYANA,KARNAL,Gondar,21.0,21.18,76.74367163129833,29.62470809189948
2764,2243,HARYANA,PANIPAT,Kalkha,6.0,5.73,76.85080255696451,29.33613631750018
1815,1501,PUNJAB,GURDASPUR,Nainekot,16.0,15.55,75.43661574686612,31.87339047602876
1814,1501,PUNJAB,GURDASPUR,Nainekot,8.0,7.65,75.42914866788588,31.86415196099821
3526,2816,HARYANA,KAITHAL,Sajuma,12.0,10.59,76.2824494215945,29.746161129652418
3525,2816,HARYANA,KAITHAL,Sajuma,7.0,6.82,76.29212736219147,29.746008603159535
7754,5713,HARYANA,KURUKSHETRA,Chhorpur,22.0,25.97,76.8296883994608,30.241751858232657
14517,1663,PUNJAB,BATHINDA,Gobinpura,14.6,14.71,75.03843517264355,30.294866488432323
14516,1663,PUNJAB,BATHINDA,Gobinpura,16.6,18.45,75.03040810651645,30.315989948002233
1718,1421,HARYANA,KAITHAL,Kalayat,9.0,8.05,76.2329622499004,29.698971130626603
1705,1412,HARYANA,KAITHAL,Kakeheri,15.0,15.02,76.35930742276167,29.957403727111352
1704,1412,HARYANA,KAITHAL,Kakeheri,7.0,6.77,76.36114400634017,29.954614234127614
2811,2276,HARYANA,SIRSA,Mameran Kalan,8.0,5.76,74.7104492298532,29.46027253174513
1422,1205,HARYANA,SIRSA,Moju Khera,27.0,23.34,74.73924840559938,29.458094179372033
1736,1437,HARYANA,SIRSA,Ghukanwali,9.0,8.35,74.87902270996959,29.732033460205407
12707,9299,HARYANA,KAITHAL,Chakku Ladana,11.0,10.39,76.26384391375272,29.942243797467412
12706,9299,HARYANA,KAITHAL,Chakku Ladana,28.0,25.52,76.2643321209608,29.947324484758905
3237,2594,HARYANA,KAITHAL,Ramdaspura,2.0,1.96,76.3258652970826,29.945202364349953
1218,1043,HARYANA,SIRSA,Moju Khera,2.0,1.31,74.72993805174197,29.436791128585504
1256,1070,HARYANA,KAITHAL,Pahadpur,9.0,8.27,76.29373307930216,29.916315697595927
1859,1532,PUNJAB,BATHINDA,Nathana,10.0,10.12,75.11075717049559,30.3088412612905
3276,2627,HARYANA,FATEHABAD,Nagpur,2.0,1.94,75.42441477219154,29.674464948851973
2476,2010,HARYANA,KARNAL,Bansa,18.0,14.01,76.82908761115495,29.5956393445734
2475,2010,HARYANA,KARNAL,Bansa,12.0,11.9,76.85115272852472,29.612733931491864
3206,2570,HARYANA,SIRSA,Khai shergarh,20.0,19.13,74.92204435019936,29.71457319549406
2536,2058,HARYANA,KURUKSHETRA,Jyotisar,10.0,7.72,76.76535909024237,29.956572218835312
11418,8426,HARYANA,KURUKSHETRA,Jyotisar,8.5,7.52,76.74995700972065,29.944100196626053
11417,8426,HARYANA,KURUKSHETRA,Jyotisar,2.5,2.5,76.74899143835866,29.948189224365052
1809,1497,HARYANA,SIRSA,Shekhu Khera,2.0,1.86,74.75416628772217,29.45971861645504
1808,1497,HARYANA,SIRSA,Shekhu Khera,3.5,2.56,74.75434012886653,29.47096759727902
9753,1452,HARYANA,FATEHABAD,Haroli,23.0,23.24,75.4928211855265,29.666883407408232
1751,1452,HARYANA,FATEHABAD,Haroli,2.5,1.77,75.45420973967693,29.66024715155829
1254,1069,HARYANA,KAITHAL,Paharpur,8.0,6.59,76.29170626058479,29.91885957657626
23263,18100,HARYANA,KARNAL,Jani,13.0,13.66,76.89817698063877,29.611171170977435
7140,5745,PUNJAB,MUKTSAR,channu,7.3,7.27,74.58717486338396,30.084257002805742
12833,9372,HARYANA,KURUKSHETRA,Dayalpur,12.0,12.51,76.81355394225685,29.93114724274235
4651,3679,HARYANA,FATEHABAD,Hukmawali,10.0,8.68,75.4439093582868,29.679600764604636
4589,3626,HARYANA,SIRSA,Odhan,27.0,27.09,74.88572160938091,29.744945445357637
22524,16919,HARYANA,KARNAL,Staundi,4.0,3.92,76.90442087179528,29.585146190593036
12627,9240,HARYANA,KURUKSHETRA,Jyotisar,21.0,21.39,76.74645693576905,29.963222894626327
16897,11826,PUNJAB,MUKTSAR,Adhnian,15.0,14.56,74.53588247013296,30.072754450854948
23224,18056,HARYANA,KARNAL,Sagga,55.0,54.04,76.85258287028138,29.77028402707947
23291,18160,HARYANA,KURUKSHETRA,Kheri brahaman,15.0,16.71,76.83776769680387,29.932293697336316
15150,10813,HARYANA,AMBALA,Ugala,16.3,14.31,77.00969124656916,30.186960740726157
15149,10813,HARYANA,AMBALA,Ugala,33.7,33.92,76.99479260516019,30.184543250951144
15148,10813,HARYANA,AMBALA,Ugala,19.2,19.29,77.0181645241422,30.17949286822912
13208,9597,PUNJAB,LUDHIANA,Pamali,1.0,1.0,75.74858001652903,30.821054525916775
17623,9937,PUNJAB,MUKTSAR,Ram garh,7.0,6.61,74.22881201775958,30.63702309153626
12525,9171,PUNJAB,LUDHIANA,Jangpur,3.0,2.83,75.68503787339088,30.83433689238063
8135,6333,HARYANA,KURUKSHETRA,Teori,12.0,11.32,76.8846414979643,30.12697714942164
11798,8666,HARYANA,KURUKSHETRA,Jalkheri,26.5,25.53,76.92141765131554,30.069103263818334
11797,8666,HARYANA,KURUKSHETRA,Jalkheri,17.0,16.73,76.92421727876209,30.081663052190137
16086,11353,PUNJAB,MUKTSAR,Adhnian,2.0,1.55,74.53125117914296,30.065146556598613
20874,15522,HARYANA,KARNAL,Gogripur,13.0,11.96,76.95724713349001,29.65512157158777
20873,15522,HARYANA,KARNAL,Gogripur,7.5,7.45,76.95345899589626,29.65349675479487
8059,6296,HARYANA,KURUKSHETRA,Khanpur jattan,12.0,10.08,76.86108463233293,30.129663362557583
4859,3853,HARYANA,FATEHABAD,Ayalki,38.0,28.13,75.51041426762416,29.569576721221768
8025,6272,HARYANA,KURUKSHETRA,Sarsa,5.5,5.33,76.65076666489918,29.93420059295325
8024,6272,HARYANA,KURUKSHETRA,Sarsa,50.0,49.27,76.66755779868396,29.95055166024285
17982,3612,HARYANA,KURUKSHETRA,Raogarh,40.0,40.69,76.66113779792646,29.984231671513623
10634,7948,HARYANA,KURUKSHETRA,Sarsa,20.0,19.91,76.67761816996419,29.926702114722897
23628,18851,HARYANA,YAMUNANAGAR,Sudhail,4.0,4.12,77.23214102512524,30.168210627062148
4700,3723,HARYANA,JIND,Dilluwala,2.0,1.81,76.40793159304759,29.428917855711138
6754,5438,HARYANA,KURUKSHETRA,Guhan,8.0,7.64,76.98949032372091,30.057270306067707
7631,5507,HARYANA,KURUKSHETRA,kharindwa,10.0,8.92,76.91777295595543,30.118240001430745
6850,5507,HARYANA,KURUKSHETRA,kharindwa,2.0,2.28,76.91525106088223,30.120034311590057
21423,15984,HARYANA,KAITHAL,Sakra,13.5,13.24,76.71025531799198,29.81383262347566
5670,4526,HARYANA,SIRSA,Nejadela kalan,5.0,4.17,75.0785794029633,29.59406758220782
5717,4563,HARYANA,KURUKSHETRA,berthala,5.0,4.86,76.9919796255956,30.13286701279899
8381,6490,HARYANA,KURUKSHETRA,Mathana,10.0,9.64,76.94227109971732,30.008256834964858
8370,6490,HARYANA,KURUKSHETRA,Mathana,20.0,19.68,76.93553106297107,29.990898334690968
9633,7335,HARYANA,KURUKSHETRA,Badsami,6.0,6.26,77.10449481380337,30.00748639138785
19128,14320,PUNJAB,PATIALA,Bolar kalan,11.0,11.73,76.54353722928374,30.285124624080556
19127,14320,PUNJAB,PATIALA,Bolar kalan,10.0,9.88,76.54479549697217,30.286618545742694
19126,14320,PUNJAB,PATIALA,Bolar kalan,5.2,5.06,76.53159749098094,30.29223448893534
19125,14320,PUNJAB,PATIALA,Bolar kalan,33.3,32.17,76.50899737162652,30.307856201524423
20153,15006,PUNJAB,MUKTSAR,Abul Khurana,3.427,3.43,74.4991821578284,30.121520503281136
20152,15006,PUNJAB,MUKTSAR,Abul Khurana,6.044,5.97,74.52078246238067,30.12259524337921
20151,15006,PUNJAB,MUKTSAR,Abul Khurana,8.207,8.14,74.5262180098973,30.12522245938052
20150,15006,PUNJAB,MUKTSAR,Abul Khurana,8.176,8.25,74.51955851260703,30.11200883398197
25607,22099,HARYANA,KARNAL,Khukni,11.0,10.68,77.1801280499904,29.95912430818021
22949,17371,HARYANA,KARNAL,Katlahari,47.0,46.39,76.8115716179826,29.65163595707383
9039,6941,HARYANA,KURUKSHETRA,Sarsa,25.0,24.89,76.6612924884678,29.95261159458047
9038,6941,HARYANA,KURUKSHETRA,Sarsa,12.0,9.64,76.66670829814646,29.95454659858572
6699,5401,HARYANA,AMBALA,shahpur(129),8.0,7.39,77.12120296526227,30.347720783846967
15103,10790,PUNJAB,MUKTSAR,sukhna abluo,13.88,13.57,74.60889473055464,30.342462791091677
12313,9033,HARYANA,YAMUNANAGAR,Rattangarh,1.5,1.47,77.19724586893035,30.08205977598778
25875,22450,HARYANA,SIRSA,Mohammadpur Salarpur,10.0,9.95,74.9742107103203,29.49652406726181
25874,22450,HARYANA,SIRSA,Mohammadpur Salarpur,12.0,11.02,74.97410592111875,29.49824675018557
16722,11744,PUNJAB,MUKTSAR,Abul khurana,17.5,17.43,74.48732884244706,30.12880303810014
23574,18711,HARYANA,KARNAL,Kurlan,44.5,44.48,76.72851503893234,29.563101583484777
3150,2527,HARYANA,KURUKSHETRA,Samaspur,5.0,5.36,76.74226113731557,29.975933648012425
7180,5779,HARYANA,KURUKSHETRA,chihba,25.0,26.69,76.79881249220763,30.04558441974341
23608,18833,HARYANA,KARNAL,Samalkha,14.5,14.48,76.92583129225083,29.612144905943527
3176,2546,HARYANA,KURUKSHETRA,Jogna khera,8.0,5.76,76.79015191820237,29.990366034388916
26671,23481,PUNJAB,BARNALA,chiniwal khurd,2.2,2.23,75.45060881520632,30.57825713528951
13797,9983,HARYANA,KAITHAL,Ahun,19.0,16.9,76.67723149833543,29.779582560199486
18421,13897,PUNJAB,FAZILKA,Bazitpura,10.0,10.5,74.3963210055411,29.965348824653933
24754,20818,HARYANA,AMBALA,Holi,11.0,11.26,77.09236520050386,30.231315196788916
23736,19019,HARYANA,KARNAL,Bijna,6.5,6.28,76.94789767293577,29.599728175769677
23735,19019,HARYANA,KARNAL,Bijna,10.0,10.61,76.94592956631915,29.59659988060454
14476,10410,HARYANA,KARNAL,Dhanokheri,9.0,9.1,77.11624368616584,29.95028670727918
14475,10410,HARYANA,KARNAL,Dhanokheri,2.2,2.27,77.12685090987752,29.94366431400594
14474,10410,HARYANA,KARNAL,Dhanokheri,5.0,4.96,77.1178517910327,29.953564803948375
14473,10410,HARYANA,KARNAL,Dhanokheri,8.6,8.62,77.11617253582524,29.95589861582847
22955,17380,HARYANA,FATEHABAD,Sukhlampur,20.0,19.49,75.6095159951623,29.635660028005265
22954,17380,HARYANA,FATEHABAD,Sukhlampur,10.0,8.45,75.60392603113588,29.635299965621645
8404,6516,HARYANA,KURUKSHETRA,Sarsa,25.0,24.67,76.67674731110343,29.94178060893669
8403,6516,HARYANA,KURUKSHETRA,Sarsa,60.0,58.31,76.67525502130032,29.947288294780737
15381,10943,HARYANA,FATEHABAD,Haroli,12.5,12.27,75.43826551259377,29.64451811383539
14413,10369,HARYANA,KAITHAL,Ahun,8.0,7.86,76.68601120642873,29.78628302641129
7689,4624,HARYANA,KARNAL,Bara gaon,5.0,5.06,77.06226601712801,29.761514105875957
7688,4624,HARYANA,KARNAL,Bara gaon,7.0,7.49,77.04645213908572,29.77814717288748
7687,4624,HARYANA,KARNAL,Bara gaon,5.0,5.17,77.03851416169704,29.766041226380946
5790,4624,HARYANA,KARNAL,Bara gaon,7.0,5.92,77.05850852751799,29.761409516839645
11927,8756,HARYANA,KURUKSHETRA,Raogarh,24.0,23.35,76.78274382336639,29.949569279470268
11926,8756,HARYANA,KURUKSHETRA,Raogarh,41.0,45.48,76.78366903686762,29.954654317222957
17515,13400,PUNJAB,MUKTSAR,Sri Muktsar Sahib,30.469,30.3,74.5227129980553,30.438190793746728
2780,2258,HARYANA,KURUKSHETRA,Dayalpur,25.0,30.22,76.81076111860853,29.93298959923399
16531,11630,PUNJAB,MUKTSAR,Ramgarh,19.4,14.71,74.38668982750838,30.49008017316734
16529,11630,PUNJAB,MUKTSAR,Ramgarh,7.5,5.92,74.39051861786021,30.48849057889673
23149,17878,HARYANA,KURUKSHETRA,Ghampur Kheri,6.5,7.19,76.82126972473476,30.002219391096972
23148,17878,HARYANA,KURUKSHETRA,Ghampur Kheri,41.0,36.49,76.81495198857257,29.995870517250037
6261,5049,PUNJAB,MUKTSAR,channu,3.0,3.27,74.59444988642102,30.100584010291357
6260,5049,PUNJAB,MUKTSAR,channu,5.0,4.55,74.59424488728662,30.09725438459787
6259,5049,PUNJAB,MUKTSAR,channu,10.0,8.21,74.57949740239131,30.088423152460283
17934,13628,PUNJAB,MUKTSAR,Udekaran,24.61,18.76,74.53480031607863,30.488897445260285
22623,17019,HARYANA,KARNAL,Bazida jattan,5.0,4.84,76.95661494465578,29.62365153546736
21563,16089,HARYANA,KAITHAL,Sakra,5.0,4.9,76.7019469795695,29.806050153331633
18733,14092,HARYANA,KURUKSHETRA,Yara,15.0,15.58,76.93735582875817,30.13488479898594
14984,10721,HARYANA,KURUKSHETRA,Mukimpura,12.0,11.73,76.68229884120142,29.97299968579095
17168,11966,HARYANA,KARNAL,Nissing,58.5,58.3,76.70484816599641,29.708498364303175
15411,10960,HARYANA,KURUKSHETRA,Ban,22.1,21.73,77.09157489581756,29.993712381209797
20026,14907,PUNJAB,MUKTSAR,Abul Khurana,12.434,12.41,74.5676295672955,30.121306249557076
20025,14907,PUNJAB,MUKTSAR,Abul Khurana,91.229,91.13,74.56857298856352,30.12549107217745
17674,13478,PUNJAB,MUKTSAR,Madrassa,1.0,1.15,74.36414496402898,30.455010315145525
23156,17882,HARYANA,KURUKSHETRA,Galewda,24.0,26.73,76.55682119144876,29.981651748742554
18762,14112,HARYANA,KURUKSHETRA,Geeg,17.9,17.77,76.90587590336749,30.1264292294226
7955,6195,HARYANA,KURUKSHETRA,Isherheri,5.0,4.24,76.96331761105901,30.12559066957518
7539,6195,HARYANA,KURUKSHETRA,Isherheri,8.0,8.31,76.96405898376736,30.12559020385397
18130,13741,PUNJAB,MUKTSAR,Ram garh,1.0,0.89,74.39514293147197,30.49767243998351
18129,13741,PUNJAB,MUKTSAR,Ram garh,1.8,1.53,74.39509087842913,30.49695603321558
8303,6443,HARYANA,KURUKSHETRA,Kakrala gujran,40.0,42.46,76.43264164142337,30.04215598943981
18731,14090,PUNJAB,MUKTSAR,Tarkhan Wala,1.5,1.72,74.39101077344361,30.322154244428077
16266,11472,PUNJAB,MUKTSAR,Sukhna ablo,33.804,33.78,74.64472935372076,30.3455718914608
20510,15280,PUNJAB,MUKTSAR,Abul Khurana,8.321,8.25,74.52771380319248,30.139120778443644
20509,15280,PUNJAB,MUKTSAR,Abul Khurana,17.362,21.17,74.50788840276923,30.1410096756119
18242,13807,PUNJAB,MUKTSAR,Tappa khera,1.8,1.71,74.52283640389345,30.09015862905991
18241,13807,PUNJAB,MUKTSAR,Tappa khera,15.4,14.95,74.55508504548796,30.09612526776071
18240,13807,PUNJAB,MUKTSAR,Tappa khera,12.2,12.31,74.54333301397598,30.102597243382135
18239,13807,PUNJAB,MUKTSAR,Tappa khera,22.3,21.42,74.53751755147559,30.102566126340495
23157,17883,HARYANA,KURUKSHETRA,Morthali,41.0,39.89,76.57051834210509,30.000225819142017
24664,20677,HARYANA,YAMUNANAGAR,Malikpur,10.2,9.8,77.21042761397679,30.28803196325183
21091,15683,PUNJAB,MUKTSAR,Janisar,2.5,2.82,74.35915013370658,30.48136839555175
19765,14723,PUNJAB,MUKTSAR,Madrassa,4.0,4.05,74.36581961678046,30.455840343562315
7300,6033,HARYANA,SIRSA,Chakerian,18.0,16.84,76.21092287587216,29.99409990516943
9946,7543,HARYANA,KARNAL,Sakhpura,10.0,9.92,76.7480023282384,29.61649597757739
23917,19307,HARYANA,SIRSA,Rupana Bishnoism,6.0,5.55,75.2484149138752,29.367906845790664
23422,18316,HARYANA,FATEHABAD,Birdana,10.0,10.39,75.53456686158178,29.537321890941495
6015,4831,PUNJAB,MUKTSAR,Bhalaiana,7.0,6.24,74.69319995324787,30.347093813913883
18288,13834,PUNJAB,MUKTSAR,Bhuttiwala,13.873,13.84,74.61109484922308,30.46716855926084
18287,13834,PUNJAB,MUKTSAR,Bhuttiwala,16.133,16.04,74.61101624530174,30.46406957672328
18286,13834,PUNJAB,MUKTSAR,Bhuttiwala,12.78,12.62,74.61270575214334,30.46513281834345
4499,3554,HARYANA,KARNAL,Gonder,10.0,10.21,76.75920178002023,29.653035174676383
22803,4567,HARYANA,KURUKSHETRA,berthala,14.0,12.82,76.98209517682527,30.136053455866005
5721,4567,HARYANA,KURUKSHETRA,berthala,4.0,4.77,76.98574195443874,30.130991101243115
1641,1371,PUNJAB,AMRITSAR,Takkapur,7.0,7.8,75.29320804640054,31.653695605969254
23424,18317,HARYANA,FATEHABAD,Birdana,12.0,14.76,75.53325824136662,29.533880814559165
26014,22606,PUNJAB,BARNALA,Moom,3.7,3.78,75.48069506355456,30.578751666761356
19556,14572,HARYANA,KARNAL,Birchpur,2.5,2.36,76.91550494124373,29.605880351731376
19555,14572,HARYANA,KARNAL,Birchpur,1.5,1.58,76.91148757532947,29.606419301132995
19554,14572,HARYANA,KARNAL,Birchpur,10.0,7.42,76.90991637296433,29.60828612904923
21064,15658,PUNJAB,MUKTSAR,Ramgarh,0.85,0.84,74.37977326816245,30.49163066806476
21062,15658,PUNJAB,MUKTSAR,Ramgarh,4.5,4.51,74.39553020307025,30.48551130312542
24626,20626,PUNJAB,MANSA,Kourwala,5.0,4.43,75.38997758907325,29.83391094912705
24625,20626,PUNJAB,MANSA,Kourwala,10.0,9.84,75.36810417716748,29.844271787632096
24624,20626,PUNJAB,MANSA,Kourwala,11.0,9.78,75.38467012971336,29.83159320922944
7892,4687,HARYANA,KARNAL,Guniyana,20.0,20.0,76.7003655599335,29.720964765806443
21664,16173,HARYANA,KAITHAL,Sakra,11.0,10.89,76.68307325875907,29.80259836315246
16679,11715,HARYANA,KARNAL,Bhadson,6.0,5.97,76.95608977923735,29.92373366781229
16678,11715,HARYANA,KARNAL,Bhadson,12.5,12.36,76.95888007341898,29.929174118302843
312,293,PUNJAB,TARN_TARAN,Joebala,8.0,6.22,74.83181192136034,31.414659359467468
1607,1341,PUNJAB,BATHINDA,Nathana,10.0,9.88,75.05446458175645,30.328349301708823
15483,10995,PUNJAB,MUKTSAR,Ramgarh,5.0,5.16,74.40458596905223,30.48196832575493
59,59,PUNJAB,AMRITSAR,Panigrahi najjra,11.0,7.7,74.77195643526149,31.817168274376993
5603,4478,HARYANA,SIRSA,Maujgarh,8.0,9.08,74.7209240077803,29.842139745542777
3517,2811,PUNJAB,MANSA,Jalwhera,5.0,4.38,75.65725845350697,29.850861015339337
383,352,PUNJAB,AMRITSAR,Granthgarh,12.0,10.38,75.30107416785006,31.81140664212529
559,502,PUNJAB,AMRITSAR,Kot gurbaksh,8.0,7.19,74.91245133479313,31.991616637880988
764,676,HARYANA,KAITHAL,Serda,21.0,23.78,76.50482787156774,29.64063468215308
1052,911,HARYANA,SIRSA,Mehna khera,28.0,27.36,74.80436956661428,29.4149428290787
573,514,PUNJAB,TARN_TARAN,Nawa pind,9.0,9.29,74.9891177986428,31.54362781625653
2737,2221,HARYANA,FATEHABAD,Ajitnager,12.0,10.38,75.37977178220818,29.69550019431339
2736,2221,HARYANA,FATEHABAD,Ajitnager,48.0,49.33,75.37844527573505,29.69166590237305
2735,2221,HARYANA,FATEHABAD,Ajitnager,40.0,37.59,75.38249875886368,29.69114850668347
26063,22701,HARYANA,SIRSA,Narel khera,9.0,9.32,75.24961622648831,29.537954624804435
53,53,PUNJAB,AMRITSAR,Kotli amb,4.0,3.74,74.78004621912602,31.863893824759376
3537,2823,PUNJAB,MANSA,Bareta,4.0,3.67,75.67584141356713,29.854666063365222
586,524,PUNJAB,TARN_TARAN,Deo,13.0,16.06,75.01925917147683,31.476981213529744
164,156,PUNJAB,AMRITSAR,Takapur,4.0,5.01,75.30245494626779,31.660774116303536
388,355,PUNJAB,TARN_TARAN,Ekal gadda,7.0,6.0,75.06973454119702,31.50746999399441
142,134,PUNJAB,TARN_TARAN,Bagrian,4.0,3.01,74.99132516205245,31.491910516718697
602,536,HARYANA,KARNAL,Bhaini khurd,8.5,7.72,76.9813239793468,29.736665625757716
601,536,HARYANA,KARNAL,Bhaini khurd,12.0,11.61,76.95660152386994,29.74565551869731
8733,6744,HARYANA,KURUKSHETRA,Yari,10.0,10.14,76.93005220376452,30.1312236545603
1579,1322,PUNJAB,BATHINDA,Nathana,6.0,6.19,75.06309743758253,30.327013680412133
554,497,PUNJAB,AMRITSAR,Bal labe daria,13.0,13.91,74.72850055310592,31.860113127216596
506,457,PUNJAB,AMRITSAR,Tera rajputta,11.0,11.29,74.7399490815584,31.885998726063228
25788,22348,HARYANA,SIRSA,Khaja khera,30.0,29.85,74.99947626615688,29.50941146182613
585,523,PUNJAB,TARN_TARAN,Daburji,11.0,10.72,74.90967345704661,31.491976822744267
2742,2225,HARYANA,JIND,Khunga kothi,5.0,4.6,76.41851609536852,29.373022947662975
988,861,HARYANA,KAITHAL,Pyoda,10.0,11.07,76.42939338608826,29.737781160125245
445,405,PUNJAB,TARN_TARAN,Gunowal,9.0,7.13,75.05249998929199,31.558132235251463
144,136,PUNJAB,MOGA,Singpur urf Munan,6.0,7.38,75.09252947388482,30.938801087660643
1030,890,PUNJAB,TARN_TARAN,Ekalgadda,10.0,12.19,75.068368908097,31.52026262946788
579,518,HARYANA,KARNAL,Motia jagir,7.0,6.87,76.81667294555261,29.757221298111308
16481,11598,PUNJAB,MUKTSAR,udekaran,9.717,9.62,74.55385671335405,30.49878618735294
16480,11598,PUNJAB,MUKTSAR,udekaran,20.504,20.5,74.55783234095553,30.49688108843107
1015,877,PUNJAB,TARN_TARAN,Timmowal,10.0,7.76,75.10213912221141,31.537271938198952
11647,8565,HARYANA,AMBALA,Jafer pur,4.8,4.78,77.15338209129081,30.333225809923164
11646,8565,HARYANA,AMBALA,Jafer pur,2.3,2.52,77.1549220812874,30.324518460615906
765,677,HARYANA,KAITHAL,Serda,24.0,16.67,76.50143941199156,29.619426882281537
16248,11461,PUNJAB,MUKTSAR,Tappa khera,21.0,20.46,74.52621377901879,30.0878713450977
16247,11461,PUNJAB,MUKTSAR,Tappa khera,44.0,45.08,74.53000762266971,30.08876245714247
376,346,PUNJAB,AMRITSAR,Chak fula,10.0,11.11,74.75242364719064,31.908612075520615
1022,883,HARYANA,PANIPAT,Khandra,25.0,20.51,76.84511024513581,29.42446123956267
8830,6816,PUNJAB,BATHINDA,Bathinda,8.0,8.27,74.9602145691531,30.240997418158603
222,211,PUNJAB,TARN_TARAN,Burj Deva singh,7.0,6.11,74.92790876031954,31.202450718827343
17479,13383,PUNJAB,MUKTSAR,Abul khurana,21.2,21.45,74.54075053781249,30.116699145423517
1824,1505,HARYANA,PANIPAT,Bapdad,35.0,35.68,76.80443975750714,29.360448577322924
1480,1254,PUNJAB,BATHINDA,Nathana,6.0,5.21,75.12105138862455,30.322105194025905
4353,3446,HARYANA,FATEHABAD,Karoli,10.0,13.05,75.31584546667831,29.528356098286334
1191,1017,HARYANA,KURUKSHETRA,Jyotisar,2.0,1.81,76.76911182968112,29.95328683139393
21481,16012,HARYANA,KURUKSHETRA,Barounda,4.3,4.03,77.05978649943326,29.961832915841985
21480,16012,HARYANA,KURUKSHETRA,Barounda,6.2,6.56,77.05979578793495,29.96290351786967
3282,2630,HARYANA,FATEHABAD,laloda,4.0,3.75,75.87535981184675,29.6238289110886
3281,2630,HARYANA,FATEHABAD,laloda,2.0,2.05,75.87776874070406,29.625206136670403
624,552,HARYANA,KARNAL,Raipur Rodan,19.0,13.83,76.92805698520263,29.880110906242827
409,375,PUNJAB,TARN_TARAN,Hardo sarli,8.0,7.48,75.10185403213288,31.48732512458239
2503,2031,HARYANA,SONIPAT,Bhainswan khurd,15.0,19.32,76.68716926750835,29.07494118784163
2422,1965,HARYANA,FATEHABAD,laloda,1.0,0.93,75.87610164994167,29.62851423741744
2421,1965,HARYANA,FATEHABAD,laloda,8.5,7.59,75.87584046419205,29.627033285458197
17666,11823,PUNJAB,MUKTSAR,Lakhawali,29.0,26.98,74.36095132479139,30.46308669573896
17665,11823,PUNJAB,MUKTSAR,Lakhawali,21.0,19.5,74.35787870037564,30.460834713042743
16891,11823,PUNJAB,MUKTSAR,Lakhawali,1.5,1.47,74.34187417432892,30.454359087397915
16890,11823,PUNJAB,MUKTSAR,Lakhawali,13.5,13.56,74.34148860095151,30.45640634692073
2413,1960,HARYANA,FATEHABAD,laloda,13.0,11.6,75.87906315358914,29.626001113050368
2754,2234,HARYANA,FATEHABAD,Hukmawali,9.0,8.04,75.43466158656894,29.68426537626588
7852,2868,HARYANA,FATEHABAD,Bhirdana,9.0,7.09,75.55942547450734,29.542572990084484
3592,2868,HARYANA,FATEHABAD,Bhirdana,5.0,3.87,75.5496539086127,29.535177673246057
577,517,HARYANA,KARNAL,Motia jagir,10.0,10.74,76.81500261905796,29.757046698848004
2689,2182,HARYANA,KURUKSHETRA,Chibba,8.0,6.29,76.80393123204728,30.04188695197239
1393,1179,HARYANA,KURUKSHETRA,Jyotisar,12.0,14.95,76.77406614302609,29.958515468421112
637,562,PUNJAB,TARN_TARAN,Deo,12.0,14.16,75.02079323653442,31.501710669637532
2247,1835,HARYANA,SONIPAT,Bhainswan khurd,10.0,6.73,76.67571551829042,29.077181568133685
1324,1120,HARYANA,KARNAL,Bassi akbarpur,7.0,8.39,77.0355903257538,29.54427765049145
3589,2865,HARYANA,FATEHABAD,Bhirdana,7.0,7.53,75.52293443548417,29.56048619196814
3000,2428,HARYANA,FATEHABAD,Ratta khera,10.0,11.09,75.51237649684224,29.665507791704588
389,356,PUNJAB,TARN_TARAN,Jhamke,14.0,9.95,74.80231314141622,31.412937156213015
15435,10973,PUNJAB,MUKTSAR,Ramgarh,3.0,2.9,74.40723863277118,30.4741524238262
15434,10973,PUNJAB,MUKTSAR,Ramgarh,2.0,1.97,74.40791688245899,30.476185758370463
11872,8718,PUNJAB,MUKTSAR,shahid chand,2.528,2.53,74.69287062289823,30.304588884904792
11871,8718,PUNJAB,MUKTSAR,shahid chand,5.141,5.13,74.69980055667781,30.3032835720523
7874,2895,HARYANA,FATEHABAD,Bhirdana,8.0,6.62,75.55212263343688,29.540495554457603
3533,2819,PUNJAB,MANSA,Jalwhera,6.0,6.43,75.66148941210389,29.86912751109391
3532,2819,PUNJAB,MANSA,Jalwhera,4.0,3.52,75.65719019444782,29.871407868144583
391,358,PUNJAB,TARN_TARAN,Gunowal,10.0,7.59,75.04282209215192,31.55817696006554
639,564,PUNJAB,TARN_TARAN,Mian wind,11.0,12.24,75.16106521826202,31.47818783288342
343,319,PUNJAB,AMRITSAR,Dyalbharang,8.5,6.45,74.87436359634493,31.867965997224378
508,459,PUNJAB,TARN_TARAN,Wan,9.0,8.34,74.56505631857448,31.31483415292412
2354,1916,HARYANA,SONIPAT,Mahara,15.0,16.77,76.71344667134458,29.097895407207105
207,198,PUNJAB,TARN_TARAN,Dialpura,6.0,5.66,74.72026515046502,31.282162660771377
18786,14129,HARYANA,FATEHABAD,Aherwan,44.0,41.77,75.5452762695108,29.62136138476487
3541,2825,PUNJAB,MANSA,Bareta,4.75,4.26,75.67721673730576,29.860220194009255
3540,2825,PUNJAB,MANSA,Bareta,6.0,6.58,75.67561793563762,29.85926839345693
26046,22642,HARYANA,YAMUNANAGAR,Panjupur,25.0,23.3,77.27330293605692,30.09989067830776
26045,22642,HARYANA,YAMUNANAGAR,Panjupur,26.0,24.12,77.27342839468619,30.09113587206931
2506,2034,HARYANA,SONIPAT,Mahra,20.0,19.19,76.71436856401193,29.099828955802067
1646,1375,PUNJAB,TARN_TARAN,Thathian,8.0,5.91,74.99651821113991,31.55627464675895
14150,10206,HARYANA,YAMUNANAGAR,Sagri,9.7,8.63,77.15226721156066,30.11473223638603
22972,17400,HARYANA,KAITHAL,Matrwa kheri,22.0,19.41,76.61397730877673,29.816885983819095
23031,17742,HARYANA,KAITHAL,Ahun,10.0,9.82,76.66459474470273,29.79680327771811
22018,16503,HARYANA,KAITHAL,Munerheri,24.0,23.68,76.63761606452773,29.737413410961956
23430,18321,HARYANA,FATEHABAD,Birdana,13.0,11.11,75.55862171991886,29.57943610104467
20357,15146,PUNJAB,MUKTSAR,Lal bai,9.615,9.6,74.6103996829865,30.15127231988143
20356,15146,PUNJAB,MUKTSAR,Lal bai,7.327,7.29,74.57758361056554,30.141040877065855
22808,17216,HARYANA,FATEHABAD,Nagpur,18.1,17.88,75.42431375311874,29.66193842201745
6413,5162,HARYANA,KURUKSHETRA,kharindwa,3.0,3.91,76.93590044206955,30.12736430291464
6490,5221,PUNJAB,FARIDKOT,Kothe gobind sar,23.0,23.24,74.90501099728672,30.554289609576717
6457,5197,HARYANA,KURUKSHETRA,bkana,4.0,3.95,76.90145045280532,30.107078353859887
12158,8911,HARYANA,AMBALA,Zaffrpur,5.1,5.36,77.14855670179641,30.309977405229812
21142,15733,PUNJAB,BARNALA,mehal kalan,73.0,73.08,75.56521152291253,30.512992700826167
22642,17033,HARYANA,KARNAL,Jamba,57.0,56.43,76.79783724978452,29.85385929344529
15628,11079,PUNJAB,MUKTSAR,Ramgarh,2.0,1.7,74.39643485560855,30.47483759617954
15627,11079,PUNJAB,MUKTSAR,Ramgarh,3.0,3.15,74.39645197750254,30.475654985813893
21148,15735,HARYANA,KAITHAL,Ahun,6.0,5.89,76.68364374810449,29.789840148033537
8413,6520,PUNJAB,FAZILKA,Azimgarh,7.0,6.44,74.21497995345582,30.11437758253092
8410,6520,PUNJAB,FAZILKA,Azimgarh,8.7,8.91,74.21718275128701,30.110549328023467
23535,18643,HARYANA,KARNAL,Bastali,40.0,40.07,76.84553729464655,29.828285920289705
23512,18632,HARYANA,FATEHABAD,Alika,9.0,8.7,75.42377145091777,29.745071548406894
26062,22700,HARYANA,SIRSA,Narel khera,10.0,9.63,75.25665249678228,29.541218157777703
23164,17901,HARYANA,KAITHAL,Khanoda,3.5,3.68,76.53626635690028,29.83188040481941
22980,17407,HARYANA,KARNAL,Budanpur,2.2,2.11,76.90981587867235,29.599585014998336
16074,11342,PUNJAB,MUKTSAR,Virk khera,12.1,12.3,74.43585922805104,30.238409205543437
12611,9227,HARYANA,KAITHAL,Theh bhutana,17.0,16.52,76.25288912663184,29.98091125797393
9821,7463,HARYANA,KURUKSHETRA,Khedi dabdhlan,8.0,8.18,77.09653045322175,30.01026632138939
6706,5404,HARYANA,SIRSA,Damdama,21.6,20.98,74.6092354144023,29.575708607747508
6705,5404,HARYANA,SIRSA,Damdama,25.0,25.28,74.60137735430808,29.57991347072705
6704,5404,HARYANA,SIRSA,Damdama,6.6,6.33,74.67524533947764,29.563174085704578
6702,5404,HARYANA,SIRSA,Damdama,16.0,15.07,74.6779174399009,29.57074542630053
22831,17237,HARYANA,KAITHAL,Kaul,18.0,17.92,76.64281232646381,29.85515453152181
22830,17237,HARYANA,KAITHAL,Kaul,5.0,4.81,76.64100785664648,29.85510155564316
23166,17905,HARYANA,KARNAL,Kutail,9.5,8.3,76.99974250246309,29.585699283136172
26041,22639,PUNJAB,BATHINDA,Chak Bakhtu,5.0,5.26,75.12918436002033,30.189565415349644
26040,22639,PUNJAB,BATHINDA,Chak Bakhtu,16.0,16.68,75.1369728624831,30.196521140526936
16321,11505,HARYANA,KARNAL,Gonder,27.0,26.25,76.73303023429968,29.677911224127172
23597,18752,HARYANA,KAITHAL,Pabnawa,17.5,17.88,76.6518781397851,29.765362056573064
23596,18752,HARYANA,KAITHAL,Pabnawa,14.0,14.01,76.66664078113682,29.883389373354586
22826,17233,HARYANA,KARNAL,Budanpur,12.5,12.99,76.89652417855079,29.6050883001928
8770,6769,HARYANA,KARNAL,Gonder,14.0,12.33,76.75639980955509,29.626220415901628
23170,17908,HARYANA,KARNAL,Bushli,4.5,4.43,76.9625224442537,29.60489038464216
23169,17908,HARYANA,KARNAL,Bushli,8.0,8.04,76.96021611409857,29.605186403272775
23275,18146,HARYANA,KARNAL,Picholiya,38.5,37.56,76.85927173428995,29.598049751423744
23168,17907,HARYANA,KARNAL,Samalkha,7.0,8.25,76.93822270392718,29.61366637982622
7698,5386,HARYANA,KARNAL,Kambopura,3.0,2.33,76.99010659290302,29.63450912648385
5737,4583,HARYANA,KARNAL,Gonder,5.0,4.96,76.75458963273915,29.636140654089836
8314,6451,HARYANA,KARNAL,Alipur Viran,25.0,24.44,76.78951311445849,29.657879396186964
16414,11561,HARYANA,KAITHAL,Pharal,10.0,9.98,76.61450420451908,29.830287990518915
18899,14181,HARYANA,KURUKSHETRA,Madado,12.0,12.0,76.65694839651562,30.09274995086081
22946,17362,HARYANA,YAMUNANAGAR,Khajuri,5.0,5.03,77.17138899277849,30.08232410378486
14811,10623,HARYANA,FATEHABAD,Hukmawali,7.0,6.53,75.444141128468,29.69366023825948
24784,20844,HARYANA,SIRSA,Nagoki,3.5,3.76,75.11406196270775,29.663921036002
24808,20894,HARYANA,KARNAL,Rasulpur,47.0,47.09,77.05601386073847,29.85285574530259
26292,23048,PUNJAB,BATHINDA,Jai singh wala,7.0,6.72,74.86380251921337,30.140544732128244
26291,23048,PUNJAB,BATHINDA,Jai singh wala,8.0,7.64,74.84162179054225,30.11943281458152
20450,15222,HARYANA,KARNAL,Gunyana,7.0,6.83,76.70904412848232,29.719621500924276
9065,6958,PUNJAB,MANSA,Gamiwala,4.111,4.11,75.54842153777625,29.811062459209506
26044,22641,HARYANA,KURUKSHETRA,Mangoli jattan,15.0,14.93,77.04299571076419,30.117202005988485
23045,17754,HARYANA,FATEHABAD,Alalwas,16.0,13.74,75.4932645992724,29.713751378185098
6333,5099,PUNJAB,MUKTSAR,channu,4.0,3.96,74.60281991862591,30.09901427290728
6331,5099,PUNJAB,MUKTSAR,channu,4.0,4.23,74.60201574913118,30.114226645765942
7498,6168,HARYANA,FATEHABAD,Khumber,5.0,4.89,75.40646510585461,29.61417140027949
7404,6114,HARYANA,KURUKSHETRA,Bhusthala,10.0,10.35,76.72844639941492,30.071794005729643
7366,6084,PUNJAB,MUKTSAR,channu,9.0,8.97,74.5952708373555,30.092498465900032
10919,8126,HARYANA,KARNAL,Nissing,16.0,15.57,76.76512321364531,29.678848865460207
11569,8522,PUNJAB,MUKTSAR,Doda,9.6,8.86,74.66809251699587,30.380550218579177
11568,8522,PUNJAB,MUKTSAR,Doda,2.4,2.22,74.6599268803444,30.378940757034567
11567,8522,PUNJAB,MUKTSAR,Doda,1.0,1.11,74.65724920254112,30.37737310125862
13136,9562,HARYANA,KAITHAL,Bhunna,2.2,2.17,76.31332594624425,29.985128062068497
7692,5699,PUNJAB,FARIDKOT,Kamiana,11.0,11.54,74.73216456205917,30.644303194260377
7084,5699,PUNJAB,FARIDKOT,Kamiana,15.0,11.26,74.72853466876927,30.650267191281348
12373,9082,HARYANA,JIND,Dumarkha,56.0,54.25,76.15992635621792,29.552007422227636
12386,9089,HARYANA,KARNAL,Bastali,7.0,6.66,76.72723976068684,29.72971295470762
4478,3540,HARYANA,KARNAL,Sugga,4.0,3.72,76.87485905385037,29.76224813870958
7174,5774,HARYANA,KURUKSHETRA,Hingo khari,10.0,13.1,76.79862808332652,30.06237370606542
4440,3512,HARYANA,KARNAL,Sugga,10.0,9.72,76.84010110378422,29.756634908087683
4439,3512,HARYANA,KARNAL,Sugga,5.0,5.76,76.84970750405793,29.755157637068734
16053,11329,PUNJAB,MUKTSAR,Abul khurana,21.5,21.66,74.53568134808074,30.122094708110662
6957,5594,PUNJAB,MUKTSAR,channu,6.3,6.3,74.60014901832399,30.092734072196716
13788,9978,PUNJAB,BARNALA,chananwal,45.0,44.13,75.47239681614975,30.50589895490861
8506,6590,PUNJAB,FAZILKA,Azimgarh,22.0,21.44,74.2312701225619,30.115301294527317
8817,6806,PUNJAB,MANSA,Reond kalan,9.284,9.11,75.57197018405563,29.77489875265392
8816,6806,PUNJAB,MANSA,Reond kalan,17.46,17.46,75.57546296458176,29.7725422488303
9212,7056,PUNJAB,MUKTSAR,Sahib chand,13.0,13.17,74.69931270958627,30.31149228866513
15619,11072,HARYANA,FATEHABAD,Dani manjra,1.5,1.58,75.53307269375289,29.50172901714549
12290,9015,HARYANA,KAITHAL,Ahun,5.0,4.88,76.67820231518238,29.77372694955964
12289,9015,HARYANA,KAITHAL,Ahun,18.0,17.7,76.68219092315154,29.775951511036105
12288,9015,HARYANA,KAITHAL,Ahun,12.0,12.05,76.6831165983308,29.781729759798036
4707,3729,HARYANA,KARNAL,Kachhwa,7.0,7.91,76.89941938710362,29.740128643658743
4568,3609,HARYANA,SIRSA,Jiwan negar,8.0,8.26,74.71576366946282,29.52627126308259
26615,23429,HARYANA,KURUKSHETRA,Ramsharn majra,10.0,10.37,77.01553885875333,30.074895925468027
26634,23441,HARYANA,KURUKSHETRA,Ramsaran majra,10.0,9.43,76.99976493413664,30.091344691102577
4520,3572,HARYANA,KARNAL,Arianpura,13.5,13.72,77.00088819323295,29.54619031206508
4519,3572,HARYANA,KARNAL,Arianpura,45.0,50.97,77.04328087160246,29.548181828509986
4951,3931,HARYANA,SIRSA,Ghukanwali,37.0,35.8,74.85746624290553,29.695793876215458
6328,5098,PUNJAB,PATIALA,noorkheriya,4.0,4.08,76.46188678397102,30.32792289079944
19894,14828,HARYANA,KARNAL,Mukhala,5.8,5.73,77.12404235248944,29.94087861266304
19891,14828,HARYANA,KARNAL,Mukhala,13.5,13.36,77.15613315750181,29.934655271422333
19890,14828,HARYANA,KARNAL,Mukhala,1.8,1.83,77.15093330239382,29.930816974380942
14863,10655,HARYANA,KURUKSHETRA,Adhon,55.0,54.14,76.82900130645108,30.018887884444847
7938,6216,HARYANA,KURUKSHETRA,Lakhmari,12.0,12.03,77.00508552567379,30.145466445680935
7937,6216,HARYANA,KURUKSHETRA,Lakhmari,15.0,14.47,77.00697305728444,30.152826803585835
26134,22821,HARYANA,KURUKSHETRA,Antehri,33.0,30.53,76.96833318939859,30.000287047741057
19525,14551,HARYANA,KURUKSHETRA,Khaira,20.0,19.51,76.96529829718168,30.018828700225555
13487,9775,HARYANA,KAITHAL,Buchi,8.0,7.93,76.65419157981887,29.741299755175454
11655,8572,HARYANA,KAITHAL,Bhunna,4.0,4.17,76.29538484331982,29.97742871928629
4647,3675,HARYANA,FATEHABAD,Haroli,6.0,5.77,75.45480974083861,29.67176574573004
2693,2186,HARYANA,KURUKSHETRA,Chibba,10.0,9.22,76.80641051024354,30.046550496535755
14444,10390,HARYANA,FATEHABAD,Lali,4.2,4.12,75.50342059585502,29.706780774000222
14443,10390,HARYANA,FATEHABAD,Lali,15.5,16.06,75.5310458291219,29.708238312799747
10631,7946,PUNJAB,MUKTSAR,shahid chand,4.0,4.77,74.69283196089741,30.303193789620416
5604,4479,HARYANA,SIRSA,Rampura dhani,5.0,5.35,75.18443215910649,29.539288100459423
6406,5157,HARYANA,KURUKSHETRA,kharindwa,3.0,3.45,76.93014518187624,30.12639792612992
9533,7269,PUNJAB,MUKTSAR,Buttar sharinh,6.0,6.38,74.68352209319389,30.35126226286668
9532,7269,PUNJAB,MUKTSAR,Buttar sharinh,14.0,13.89,74.67549711489566,30.35665013306459
14451,10394,HARYANA,FATEHABAD,Sukhman pur,10.0,10.66,75.5963464033886,29.632609730309035
10195,7711,HARYANA,FATEHABAD,Phoolan,7.0,6.31,75.498671747153,29.631694009962796
9544,7277,HARYANA,KURUKSHETRA,Bichgaw,30.0,28.73,76.77528496370505,30.020435690863582
11653,8571,HARYANA,KARNAL,Nissing,30.0,22.07,76.76108609907578,29.710225844365805
13060,9508,HARYANA,KAITHAL,Ahun,18.0,17.99,76.69130743088057,29.77588478377251
13826,10001,HARYANA,KURUKSHETRA,Bedsyami,8.3,8.11,77.0999399022551,30.003715144459996
18337,3717,HARYANA,KURUKSHETRA,Jyotisar,34.0,32.63,76.6747052190851,30.008656549577623
16264,11470,HARYANA,KURUKSHETRA,Barna,26.0,24.85,76.74882640568642,29.90815961792148
9650,7348,PUNJAB,BATHINDA,Gobindpura,2.5,2.31,75.02439884062849,30.2757099713259
10648,7958,HARYANA,KAITHAL,Rasulpur,36.0,44.18,76.41163912681029,29.9276635581773
13839,10007,PUNJAB,FEROZEPUR,Mal wal,17.0,16.88,74.68028674348065,30.9152423293664
13838,10007,PUNJAB,FEROZEPUR,Mal wal,50.2,51.12,74.67283118281435,30.91281860726086
4662,3690,HARYANA,FATEHABAD,Haroli,5.0,4.62,75.4734558767259,29.686629189990057
10080,7626,HARYANA,FATEHABAD,Tamspura,20.0,20.01,75.50172959588923,29.654983060597587
10079,7626,HARYANA,FATEHABAD,Tamspura,10.0,9.12,75.4801968368397,29.624158857859204
10078,7626,HARYANA,FATEHABAD,Tamspura,13.0,12.13,75.48240065907225,29.621188956444342
13513,9791,HARYANA,KAITHAL,Buchi,9.5,9.41,76.63951832332795,29.763023895018872
13512,9790,HARYANA,KAITHAL,Buchi,10.5,10.32,76.63824363548534,29.7623236426463
14184,10227,HARYANA,KAITHAL,Ahun,4.0,3.82,76.67525526264954,29.78373818898493
14183,10227,HARYANA,KAITHAL,Ahun,6.0,6.03,76.66781209236652,29.771826097864427
14191,10233,HARYANA,FATEHABAD,Jallopur,20.0,19.27,75.50329977147997,29.684675980166073
4891,3883,HARYANA,KARNAL,Sugga,10.0,12.06,76.83755924379086,29.773854707367104
7662,5155,HARYANA,KURUKSHETRA,kharindwa,3.0,3.06,76.94004522493101,30.118503097296077
6404,5155,HARYANA,KURUKSHETRA,kharindwa,2.0,2.26,76.93129133367204,30.12303327196429
14914,10682,HARYANA,KARNAL,Manchuri,56.0,56.51,76.77578196875714,29.613806887908563
1115,955,HARYANA,KURUKSHETRA,Mirjapur,2.0,1.96,76.79158965896771,29.94948809883128
14913,10681,HARYANA,KARNAL,Manchuri,59.0,56.4,76.76626838221594,29.60624713261359
24511,20373,PUNJAB,MANSA,Bhamme khurd,12.0,10.62,75.37430384315373,29.851247191342257
24510,20373,PUNJAB,MANSA,Bhamme khurd,10.0,10.26,75.37213592090728,29.862460489574932
13857,10024,HARYANA,KAITHAL,Siwan,6.0,6.0,76.32079296187315,29.944854150196285
5031,3994,HARYANA,KARNAL,Ramana Ramani,5.0,5.44,76.81950068028763,29.803625429035176
5029,3993,HARYANA,KARNAL,Shambi,11.0,9.35,76.81875493807597,29.807254589281616
5028,3993,HARYANA,KARNAL,Shambi,17.0,15.96,76.83184872299334,29.81097177440752
4976,3952,HARYANA,KARNAL,Kachhwa,29.0,23.99,76.88239651592787,29.739338594379184
4970,3948,HARYANA,KARNAL,Kachhwa,4.0,3.89,76.8772886601202,29.73514801148962
10640,7951,PUNJAB,MUKTSAR,shahid chand,3.0,3.41,74.69673766641003,30.29840881003791
6432,5177,PUNJAB,MUKTSAR,channu,2.3,2.31,74.58579768181494,30.10378576378798
23856,19202,HARYANA,YAMUNANAGAR,Baindi,5.3,4.75,77.16787774638215,30.08597374205902
5154,4102,HARYANA,FATEHABAD,Ratakhera,7.0,6.47,75.52460311859072,29.65149840287114
19996,14894,HARYANA,KARNAL,Samalkha,6.5,6.36,76.94976492751431,29.603013326060903
19992,14894,HARYANA,KARNAL,Samalkha,10.5,10.16,76.95201759136843,29.604356355519556
10072,7621,HARYANA,SIRSA,Sant nagar,5.0,5.19,74.69622780067718,29.547569531865317
6912,5556,PUNJAB,MUKTSAR,channu,12.4,12.15,74.58249433261872,30.085001178850476
6911,5556,PUNJAB,MUKTSAR,channu,12.0,11.77,74.59232650412822,30.08878648582636
2134,1739,HARYANA,PANIPAT,Urlana,48.0,50.1,76.81214668510968,29.315864800898517
9904,7514,HARYANA,AMBALA,Sehla,10.0,10.66,77.16561574423868,30.342806024520733
5058,4018,HARYANA,FATEHABAD,Fatehabad 2nd local,40.0,36.65,75.44409365011012,29.5371581024906
8074,6302,HARYANA,FATEHABAD,Nagpur,5.0,4.73,75.44001212610665,29.66587762504981
26418,23183,HARYANA,YAMUNANAGAR,Nagal,20.0,18.69,77.26696614423506,30.074983033097997
5102,4058,PUNJAB,BARNALA,Sanghera,10.0,16.28,75.55349172520776,30.41478085830404
5375,4298,HARYANA,FATEHABAD,Ayalki Dhani chanchak,40.0,29.17,75.51014709302524,29.581931496185053
9830,7468,HARYANA,KURUKSHETRA,Adoya,25.0,25.5,76.48173167837727,30.082032437147035
5215,4145,HARYANA,JIND,Roopgarh,15.0,13.2,76.30009852330392,29.393400030548943
8724,6737,HARYANA,KURUKSHETRA,Yara,7.0,9.09,76.95336908740559,30.15549404092651
8265,6419,HARYANA,AMBALA,Saini majra,15.0,17.85,76.70223568257211,30.201708779400917
10714,7999,HARYANA,FATEHABAD,Dhand,40.0,40.16,75.4577894497896,29.418585588355857
22656,17051,HARYANA,KAITHAL,Kaul,3.5,3.18,76.65170307048895,29.86176035461786
22655,17051,HARYANA,KAITHAL,Kaul,17.5,16.83,76.64900645007303,29.858807744243396
5381,4304,PUNJAB,FARIDKOT,Kamiana,12.0,11.53,74.73806059811452,30.647887752750943
26047,22643,HARYANA,YAMUNANAGAR,Panjupur,31.0,29.8,77.26958065812354,30.1009746040045
4819,3820,HARYANA,FATEHABAD,Birdana,10.0,9.71,75.51333024129909,29.550909990789577
6592,5310,HARYANA,KARNAL,Shambi,10.0,10.1,76.81260465314865,29.825016607351778
25707,22226,HARYANA,KURUKSHETRA,Chawlaan,27.0,26.85,76.69814484198827,29.98873004296042
5458,4365,HARYANA,SIRSA,Manzil ther,3.0,3.73,74.58479032887827,29.574778838363027
5637,4506,HARYANA,SIRSA,Ghukanwali,60.0,64.65,74.85413716249941,29.68972136696437
10394,7794,PUNJAB,MUKTSAR,shahid chand,3.0,3.76,74.69073536672407,30.29815227088502
26016,22611,HARYANA,KURUKSHETRA,Jadhola,57.0,55.89,76.57333805317116,29.904934645859356
10430,7813,HARYANA,KURUKSHETRA,Kalwa,14.0,14.53,76.97597281967273,30.111253514588544
26469,23234,PUNJAB,LUDHIANA,Sowaddi,2.0,2.18,75.58064787115862,30.8757869559733
26468,23234,PUNJAB,LUDHIANA,Sowaddi,9.0,9.6,75.5917004214808,30.899963101355574
26467,23234,PUNJAB,LUDHIANA,Sowaddi,10.0,10.31,75.60612053101777,30.8973794038106
26466,23234,PUNJAB,LUDHIANA,Sowaddi,6.0,6.3,75.59483333298995,30.88529715199796
26465,23234,PUNJAB,LUDHIANA,Sowaddi,5.0,4.91,75.58791374877805,30.88046495338299
26464,23234,PUNJAB,LUDHIANA,Sowaddi,15.0,14.4,75.5963876022012,30.867275434282423
16051,11327,PUNJAB,MUKTSAR,Abul khurana,26.5,27.16,74.5298856544757,30.12360358058651
9112,6989,HARYANA,FATEHABAD,Phoolan,5.0,5.24,75.51773397840331,29.635165854384788
17611,13447,PUNJAB,MUKTSAR,Abul khurana,2.5,2.56,74.49518897402939,30.160284669325616
17610,13447,PUNJAB,MUKTSAR,Abul khurana,5.0,4.9,74.51508273688391,30.146152455294818
17609,13447,PUNJAB,MUKTSAR,Abul khurana,13.0,13.08,74.51386150412945,30.14197399076692
24133,19816,HARYANA,YAMUNANAGAR,Kail,6.0,6.36,77.2569050677679,30.190386488359536
24129,19816,HARYANA,YAMUNANAGAR,Kail,4.0,3.97,77.2376292670161,30.185460994571063
21730,16231,HARYANA,KURUKSHETRA,Madanpur,40.5,40.41,76.84729375630768,30.137258672334692
25906,22469,HARYANA,SIRSA,Khairkan,3.0,3.15,75.023902560953,29.59213533071054
6623,5334,PUNJAB,BARNALA,sanghera,9.0,9.18,75.54852838821479,30.41022737204076
259,244,PUNJAB,TARN_TARAN,Burj Deva singh,6.0,7.79,74.92983511591548,31.200702506511515
15976,11278,PUNJAB,MUKTSAR,sukhna abluo,7.419,7.27,74.66587853269148,30.347756559029996
7047,5671,PUNJAB,MUKTSAR,channu,12.1,12.25,74.59158001149669,30.08341441636477
7541,6196,HARYANA,KURUKSHETRA,Isherheri,10.0,9.37,76.96142536898407,30.12493269131241
26238,22969,HARYANA,YAMUNANAGAR,Khajuri,22.0,21.95,77.2625391357527,30.05989468113989
7024,5653,PUNJAB,MUKTSAR,Sukhna abluo,9.0,9.13,74.66046694360716,30.342509420582928
7023,5653,PUNJAB,MUKTSAR,Sukhna abluo,7.0,7.7,74.65914830957036,30.34162184747063
23601,18784,HARYANA,KURUKSHETRA,TiGRI KHALSA,49.5,44.1,76.81648707220374,29.879310345481
6088,4897,PUNJAB,MUKTSAR,Chhattiana,14.0,13.0,74.6519078523589,30.32226376929111
11397,8415,HARYANA,PANIPAT,Dewana,25.0,20.22,76.96775007537973,29.30602548756542
16079,11347,PUNJAB,MUKTSAR,Abul khurana,8.4,8.74,74.5167034744107,30.128609810917844
8375,6495,HARYANA,KURUKSHETRA,Bodla,5.0,4.75,76.92993178266255,30.016065004135164
6124,4931,PUNJAB,PATIALA,balad khurd,27.0,30.07,76.07965094781235,30.226874639976597
8574,6637,HARYANA,KURUKSHETRA,Brout,15.0,16.06,77.00447591205935,29.96526448198829
8573,6637,HARYANA,KURUKSHETRA,Brout,13.0,12.81,77.00735188596751,29.964958639244376
16968,11858,HARYANA,YAMUNANAGAR,Radaur,10.2,9.42,77.18381299618505,30.00127841777068
7208,5796,HARYANA,SIRSA,Chakerian,33.0,32.33,76.23115099486333,29.985690670286516
9456,7222,PUNJAB,MUKTSAR,Sahib chand,8.0,8.19,74.69488538876844,30.29759359361147
9455,7222,PUNJAB,MUKTSAR,Sahib chand,5.0,4.81,74.68574351671428,30.2984711261103
1669,1388,HARYANA,SIRSA,Himayun Khera,23.0,22.91,74.76207495846482,29.46715664746923
1668,1388,HARYANA,SIRSA,Himayun Khera,17.0,19.66,74.7605252463783,29.46408680185946
24070,19743,HARYANA,YAMUNANAGAR,Harnouli,3.0,3.08,77.28900621639923,30.22982450955855
6095,4904,PUNJAB,FARIDKOT,Kamiana,10.0,7.67,74.74621956416551,30.649478730348463
2128,1734,HARYANA,SIRSA,Rattakhera,6.2,5.38,74.79366442741652,29.46401560762574
2127,1734,HARYANA,SIRSA,Rattakhera,5.5,4.58,74.79249023357228,29.46376602743213
15091,10782,PUNJAB,MUKTSAR,sukhna abluo,12.914,12.69,74.6238422748867,30.348112454611616
11667,8579,HARYANA,FATEHABAD,Bigad,20.0,19.53,75.48926010436784,29.47379895891928
19157,11413,PUNJAB,MUKTSAR,Ramgarh,6.1,5.97,74.3713968715598,30.496706675447076
16174,11413,PUNJAB,MUKTSAR,Ramgarh,5.3,5.53,74.39412253266858,30.48678680296225
479,434,PUNJAB,TARN_TARAN,,8.0,6.54,75.04144386225802,31.55880027484622
13229,9615,PUNJAB,LUDHIANA,Pamali,6.25,6.2,75.74574460049432,30.830845337706176
2977,2405,HARYANA,SIRSA,Thobaria,5.0,4.14,74.6613376751785,29.503032547207106
2976,2405,HARYANA,SIRSA,Thobaria,3.0,2.94,74.65191806545486,29.51267486965476
787,694,HARYANA,SIRSA,Amritsar,12.0,12.48,74.71361686925914,29.499185003130044
786,694,HARYANA,SIRSA,Amritsar,12.0,12.28,74.67733957342084,29.48371499566428
19295,14409,HARYANA,KURUKSHETRA,Chhaper,7.9,7.9,77.06064228832365,30.085681053280272
3134,2518,HARYANA,PANIPAT,Gawalda,5.0,4.74,76.9246892280076,29.23954765534504
12093,8873,PUNJAB,LUDHIANA,Patti multani,2.5,2.21,75.3831272634283,30.953130370839972
3056,2468,HARYANA,PANIPAT,Nara,7.0,7.18,76.7629143866512,29.376593720293435
24770,20827,HARYANA,SIRSA,Panjuana,19.0,20.74,74.97464368133242,29.620366798980925
6357,5116,HARYANA,KURUKSHETRA,yara,2.0,2.21,76.94484613393004,30.142547434304205
7561,6208,HARYANA,KURUKSHETRA,JOGNAKHERA,6.0,5.79,76.7916322186929,29.988258305638382
7559,6208,HARYANA,KURUKSHETRA,JOGNAKHERA,12.0,11.52,76.79802758451292,29.97684338927211
19122,14317,PUNJAB,PATIALA,Harpala,12.9,15.44,76.70426282097503,30.344124402945397
19121,14317,PUNJAB,PATIALA,Harpala,15.8,15.96,76.67990305952523,30.35176448783617
3466,2777,HARYANA,PANIPAT,Hartari,10.0,9.69,76.94750108548051,29.31404685342518
12350,9062,PUNJAB,LUDHIANA,Birmi,7.0,7.39,75.7148746414771,30.9084798467283
1670,1389,HARYANA,SIRSA,Himayun Khera,16.0,16.63,74.76760674811065,29.46862355077322
11788,8657,HARYANA,YAMUNANAGAR,Daulatpur,3.0,2.91,77.10820089040485,30.089362821593024
11787,8657,HARYANA,YAMUNANAGAR,Daulatpur,9.0,9.05,77.11547910167329,30.094086405108452
8471,6564,HARYANA,KURUKSHETRA,Zulmat,50.0,49.01,76.54669127469066,30.056585995697645
12005,8807,PUNJAB,LUDHIANA,Phagla,16.0,17.14,75.69969410380753,30.92393288131562
25917,22485,PUNJAB,LUDHIANA,Sidhwan khurd,4.0,4.17,75.55495802026198,30.83071761384828
11670,8581,HARYANA,YAMUNANAGAR,Baindi,4.0,3.83,77.16100295977459,30.09645699586702
23731,19042,HARYANA,YAMUNANAGAR,Sudhail,8.0,7.99,77.2418564682323,30.15448375599949
26414,23180,HARYANA,YAMUNANAGAR,Nagal,30.0,29.93,77.26443008876235,30.068429302625777
23864,19208,HARYANA,YAMUNANAGAR,Sabhapur,1.0,0.97,77.23869464169302,30.081429006689667
14796,10597,HARYANA,YAMUNANAGAR,Sangipur,3.2,3.19,77.10910528959953,30.007927057845727
14795,10597,HARYANA,YAMUNANAGAR,Sangipur,1.4,1.47,77.11127792968301,30.007807191026732
19052,14284,PUNJAB,PATIALA,Rurki,23.0,21.92,76.58524787651749,30.327161346175323
25043,21296,HARYANA,SIRSA,Dhottar,7.5,6.78,74.887125865921,29.583682898631057
16422,11567,HARYANA,YAMUNANAGAR,Sarawin,38.0,36.96,77.21669388894524,30.33321580493672
10226,7731,PUNJAB,FARIDKOT,Bir sikhawala,20.0,19.52,74.83963008190476,30.61498239449796
6128,4935,PUNJAB,BARNALA,sanghera,22.0,39.08,75.54796601302692,30.428613851762375
2799,2270,HARYANA,PANIPAT,Dewana,4.0,3.31,76.97406086981718,29.3098999382182
20887,15532,HARYANA,KURUKSHETRA,Chhapra,5.5,5.02,77.06332999510407,30.089565867343968
23351,18245,HARYANA,FATEHABAD,Phoolan,27.0,26.29,75.503584620351,29.62332324381951
26655,23458,PUNJAB,BATHINDA,Chak Bakhtu,6.0,5.56,75.14058691995878,30.184630805837426
26653,23458,PUNJAB,BATHINDA,Chak Bakhtu,18.5,16.48,75.13300129931213,30.21141149235016
6089,4898,PUNJAB,MUKTSAR,Chhattiana,5.0,4.92,74.66043927759068,30.316549162001788
13653,9874,HARYANA,KAITHAL,Ahun,16.0,15.99,76.68284236561121,29.785500958323357
6046,4860,HARYANA,KARNAL,Augandh,9.0,9.5,76.81590221454309,29.677272777569772
19875,14802,PUNJAB,MUKTSAR,Abul Khurana,43.372,41.95,74.56492746278154,30.136381078577426
19874,14802,PUNJAB,MUKTSAR,Abul Khurana,59.384,58.22,74.56041513221277,30.134679108367788
11750,8628,HARYANA,KAITHAL,Ahun,6.0,5.77,76.69843196055268,29.78840450234156
6186,4988,PUNJAB,FARIDKOT,Kamiana,11.0,8.68,74.73087665691654,30.64414165421277
17621,11490,PUNJAB,MUKTSAR,Ramgarh,5.3,5.06,74.40662683593841,30.49596846828232
16292,11490,PUNJAB,MUKTSAR,Ramgarh,3.7,3.6,74.40969298212732,30.476510290422887
18178,13774,HARYANA,KAITHAL,Habri,10.3,10.21,76.6236916478568,29.69564041653588
18177,13774,HARYANA,KAITHAL,Habri,23.0,22.52,76.62226339517883,29.694503797629828
6229,5028,PUNJAB,MUKTSAR,channu,10.0,10.1,74.59189060524646,30.10245004519779
24753,20817,HARYANA,AMBALA,Holi,10.0,10.0,77.08262859604118,30.233571924013575
24752,20817,HARYANA,AMBALA,Holi,6.0,6.66,77.06690695678188,30.237481407280956
6299,5078,PUNJAB,FARIDKOT,Ghaniye wala,9.0,10.72,74.92509621241052,30.63494476975417
24834,20938,HARYANA,SIRSA,Dhudhianwali,22.0,19.98,74.70554344761723,29.603343110503467
16563,11651,HARYANA,YAMUNANAGAR,Bubka,1.8,1.63,77.11925153287348,30.046188887443883
6422,5169,PUNJAB,MANSA,Biroke kalan,15.4,12.29,75.57843840104138,29.97846255447265
6421,5169,PUNJAB,MANSA,Biroke kalan,7.4,7.66,75.57900470046657,29.98009870411801
6417,5165,HARYANA,KARNAL,Islamnagar,2.0,1.94,77.12179363825027,29.880171346277095
2274,1853,HARYANA,SIRSA,Rattakhera,2.5,2.36,74.80070022512137,29.47702273012928
822,731,HARYANA,SIRSA,Sukhera khera,18.0,20.05,74.63427448440075,29.83709636564892
24824,20913,HARYANA,KAITHAL,Firojpur,2.0,2.02,76.38497161105559,29.900250122003506
6720,5413,PUNJAB,MUKTSAR,channu,7.4,9.61,74.61790745229128,30.08348293165222
11616,8545,HARYANA,KARNAL,Piyont,35.0,19.13,76.80552285232046,29.62770429996588
6325,5095,PUNJAB,BARNALA,sanghera,8.0,8.27,75.5513986914304,30.396837310789195
6371,5129,PUNJAB,PATIALA,faram Bahadurgarh,13.0,12.42,76.47982914290095,30.37646856705419
2256,1840,HARYANA,SIRSA,Rattakhera,2.0,1.84,74.78897631656139,29.478646620316105
6682,5387,PUNJAB,MUKTSAR,channu,9.6,9.68,74.60183443404436,30.091562254124764
26527,23331,PUNJAB,BARNALA,Gagewal,5.6,5.9,75.48801786431358,30.58867871982621
19523,14549,HARYANA,KURUKSHETRA,Khaira,12.0,12.01,76.97495635622157,30.033562440148337
24852,20968,HARYANA,KARNAL,Dachar,25.5,25.28,76.71017478653856,29.651668609931964
7660,5373,HARYANA,KARNAL,Islamnagar,4.0,2.84,77.1247410471903,29.890855149063107
7659,5373,HARYANA,KARNAL,Islamnagar,6.0,5.31,77.11425853242366,29.88281067588781
7658,5373,HARYANA,KARNAL,Islamnagar,1.5,1.22,77.11948974601029,29.87751267404046
6666,5373,HARYANA,KARNAL,Islamnagar,1.0,1.03,77.11777075847168,29.86877421960278
6665,5373,HARYANA,KARNAL,Islamnagar,1.0,0.97,77.11634699040646,29.86771102592308
6749,5433,PUNJAB,SANGRUR,Janal,11.0,14.16,75.90295849523841,30.045914249533016
6747,5433,PUNJAB,SANGRUR,Janal,5.0,3.98,75.93827711807637,30.07260608198208
19548,14569,HARYANA,KARNAL,Birchpur,2.0,1.39,76.9274234753299,29.610182201056375
19547,14569,HARYANA,KARNAL,Birchpur,4.0,3.96,76.90948825771231,29.606972705291746
6740,5428,PUNJAB,MUKTSAR,channu,10.0,10.22,74.60684804771988,30.11241344613024
6778,5452,PUNJAB,MUKTSAR,channu,6.0,5.87,74.58566293313899,30.086879664194782
6777,5452,PUNJAB,MUKTSAR,channu,9.1,9.09,74.59108893160015,30.1033319287798
19048,14280,PUNJAB,PATIALA,Rurki,10.0,9.91,76.57761035999563,30.331832649162145
5409,4330,PUNJAB,MANSA,Gazipur,2.0,1.93,76.1655668309123,30.21095552478187
6858,5513,PUNJAB,MUKTSAR,channu,3.0,3.02,74.58130032375385,30.100992147708823
6857,5513,PUNJAB,MUKTSAR,channu,20.8,23.93,74.59823964842285,30.095380700541327
6809,5478,PUNJAB,MUKTSAR,channu,3.32,3.52,74.58052570454561,30.100320963804965
6924,5567,HARYANA,SIRSA,Odhan,20.0,18.55,76.2191574837169,29.898623469512387
24844,20951,HARYANA,KURUKSHETRA,Bir kalwa,3.0,3.02,76.98044050233472,30.104788505415573
6928,5570,PUNJAB,MUKTSAR,channu,3.5,3.52,74.60460772704565,30.098679637510937
6821,5484,PUNJAB,FARIDKOT,Teacher colony,5.0,4.9,74.73925733143845,30.65268926482925
6925,5568,PUNJAB,MUKTSAR,Buttar sarien,8.0,8.37,74.68965768963156,30.346938860937204
6886,5535,PUNJAB,MUKTSAR,Bhalaiana,20.8,21.05,74.71550651398934,30.345839204077052
24446,20275,PUNJAB,MANSA,Khiali chahianwali,14.0,13.5,75.35959878440546,29.822038488157865
5849,4673,PUNJAB,PATIALA,daun kalan,22.0,16.87,76.47176334825387,30.40773196304056
7043,5667,PUNJAB,FAZILKA,Kalla tibba,23.0,23.87,74.22714914049061,30.087278300136795
7130,5735,PUNJAB,FAZILKA,Rajanwali,4.0,3.81,74.2485332330713,30.06989593944463
7009,5640,PUNJAB,MUKTSAR,channu,17.0,16.71,74.59727617301442,30.089596771650047
7010,5641,PUNJAB,MUKTSAR,channu,17.8,17.79,74.59515674086936,30.08690516674642
17887,13600,HARYANA,KARNAL,Nissing,50.0,49.74,76.75083325617256,29.708601528160003
24819,20903,HARYANA,KARNAL,Jani,35.0,35.16,76.89116114043442,29.619703734383496
17245,12006,PUNJAB,MUKTSAR,Nanakpura,17.082,17.15,74.41383482752877,30.39274730784291
17244,12006,PUNJAB,MUKTSAR,Nanakpura,37.786,37.92,74.42021453664495,30.389090611998448
19774,14731,HARYANA,YAMUNANAGAR,Khurdban,5.8,5.87,77.14167630932646,29.97214268137062
6321,5091,PUNJAB,LUDHIANA,Gobindgarh,10.0,7.72,75.60683376848965,30.59837705989054
24072,19745,HARYANA,YAMUNANAGAR,Harnouli,3.0,3.01,77.28253114473564,30.23012347115895
7191,5786,PUNJAB,MANSA,Bhawa,1.53,1.53,75.64417822586248,29.803037935775812
7190,5786,PUNJAB,MANSA,Bhawa,5.686,5.72,75.6454598726519,29.803838318356437
22127,16593,HARYANA,YAMUNANAGAR,Rulla kheri,6.3,6.19,77.22649585760067,30.176851552010653
8789,6784,HARYANA,KURUKSHETRA,Sunarian,7.0,6.19,76.9930315444002,30.098772339315197
7077,5692,PUNJAB,MANSA,Chak alisher,1.486,1.45,75.58793163280849,29.790208908473065
7076,5692,PUNJAB,MANSA,Chak alisher,4.361,4.44,75.62893671356191,29.777495327293742
1570,1317,HARYANA,SIRSA,Kumthal,35.0,44.42,74.79707484693611,29.42113371868442
1568,1317,HARYANA,SIRSA,Kumthal,18.0,16.41,74.76852411347589,29.452978681426945
7326,6054,HARYANA,KURUKSHETRA,Rawa,28.0,32.66,76.9082989251129,30.18084171179555
24933,21125,PUNJAB,MANSA,Bhamme khurd,10.0,9.43,75.37359068629205,29.85316303001742
24932,21125,PUNJAB,MANSA,Bhamme khurd,6.0,5.09,75.35244734299836,29.857679516206193
2273,1852,HARYANA,SIRSA,Rattakhera,3.0,2.59,74.80012301825155,29.469681848514675
2272,1852,HARYANA,SIRSA,Rattakhera,8.0,7.04,74.79816804504473,29.474051652288622
11586,8529,HARYANA,KAITHAL,Ahun,7.0,6.21,76.69795796858828,29.7904446333087
9017,6927,HARYANA,FATEHABAD,Phoolan,12.0,10.99,75.51577056779796,29.62215396581283
7331,6059,HARYANA,KURUKSHETRA,rawa,5.0,3.85,76.90500410918396,30.184707796228732
7293,6030,HARYANA,SIRSA,Chakerian,29.0,30.37,76.22333569575382,29.991102804906745
23093,17808,HARYANA,HISAR,Kalirawan,20.0,20.0,75.59514159444052,29.303207223788668
11763,8638,HARYANA,KARNAL,Gonder,11.5,11.32,76.73859537934679,29.65570549516032
24835,20939,HARYANA,SIRSA,Dhudhianwali,18.5,18.47,74.70735789852186,29.59137709645204
20050,14920,HARYANA,KARNAL,Shergarh,6.2,6.25,77.11232896122411,29.94107122288024
11909,8743,HARYANA,KAITHAL,Ahun,3.0,2.91,76.68206719513087,29.79146741361406
11908,8743,HARYANA,KAITHAL,Ahun,4.0,4.03,76.69674812527943,29.794262590185863
15183,10839,PUNJAB,FEROZEPUR,Mehma,15.8,15.3,74.55730221569176,30.88068769262135
20693,15414,HARYANA,YAMUNANAGAR,Rattangarh,3.0,3.18,77.19778518953882,30.07879069723944
22869,17258,HARYANA,KARNAL,Nissing,54.0,54.11,76.78350995112045,29.631158212932956
25170,21459,HARYANA,SIRSA,Nezadela khurd,12.0,11.13,75.06393380716922,29.59704898424207
13156,9576,HARYANA,KARNAL,Gonder,34.0,31.91,76.79397929250989,29.84853191758707
26250,22980,PUNJAB,LUDHIANA,Sowaddi,20.0,19.63,75.59545330911479,30.85869947513394
26249,22980,PUNJAB,LUDHIANA,Sowaddi,71.0,75.53,75.60076497516235,30.885627755907738
26248,22980,PUNJAB,LUDHIANA,Sowaddi,13.0,12.4,75.58650728774595,30.88731874198842
26247,22980,PUNJAB,LUDHIANA,Sowaddi,8.0,7.88,75.5899521642205,30.876211911231092
10400,7798,PUNJAB,MUKTSAR,sahib chand,4.0,3.84,74.695852302384,30.3089101996376
10399,7798,PUNJAB,MUKTSAR,sahib chand,16.0,16.3,74.68862291684194,30.30950942188928
26212,22947,HARYANA,YAMUNANAGAR,Khandwa,12.0,12.21,77.26397815111801,30.0867611476487
22059,16537,HARYANA,KAITHAL,Munerheri,25.5,25.63,76.64097527114113,29.73923888661128
16291,11489,HARYANA,KAITHAL,Pharal,12.0,11.97,76.6171354289443,29.831327792076426
26154,22836,PUNJAB,LUDHIANA,Barsal,14.0,13.2,75.53604809849276,30.873070827131713
10385,7788,HARYANA,KARNAL,Guniyana,8.0,6.49,76.69547126345763,29.71688452319423
16496,11610,PUNJAB,MUKTSAR,Jassana,17.454,17.34,74.51417755179536,30.573179796770837
16495,11610,PUNJAB,MUKTSAR,Jassana,24.798,24.79,74.52452816715719,30.566857891279085
7071,5689,PUNJAB,MANSA,Chak alisher,10.224,10.25,75.61122742537277,29.774355788473983
25378,21788,HARYANA,KURUKSHETRA,Bhartauli,15.0,15.02,77.04709925310388,30.102217963481387
13292,9657,PUNJAB,LUDHIANA,Kannian,8.0,9.43,75.41859018676172,30.959782016551387
13291,9657,PUNJAB,LUDHIANA,Kannian,4.0,3.94,75.42119921170053,30.96110704676149
5761,4607,PUNJAB,PATIALA,baran,25.0,15.18,76.41153075940049,30.40000502341924
18918,14202,HARYANA,KAITHAL,Sagroli,11.0,10.74,76.63888660813248,29.820826916973328
24974,21210,HARYANA,FATEHABAD,Tamaspura,18.0,16.89,75.48386519419044,29.606756245293845
15356,10928,HARYANA,KAITHAL,Ahun,3.0,2.88,76.69243158921897,29.791547113494858
1360,1149,PUNJAB,MANSA,Kalipur,3.0,3.01,75.53826312496456,29.890357230759083
11949,8774,PUNJAB,BARNALA,barnala,36.0,36.64,75.51465840696859,30.37389284352422
25885,22456,HARYANA,KAITHAL,Kaul,11.0,11.07,76.67579062730148,29.820804876004637
25884,22456,HARYANA,KAITHAL,Kaul,15.0,15.12,76.68057073290268,29.825170073279494
25883,22456,HARYANA,KAITHAL,Kaul,20.0,19.92,76.68163355102227,29.828037634695175
20053,14923,HARYANA,KARNAL,Shergarh,8.0,8.11,77.11901153602662,29.935738469442935
20051,14923,HARYANA,KARNAL,Shergarh,5.0,5.09,77.11902777653498,29.932631697092216
25164,21451,HARYANA,SIRSA,Sadewala,4.0,3.72,74.70086439779374,29.597569383063338
19902,14835,PUNJAB,MUKTSAR,Abul Khurana,3.828,3.8,74.55374239449014,30.12663272482267
19901,14835,PUNJAB,MUKTSAR,Abul Khurana,9.193,9.17,74.5495673201379,30.121674273709942
19900,14835,PUNJAB,MUKTSAR,Abul Khurana,11.685,11.7,74.54440402010879,30.12523856362303
8786,6697,HARYANA,KURUKSHETRA,Chalondi,6.0,6.85,77.10300039100497,29.98478376576078
24836,20942,HARYANA,SIRSA,Dhudhian wali,18.5,16.46,74.70735528645501,29.588804089040657
16865,11812,PUNJAB,MUKTSAR,Abul khurana,1.8,1.79,74.55208204345936,30.139064121375633
16864,11812,PUNJAB,MUKTSAR,Abul khurana,11.0,11.17,74.55881542529225,30.1315164608819
11554,8514,HARYANA,SIRSA,Talwara khurd,10.0,9.41,74.64917411624046,29.499906878425097
24856,20970,HARYANA,FATEHABAD,Munshiwali,11.0,10.99,75.59197844563059,29.67180088315012
24855,20970,HARYANA,FATEHABAD,Munshiwali,30.0,29.19,75.5930791998907,29.6690546377357
11594,8533,HARYANA,KURUKSHETRA,Kanthala Khurd,60.0,60.73,76.76962935750467,29.942453721246903
11593,8533,HARYANA,KURUKSHETRA,Kanthala Khurd,15.5,15.34,76.7767712747211,29.938391632963647
11592,8533,HARYANA,KURUKSHETRA,Kanthala Khurd,37.0,36.85,76.77755278737003,29.93226362818627
24782,20842,HARYANA,SIRSA,Nagoki,15.0,14.71,75.1240699173491,29.65140699708182
25563,22020,PUNJAB,BARNALA,Dhaner,11.3,11.29,75.51715167958949,30.566622045390087
4282,3401,HARYANA,SIRSA,Dumdma,15.0,15.14,74.66360124769777,29.566392667486205
14161,10212,HARYANA,KAITHAL,Ahun,18.0,13.77,76.66935502755017,29.777798786607743
11994,8799,HARYANA,KARNAL,Kapoor nagar,25.0,23.77,76.76595088586993,29.629060540467737
5855,4678,HARYANA,KARNAL,BUDHPUR,10.0,8.26,76.78742596436575,29.86490830174563
14588,10478,HARYANA,KURUKSHETRA,Barout,15.5,15.23,77.02280722659467,29.94972935842589
24943,21162,HARYANA,KURUKSHETRA,Seonsar,52.0,54.97,76.49570576965833,30.00646862709639
20923,15551,HARYANA,KARNAL,Brass,25.0,25.24,76.69336761288002,29.71966695787612
14189,10231,HARYANA,FATEHABAD,Ratia,7.0,7.06,75.54315094512268,29.688991885615813
7195,5788,PUNJAB,MUKTSAR,Sukhan abluo,13.518,12.0,74.64346476287065,30.342273473455556
26386,23130,PUNJAB,MANSA,Fatta  maloka,7.0,7.3,75.29139159612654,29.77004541070736
26385,23130,PUNJAB,MANSA,Fatta  maloka,10.0,9.86,75.30850313488375,29.756595666049098
25035,21285,HARYANA,KURUKSHETRA,Ram nager,10.0,10.23,76.96979836609425,30.083867638758814
11751,8629,HARYANA,KAITHAL,Ahun,5.0,4.8,76.70134077413465,29.787923377874783
20897,15537,HARYANA,KURUKSHETRA,Chhapra,1.2,1.24,77.06286655956579,30.087341086853183
20896,15537,HARYANA,KURUKSHETRA,Chhapra,1.7,1.74,77.06188631195637,30.090563141427992
26211,22946,HARYANA,YAMUNANAGAR,Khandwa,20.0,20.28,77.25216366165479,30.075569560524023
26210,22946,HARYANA,YAMUNANAGAR,Khandwa,30.0,29.78,77.2573636008541,30.07954453702102
17944,13635,PUNJAB,FEROZEPUR,Va,32.9,31.12,74.69217974484202,30.836863410561516
17943,13635,PUNJAB,FEROZEPUR,Va,26.0,29.85,74.68776925365619,30.832665380885047
7329,6057,HARYANA,FATEHABAD,Mankpur,12.0,12.01,75.38571794089171,29.605201491248728
20839,15498,HARYANA,KURUKSHETRA,Chhapra,4.2,4.22,77.06798644305694,30.088046174336743
25107,21356,HARYANA,KARNAL,Bastli,15.0,15.06,76.71369771146165,29.732239904078806
1944,1605,HARYANA,SIRSA,Himayun Khera,14.0,14.87,74.78109526804478,29.47912826982705
25285,21685,HARYANA,KURUKSHETRA,Kharindwa,3.0,3.13,76.9362622355906,30.116928108148997
8143,6338,HARYANA,KURUKSHETRA,Torea,14.0,13.79,76.88164608162006,30.10920665785268
8142,6338,HARYANA,KURUKSHETRA,Torea,4.0,4.09,76.8795814804334,30.110088290117517
25139,21433,HARYANA,KURUKSHETRA,Sanghaur,23.0,23.17,77.03810473007428,30.109648651923933
20676,15402,HARYANA,YAMUNANAGAR,Rattangarh,4.4,4.18,77.19469356818922,30.087825588757305
20674,15402,HARYANA,YAMUNANAGAR,Rattangarh,5.5,5.62,77.19199472295901,30.08919990176324
25032,21282,HARYANA,KURUKSHETRA,Ram nager,8.0,8.18,76.94079072271339,30.068902570555608
19213,14366,HARYANA,YAMUNANAGAR,Mansurpur,8.7,8.55,77.1410048640678,30.07921335922175
19212,14366,HARYANA,YAMUNANAGAR,Mansurpur,6.0,5.65,77.14273394900327,30.078259296443363
26305,23057,PUNJAB,BARNALA,Gehal,6.5,6.61,75.44081996556292,30.560563701353413
26304,23057,PUNJAB,BARNALA,Gehal,3.5,3.8,75.45266837341104,30.55041273001688
26303,23057,PUNJAB,BARNALA,Gehal,3.0,3.12,75.46189271020972,30.533464939739865
26302,23057,PUNJAB,BARNALA,Gehal,4.5,4.7,75.44410794201224,30.535582328731675
26301,23057,PUNJAB,BARNALA,Gehal,10.5,10.75,75.44697750778187,30.533867638408836
9131,7001,PUNJAB,FAZILKA,Rajawali,26.0,27.91,74.25607103731144,30.073555645394805
19510,14539,PUNJAB,BARNALA,dhanaula,66.0,66.37,75.57444054780655,30.348484248506168
11741,8622,PUNJAB,MUKTSAR,Buttar sharinh,14.202,13.88,74.68561755546651,30.35046007755802
19657,14646,HARYANA,KURUKSHETRA,Khanpur,42.0,42.73,76.7515673900519,29.931026490347335
14218,10254,HARYANA,FATEHABAD,Bigad,41.0,39.49,75.45087102715702,29.46333541120553
26152,22833,PUNJAB,BATHINDA,Chak Bakhtu,4.0,3.75,75.13359650559471,30.19736587743243
26151,22833,PUNJAB,BATHINDA,Chak Bakhtu,15.0,14.69,75.13364270987067,30.19536737602464
26150,22833,PUNJAB,BATHINDA,Chak Bakhtu,5.0,5.25,75.131937584537,30.186732549359892
10388,7790,PUNJAB,BARNALA,karamgarh,19.0,19.27,75.59707128694463,30.411113821746127
17059,11908,PUNJAB,BARNALA,kheri,60.0,52.18,75.67879710194875,30.453431753895444
17803,13545,PUNJAB,FEROZEPUR,Bhane wala,35.6,36.36,74.56835570198106,30.98309376890449
23888,19261,HARYANA,YAMUNANAGAR,Khandwa,1.5,1.37,77.25360317612068,30.085183031980645
25140,21435,HARYANA,KURUKSHETRA,Sanghaur,30.0,29.38,77.03980441111204,30.113356622211565
22022,16507,HARYANA,KURUKSHETRA,Sanghaur,16.0,16.23,77.03075347418438,30.114544648551757
20334,15131,HARYANA,KARNAL,Budanpur,1.5,1.47,76.89560513330719,29.599058228127145
20333,15131,HARYANA,KARNAL,Budanpur,7.5,5.17,76.89936215055586,29.60113340859883
23552,18652,HARYANA,KAITHAL,Khanoda,14.0,14.32,76.53344039560687,29.84392415042535
15355,10927,HARYANA,KAITHAL,Ahun,2.5,2.62,76.69230489643861,29.79057188056766
8598,6654,HARYANA,KURUKSHETRA,Jurashi kalan,15.0,15.16,76.57399894396455,30.01860194537132
25230,21577,HARYANA,KURUKSHETRA,Muha kheri,3.0,3.19,77.0347363497337,30.09838911894824
5265,4185,HARYANA,KURUKSHETRA,Kamoda,20.0,15.86,76.72742854923375,29.93251284481509
12697,9291,HARYANA,KARNAL,Gonder,85.0,84.7,76.74112289773399,29.758219885687204
13260,9635,HARYANA,KURUKSHETRA,Barna,26.0,26.69,76.74757236043041,29.924755026528413
13259,9635,HARYANA,KURUKSHETRA,Barna,44.0,43.94,76.7461733394661,29.91869128007809
13258,9634,PUNJAB,MUKTSAR,Lohara,10.438,8.54,74.6527421935797,30.357819716762048
26246,22979,HARYANA,SIRSA,Narel khera,10.0,8.89,75.24069496279908,29.5410688794671
21619,16139,HARYANA,KURUKSHETRA,Brahan,25.0,24.01,77.01555107299404,29.98027016085037
15370,10938,HARYANA,KURUKSHETRA,Murtzapur,9.0,8.62,76.66232219292192,29.971181774610525
8311,6448,HARYANA,KURUKSHETRA,Thana,52.0,55.51,76.49857287719416,29.94080572248194
8310,6448,HARYANA,KURUKSHETRA,Thana,16.0,15.58,76.4915592655777,29.93643263060802
8309,6448,HARYANA,KURUKSHETRA,Thana,12.0,10.86,76.49410344813941,29.937216325341353
21330,15888,HARYANA,FATEHABAD,Bigad,15.0,14.91,75.47995465691858,29.44972529020303
23186,17931,HARYANA,KAITHAL,Kakhedi,5.0,4.58,76.38791234114454,29.97799019211109
6622,5333,PUNJAB,BARNALA,sanghera,11.0,10.81,75.58763988265031,30.397777152820854
20238,14675,HARYANA,FATEHABAD,Dhand,20.0,18.97,75.46059541560064,29.462142457625745
19699,14675,HARYANA,FATEHABAD,Dhand,12.0,12.0,75.46076133174331,29.399264662735245
6367,5127,PUNJAB,LUDHIANA,Gobindgarh,8.0,9.14,75.58224711784963,30.604239476941935
21345,15912,HARYANA,KARNAL,Bhushli,1.0,1.18,76.9530719415101,29.608679426876673
21344,15912,HARYANA,KARNAL,Bhushli,2.5,1.8,76.95984986186083,29.61139053762613
890,779,HARYANA,SIRSA,Bhangu,15.0,14.66,75.00255344290935,29.670126763134363
7962,6229,HARYANA,KURUKSHETRA,Sarsa,2.0,1.94,76.68480288504892,29.926751664913244
7961,6229,HARYANA,KURUKSHETRA,Sarsa,24.0,22.23,76.68377697477945,29.9248239407988
7959,6229,HARYANA,KURUKSHETRA,Sarsa,14.0,13.82,76.68560718506176,29.921814237308993
1353,1142,PUNJAB,MANSA,Kalipur,3.75,3.93,75.55318533666585,29.901349205700015
1352,1142,PUNJAB,MANSA,Kalipur,5.0,4.26,75.55164379828089,29.90043855237184
17314,12045,HARYANA,KAITHAL,Ahun,4.5,4.41,76.69712087477672,29.786766537347837
17313,12045,HARYANA,KAITHAL,Ahun,9.5,9.27,76.69185307413066,29.78885698929856
25367,21781,HARYANA,KURUKSHETRA,Mangoli jattan,10.0,10.23,77.0472483789538,30.11451410030597
24707,20738,HARYANA,KURUKSHETRA,Bhaled,3.0,2.4,77.03675785007876,30.02510517448904
24706,20738,HARYANA,KURUKSHETRA,Bhaled,12.7,12.62,77.03625392556751,30.027835566178524
24705,20738,HARYANA,KURUKSHETRA,Bhaled,17.0,16.69,77.0306621715713,30.03290564159099
23525,18638,HARYANA,KARNAL,Jani,5.0,4.23,76.90186318562141,29.60820579173298
7302,6034,PUNJAB,MUKTSAR,channu,4.0,3.85,74.60175666537063,30.09953461479648
7301,6034,PUNJAB,MUKTSAR,channu,14.0,13.72,74.59930559778515,30.099513803275357
5859,4681,HARYANA,KARNAL,Bhudpur,13.0,10.44,76.7826633229708,29.86490741745357
14259,10278,PUNJAB,MUKTSAR,Lohara,14.252,13.81,74.65609416679692,30.37536479868749
14258,10278,PUNJAB,MUKTSAR,Lohara,3.155,3.15,74.6423246241056,30.35914601821308
14947,10703,PUNJAB,MUKTSAR,Ram garh,2.0,1.92,74.40323222784853,30.488496747963048
26406,23172,PUNJAB,BARNALA,Moom,6.2,6.06,75.49530626786657,30.572034125068456
25682,22197,HARYANA,SIRSA,Khaja khera,9.0,8.37,75.01047985802363,29.50637526715305
25377,21787,HARYANA,KURUKSHETRA,Bhartauli,16.0,16.95,77.04952690807488,30.10631216566936
8818,6807,PUNJAB,BARNALA,amla singh wala,9.0,9.43,75.59045703197596,30.451011457887503
21131,15724,HARYANA,KURUKSHETRA,Karaha,27.0,27.25,76.49371388089517,30.057835019750723
26586,23411,HARYANA,SIRSA,Nezadela kalan,7.0,6.82,75.05589536168092,29.57584961249735
22643,17034,HARYANA,KARNAL,Sitamai,55.0,54.6,76.7933848752369,29.85427632447577
25524,21949,HARYANA,KURUKSHETRA,Mangoli jattan,11.0,10.85,77.03000610196753,30.124721076514497
26028,22628,HARYANA,YAMUNANAGAR,Panjupur,28.0,29.24,77.26530113362786,30.0943849953264
14185,10228,PUNJAB,BARNALA,Kalala,42.0,44.02,75.5284474242218,30.492952035056213
21150,15737,HARYANA,KARNAL,Nissing,42.0,42.28,76.73766968355338,29.68685503461404
4450,3518,HARYANA,SIRSA,Mallekan,12.0,11.13,74.89377167182961,29.422983821125538
12890,9412,HARYANA,KURUKSHETRA,Mukimpura,45.0,45.45,76.63923367598214,29.96636089120769
14797,10598,HARYANA,YAMUNANAGAR,Sangipur,2.9,2.93,77.11029750215795,30.00782478076067
26428,23187,PUNJAB,BATHINDA,Chak bakhtu,6.0,5.65,75.14303444755473,30.21290514822515
26427,23187,PUNJAB,BATHINDA,Chak bakhtu,2.2,2.22,75.14326088126117,30.209647379710344
26426,23187,PUNJAB,BATHINDA,Chak bakhtu,7.0,6.9,75.13397490994566,30.202129328619893
26425,23187,PUNJAB,BATHINDA,Chak bakhtu,12.0,11.37,75.13064357338881,30.198890461229077
26424,23187,PUNJAB,BATHINDA,Chak bakhtu,2.0,2.09,75.12642131355678,30.19431045542766
7299,6032,PUNJAB,MUKTSAR,channu,9.1,9.16,74.59659291696661,30.098090693323467
26149,22832,PUNJAB,BATHINDA,Chak Bakhtu,8.0,9.68,75.12827848629237,30.21042386765908
26148,22832,PUNJAB,BATHINDA,Chak Bakhtu,15.0,14.65,75.13213333463054,30.20695515883191
26147,22832,PUNJAB,BATHINDA,Chak Bakhtu,11.0,11.84,75.12779721562006,30.207612709926163
26146,22832,PUNJAB,BATHINDA,Chak Bakhtu,8.0,8.24,75.1274262713745,30.20369144351154
26145,22832,PUNJAB,BATHINDA,Chak Bakhtu,11.0,10.37,75.12908845672028,30.200970376605788
8393,6508,HARYANA,KURUKSHETRA,Sarsa,30.0,32.32,76.6763417189166,29.93559351482249
12892,9414,HARYANA,KURUKSHETRA,Mukimpura,30.0,29.2,76.63926708129067,29.962850851066904
10758,8027,PUNJAB,FARIDKOT,Bir sikhawala,37.0,38.1,74.84127209184498,30.615830345112528
26400,23166,PUNJAB,BATHINDA,Chak Bakhtu,3.0,3.02,75.14678476703084,30.210372943614903
26399,23166,PUNJAB,BATHINDA,Chak Bakhtu,4.5,4.25,75.14814211047141,30.207260797371976
26398,23166,PUNJAB,BATHINDA,Chak Bakhtu,4.5,4.58,75.14668591962888,30.20214878553526
26397,23166,PUNJAB,BATHINDA,Chak Bakhtu,7.5,7.54,75.14417739792508,30.202952337718266
26396,23166,PUNJAB,BATHINDA,Chak Bakhtu,7.5,7.56,75.14498766147803,30.204255737195485
21156,15739,HARYANA,FATEHABAD,Bigad,14.5,14.85,75.46435027838127,29.462166116894014
25531,21955,HARYANA,KURUKSHETRA,Bartholi,5.0,5.29,77.05083717866084,30.0971833142922
20906,15540,HARYANA,FATEHABAD,Ratakhera,40.0,39.24,75.5340044541425,29.66655336686204
15174,10832,HARYANA,KARNAL,Aogandh,74.0,73.51,76.8290812526569,29.66354643719741
25479,21914,HARYANA,SIRSA,Dhanoor,1.0,0.95,74.92085197210554,29.51467534161867
25485,21921,HARYANA,SIRSA,Bhambhoor,20.0,19.45,74.95431420996955,29.52296495504021
25484,21921,HARYANA,SIRSA,Bhambhoor,10.0,10.81,74.9180953826307,29.496379118763095
23281,18152,HARYANA,KURUKSHETRA,Khari sab delan,1.5,1.66,77.09064225109367,30.007754564138494
13577,9831,PUNJAB,BARNALA,thikriwala,44.0,40.61,75.51922261640132,30.440149784488685
16992,11871,HARYANA,FATEHABAD,Chankothi,15.0,15.2,75.45804931098617,29.629730679760755
26412,23178,HARYANA,FATEHABAD,Sahnal,3.5,3.29,75.58525593411551,29.630530718822964
26411,23178,HARYANA,FATEHABAD,Sahnal,28.0,27.33,75.586975602276,29.625749096752973
25625,22116,HARYANA,SIRSA,Khaja khera,14.5,16.31,75.26172427290919,29.545673145087303
25624,22116,HARYANA,SIRSA,Khaja khera,33.0,28.53,75.01309248924414,29.510544424116137
22037,16528,HARYANA,YAMUNANAGAR,Kail,4.2,4.33,77.24120835062311,30.190082308481184
22036,16528,HARYANA,YAMUNANAGAR,Kail,5.2,5.2,77.2480851924385,30.182167049891223
26358,23106,PUNJAB,MANSA,Fatta maloka,23.0,24.11,75.3175765796143,29.75801197110753
13336,9686,HARYANA,FATEHABAD,Fatehabad local,30.0,30.32,75.50327592254077,29.529258755858283
25620,22112,HARYANA,SIRSA,Khajakhera,15.0,14.6,75.01738983950462,29.513366667358905
19297,14411,HARYANA,KURUKSHETRA,Chhapra,1.7,1.7,77.06285707954653,30.088657290527067
13544,9813,HARYANA,YAMUNANAGAR,Ismailpur,4.0,3.98,77.17251573964836,30.120807171807307
11752,8630,HARYANA,KAITHAL,Ahun,5.5,5.66,76.69871610062225,29.786576306756004
1481,1255,PUNJAB,BATHINDA,Nathana,6.0,4.69,75.1210309539818,30.321136145225086
25987,22550,HARYANA,SIRSA,Khairkan,3.0,3.16,75.02993501880502,29.5959709633084
12559,9194,HARYANA,YAMUNANAGAR,Ghilour,11.0,11.14,77.08264064358288,30.069608601520976
12558,9194,HARYANA,YAMUNANAGAR,Ghilour,16.8,13.71,77.08099099929554,30.091922327591902
16676,11713,HARYANA,KURUKSHETRA,Rampura,5.5,5.51,76.69468564439217,29.983574793120173
7136,5741,PUNJAB,MUKTSAR,channu,6.2,6.29,74.5875846032271,30.08546717498636
21769,16262,HARYANA,KARNAL,Staundi,12.0,12.47,76.91306017080302,29.589092615449264
13572,9827,HARYANA,KURUKSHETRA,Tangaure,15.0,14.95,76.76333761346137,30.141273516706555
21752,16249,HARYANA,KURUKSHETRA,Jandheri,26.0,24.57,76.911370359612,30.155260313514923
25683,22199,HARYANA,SIRSA,Khaja khera,15.0,11.49,75.0150477960164,29.512359429195108
25729,22266,HARYANA,SIRSA,Bahauddin,45.0,50.09,75.20457065621827,29.542677267895392
16903,11830,HARYANA,KURUKSHETRA,Bakali,3.0,3.06,77.05468376777496,30.02141585362127
16902,11830,HARYANA,KURUKSHETRA,Bakali,2.5,2.43,77.05335332761055,30.021701674123737
25732,22268,HARYANA,KURUKSHETRA,Lohar Majra,15.5,15.35,76.7376605416231,29.950639642345447
13350,9697,HARYANA,FATEHABAD,Fatehabad local,23.0,23.39,75.50585668392739,29.50938079044464
13349,9697,HARYANA,FATEHABAD,Fatehabad local,47.0,43.19,75.50141478656016,29.51018512630337
9116,6991,HARYANA,KURUKSHETRA,Charuni jattan,5.0,4.82,76.85601148816986,30.102239970938736
13348,9696,HARYANA,KARNAL,Ramgarh,40.0,39.64,76.75072761743726,29.766543407564516
23500,18612,HARYANA,KURUKSHETRA,Chhawlan,46.0,44.2,76.71381583735865,29.986662923272124
21771,16264,HARYANA,KARNAL,Bijna,15.0,15.15,76.92687705984174,29.595405351793065
21743,16241,HARYANA,KURUKSHETRA,Madanpur,3.5,3.5,76.86617662373268,30.138314833892903
21741,16241,HARYANA,KURUKSHETRA,Madanpur,30.0,29.06,76.86011645809306,30.15750372200444
21740,16241,HARYANA,KURUKSHETRA,Madanpur,14.4,13.9,76.84937092966422,30.147777578857177
25801,22365,HARYANA,FATEHABAD,Pilchian,14.0,13.77,75.41831285133787,29.75933833080492
5719,4565,HARYANA,KURUKSHETRA,Balahi,10.0,10.88,76.76709759235918,30.00636583074765
25708,22227,HARYANA,KARNAL,Jalmana,55.0,55.1,76.6886331844631,29.59993053144006
7533,6191,PUNJAB,MANSA,Dharampura,19.555,19.6,75.65671230817702,29.832568379058365
20922,4581,HARYANA,KARNAL,Gonder,56.0,56.14,76.71608994674713,29.682603126369056
25486,21926,HARYANA,SIRSA,Bhambhoor,13.0,13.3,74.91827798741625,29.498845509805932
25736,22272,HARYANA,KURUKSHETRA,Mangoli jattan,9.0,8.76,77.04915399618632,30.12325603890849
25754,22297,PUNJAB,BARNALA,Dhaner,4.5,4.51,75.51309979664235,30.56312916341353
22381,16811,HARYANA,KARNAL,Kheri Maan singh,30.0,28.32,76.99798156311392,29.818968822622384
21776,16268,HARYANA,FATEHABAD,Mohammadpur rohi,7.0,6.42,75.55081479331707,29.464046279986395
21778,16270,HARYANA,KAITHAL,Habri,10.0,10.17,76.64307141888281,29.716756185234512
25720,22248,HARYANA,KARNAL,Barota,10.0,9.59,76.92742565771624,29.63028192995557
25719,22248,HARYANA,KARNAL,Barota,12.0,11.77,76.93728897472255,29.620881736884723
14337,10328,HARYANA,KARNAL,Gonder,41.0,40.56,76.66767043214641,29.69782515308003
21779,16271,HARYANA,KAITHAL,Habri,15.0,14.73,76.64929885885181,29.710661808485103
23558,18659,HARYANA,KURUKSHETRA,Jhinjarpur,48.5,48.43,76.72979300256107,29.88062099821715
25783,22344,HARYANA,KARNAL,Birchpur,9.0,8.65,76.92267018351005,29.614145458821476
25752,22295,PUNJAB,BARNALA,Dhaner,8.2,8.13,75.52010757837624,30.574395689849727
14338,10329,HARYANA,FATEHABAD,Bigad,43.5,43.05,75.45429041349507,29.465452705617356
21984,16455,HARYANA,KURUKSHETRA,Sanghour,12.0,12.09,77.02179819939624,30.111042622785416
21983,16455,HARYANA,KURUKSHETRA,Sanghour,7.0,7.15,77.02330025012262,30.108192434983735
21780,16272,HARYANA,KAITHAL,Habri,20.0,20.45,76.64609509343474,29.71251074640284
25608,22100,HARYANA,KARNAL,Khukhani,12.0,12.76,77.17732978908882,29.94973733657746
19887,14822,HARYANA,KURUKSHETRA,Karah,28.0,27.56,76.49731518397866,30.04697048144796
25864,22443,PUNJAB,BARNALA,Chinniwal khurd,15.0,15.4,75.45325777256778,30.58593750269214
7271,6011,HARYANA,KARNAL,Bansa,6.0,6.1,76.82494691500388,29.61802206628062
7371,6088,PUNJAB,MUKTSAR,channu,16.1,16.16,74.59422769247686,30.093662091390893
7262,6006,HARYANA,KURUKSHETRA,rawa,20.0,19.35,76.92157578743405,30.184177413243376
22223,16659,HARYANA,KARNAL,Nathauri,4.0,3.96,77.13966632660677,29.923286452451354
22222,16659,HARYANA,KARNAL,Nathauri,2.0,1.94,77.13675036683624,29.933220477241157
26415,23181,HARYANA,YAMUNANAGAR,Nagal,20.0,20.14,77.25848826251048,30.072925602738906
21787,16276,HARYANA,FATEHABAD,Pirthala,7.5,7.31,75.86236237109811,29.629534694866663
21786,16276,HARYANA,FATEHABAD,Pirthala,22.0,21.75,75.85785302653879,29.62362374589548
25573,22025,HARYANA,SIRSA,Kelnian,42.0,37.86,74.96252511777634,29.53272537746185
12949,9454,HARYANA,FATEHABAD,Haroli,15.0,15.32,75.45949675768556,29.63146244794255
6914,5558,PUNJAB,MUKTSAR,Buttar sarien,11.0,11.23,74.69941488953623,30.36153367671162
17188,11976,HARYANA,KURUKSHETRA,Kainthal khurd,6.0,6.8,76.7847103157871,29.94009673536907
15438,10975,HARYANA,SIRSA,Mangala,40.0,40.15,74.94977026133928,29.484047596938943
23950,19452,HARYANA,FATEHABAD,Ayalki,8.0,7.85,75.4849887597655,29.57997663925591
21798,16278,HARYANA,KARNAL,Gonder,50.0,50.13,76.75917795279425,29.59918033372461
19631,14624,HARYANA,KURUKSHETRA,Bapdi,1.0,0.98,77.08151345452495,29.965598506897003
22156,16614,HARYANA,FATEHABAD,Mohammad pur rohi,7.0,7.44,75.57645137592345,29.46860497662163
22153,16614,HARYANA,FATEHABAD,Mohammad pur rohi,19.6,17.26,75.57328291140284,29.462227296090056
25634,22123,HARYANA,KARNAL,Khukhni,12.0,11.14,77.17803000883907,29.947974386397444
23283,18153,HARYANA,KURUKSHETRA,Jandhara,15.0,15.22,77.12136064741449,29.996853549264156
23282,18153,HARYANA,KURUKSHETRA,Jandhara,11.0,11.08,77.11538732745348,29.992957626386055
8419,6525,PUNJAB,BARNALA,karamgarh,10.0,11.86,75.61999493150698,30.427049235998048
8322,6456,HARYANA,KARNAL,Alipur Viran,13.0,15.61,76.79514525738193,29.64976797101609
8576,5161,HARYANA,KURUKSHETRA,janpur,10.0,8.08,77.03283423655039,29.964889799560627
8366,6486,PUNJAB,MUKTSAR,Sukhan abulo,7.534,7.75,74.64798503101011,30.33503784465448
8498,6583,HARYANA,KURUKSHETRA,Arnecha,9.0,9.53,76.58795772412036,29.935002774924666
17670,13475,HARYANA,KURUKSHETRA,Berthala,6.0,5.84,76.98050086305123,30.136262314316586
8437,6538,PUNJAB,BARNALA,karamgarh,11.0,12.47,75.63301063885149,30.413016395224
8553,6619,PUNJAB,FAZILKA,Ramsraa,5.0,4.03,74.20686900490428,30.05342068245382
8469,6562,PUNJAB,MANSA,Gandu khurd,19.778,19.64,75.5475417406799,29.790022963475703
8489,6576,PUNJAB,MUKTSAR,Sukhan abulo,8.366,7.92,74.64158025177197,30.352358730045044
8565,6630,PUNJAB,MANSA,Birewala dogran,26.09,25.91,75.62166362707809,29.762082966932994
8287,6432,HARYANA,KURUKSHETRA,Kheri brahmanan,3.0,3.18,76.844872758487,29.93823139586876
6452,5192,PUNJAB,MANSA,Khiwa dialuwala,6.3,6.29,75.56039247249849,30.145281784643313
7005,5636,PUNJAB,FARIDKOT,Kamiana,6.0,5.62,74.73976043037887,30.64613043930455
23200,18025,HARYANA,FATEHABAD,Ratakhera,22.5,21.7,75.54114735561994,29.672042371619735
8635,6679,PUNJAB,MUKTSAR,Lohara,13.453,10.34,74.6599831303611,30.3526901462512
23100,17824,HARYANA,KARNAL,Budanpur,13.0,12.42,76.90496031571692,29.592223248770317
8889,6850,PUNJAB,BARNALA,amla singh wala,5.0,4.85,75.5899611387664,30.431789192257636
22265,16708,HARYANA,KARNAL,Sakhpura,40.0,37.81,76.75491779230258,29.593157965617603
26018,22619,HARYANA,SIRSA,Nezadela kalan,27.0,25.81,75.07901957589912,29.566287299122703
26017,22619,HARYANA,SIRSA,Nezadela kalan,21.0,20.32,75.07313597147696,29.567521695562704
8601,6657,HARYANA,FATEHABAD,Pilchhian,24.0,22.26,75.41866818392833,29.793575698604407
8485,6573,PUNJAB,FAZILKA,Azimgarh,12.0,12.34,74.22425474155764,30.117504734921415
8835,6818,PUNJAB,MANSA,Reond kalan,13.621,13.71,75.56820356882227,29.776162281501325
19300,14414,HARYANA,KAITHAL,Sach,8.5,8.58,76.66210687012192,29.73403819928175
24769,20825,HARYANA,KURUKSHETRA,Lukhi,30.0,29.85,76.72664167571429,30.052513409027817
8784,5139,HARYANA,KURUKSHETRA,baderpur,16.0,16.75,77.09590458525278,29.96641987705944
6382,5139,HARYANA,KURUKSHETRA,baderpur,5.0,4.82,77.09587176733288,29.962639615973288
8854,6830,HARYANA,KURUKSHETRA,Guldera,52.0,44.56,76.51630955205695,29.94666488935992
8925,6876,HARYANA,KURUKSHETRA,Sarswati khera,4.0,4.49,76.60507323144414,30.00508894892976
8924,6876,HARYANA,KURUKSHETRA,Sarswati khera,12.0,12.76,76.60669368950623,29.99734671161096
8922,6876,HARYANA,KURUKSHETRA,Sarswati khera,18.0,18.47,76.59698644690454,30.01210323840461
9016,6926,HARYANA,FATEHABAD,Phoolan,3.0,2.41,75.51763053780819,29.6202549432041
25710,22235,HARYANA,KARNAL,Khukhni,17.0,16.91,77.16592639103763,29.954471882496065
8803,6796,PUNJAB,MUKTSAR,Bhalaiana,7.765,7.65,74.72010945625384,30.330087395922913
23137,17868,HARYANA,KURUKSHETRA,Diwana,70.0,69.1,76.45802014916119,30.065067169749575
25643,22155,HARYANA,KARNAL,Bazida,20.0,18.5,76.95971805902465,29.623665428106744
6638,5349,HARYANA,KARNAL,Tusang,1.0,0.93,77.1118114438566,29.88462685969804
25986,22549,HARYANA,SIRSA,Mohammadpur Salarpur,19.0,18.07,74.9769717175506,29.480490768703937
25985,22549,HARYANA,SIRSA,Mohammadpur Salarpur,46.0,44.57,74.97205103578337,29.4830494236816
13851,10018,HARYANA,FATEHABAD,Lahli,25.0,23.84,75.5181082851474,29.6840928698029
9167,7025,HARYANA,KURUKSHETRA,Bakhli,13.0,10.33,76.5080252572766,30.020901278103217
9399,7188,HARYANA,KAITHAL,Kharkra,4.0,4.38,76.29321413052598,29.966972641551777
12244,8983,HARYANA,KURUKSHETRA,Barwa,4.5,4.39,76.76811786944477,29.927491120486515
12243,8983,HARYANA,KURUKSHETRA,Barwa,9.0,8.9,76.76740806030735,29.929148988209946
12242,8983,HARYANA,KURUKSHETRA,Barwa,19.0,20.17,76.75584791110818,29.90985196285597
25973,22540,HARYANA,KURUKSHETRA,Mangoli jattan,13.0,12.67,77.04500154577595,30.119697832555584
19935,14859,HARYANA,KURUKSHETRA,Sunarion,19.4,16.91,77.0020976000458,30.113514948653293
22260,16703,HARYANA,KARNAL,Bijna,4.0,3.66,76.92472633723737,29.59510229826269
22259,16703,HARYANA,KARNAL,Bijna,8.0,7.6,76.9408546964285,29.59780264961704
6183,4985,PUNJAB,PATIALA,Fatehgarh chhana,19.0,20.56,76.08595144876455,30.20293852634218
26401,23167,PUNJAB,BATHINDA,Chak bakhtu,5.0,5.36,75.14249905370326,30.202530242356737
7012,5643,PUNJAB,FARIDKOT,Machaki mall singh,26.0,24.29,74.74042887863948,30.604331353479836
9590,7309,PUNJAB,MUKTSAR,Buttar sharinh,8.512,8.52,74.6821217377234,30.35361393036998
14341,10331,HARYANA,FATEHABAD,Ratakhera,19.0,18.88,75.51121447828834,29.675133679772348
14916,10683,HARYANA,KURUKSHETRA,Khera singh pura,14.0,13.93,76.69216743633567,29.948312015067945
9598,7315,HARYANA,KARNAL,Nissing,27.0,25.48,76.72236070830152,29.716923694564414
9605,7319,HARYANA,KURUKSHETRA,Ratan garh kikrali,13.0,13.3,76.45355898105203,30.018803449141465
9777,7433,PUNJAB,MUKTSAR,Shahid chand,11.0,10.31,74.69771592236897,30.294533650415463
26423,23186,HARYANA,YAMUNANAGAR,Nagal,17.0,15.46,77.26410910965294,30.07142902610258
13106,9539,HARYANA,YAMUNANAGAR,Sarawi,8.0,8.49,77.20498524771288,30.335774072896125
22137,16609,HARYANA,FATEHABAD,Mohammad pur rohi,4.5,4.65,75.58434210550213,29.46659113355135
9868,7493,HARYANA,KARNAL,Gonder,20.0,16.19,76.7212307988052,29.663168592186185
22361,16794,HARYANA,KURUKSHETRA,Bukhari,21.0,21.67,76.96124891776363,30.0940942231677
22157,16615,HARYANA,KAITHAL,Sakra,24.0,20.82,76.697689608628,29.81335450983331
9998,7585,PUNJAB,FARIDKOT,Sikhawala,10.0,10.53,74.8361853062256,30.617730581878416
24969,21205,HARYANA,KURUKSHETRA,Phalsanda jattan,5.0,5.08,77.01091709906376,30.119303113005873
24143,16549,HARYANA,KURUKSHETRA,Peshwa Local,4.5,4.58,75.29252434030772,29.396000570361863
22077,16549,HARYANA,KURUKSHETRA,Peshwa Local,45.0,41.61,76.58459622350092,30.00492093482637
26051,22665,PUNJAB,LUDHIANA,Maan,11.0,10.91,75.55042894493606,30.819047989388217
26405,23171,PUNJAB,BARNALA,Moom,7.0,7.16,75.48155838961878,30.558875906358654
22144,16611,HARYANA,FATEHABAD,Bara,9.0,8.39,75.61888977146772,29.717123808705924
6765,5444,PUNJAB,MUKTSAR,channu,3.17,3.1,74.59567358820368,30.09869152669259
25800,22364,HARYANA,FATEHABAD,Pilchian,29.0,26.57,75.42461228995771,29.759510778423255
8233,6398,HARYANA,SIRSA,Jalalana,32.0,29.63,76.24609980145279,29.9058632357692
9993,7583,HARYANA,KURUKSHETRA,Bichgawah,1.5,1.45,76.77749972876805,30.01171055374353
7363,6082,HARYANA,KURUKSHETRA,Balahi,24.0,26.61,76.74911233749398,29.992981698853697
18549,13981,HARYANA,KURUKSHETRA,Yara,13.0,12.98,76.9414123710526,30.131565893213736
19838,14766,HARYANA,KURUKSHETRA,Berthala,16.0,15.34,76.9724783885475,30.13382267772817
22258,16702,HARYANA,KARNAL,Bijna,3.5,3.33,76.9251861500445,29.60202747962572
22257,16702,HARYANA,KARNAL,Bijna,7.0,6.66,76.93875431250981,29.598474507809765
22380,16810,HARYANA,KARNAL,Sakhpura,51.0,50.06,76.75760854354601,29.591355138876352
14951,10551,HARYANA,KURUKSHETRA,Garhi Roran,15.0,15.02,76.7236127905282,29.96212368802119
14717,10551,HARYANA,KURUKSHETRA,Garhi Roran,8.0,8.21,76.72935341420418,29.966883142931913
12308,9029,HARYANA,YAMUNANAGAR,Rattangarh,3.5,3.4,77.19345091099018,30.07979227495794
13382,9717,HARYANA,KURUKSHETRA,Mukarpur,17.0,17.03,76.92457264304079,29.997706325163357
23076,17791,HARYANA,PALWAL,Kashipur,3.61,3.55,77.525528092959,28.068207389996303
23075,17791,HARYANA,PALWAL,Kashipur,5.24,5.27,77.52695370963721,28.07008411754084
23074,17791,HARYANA,PALWAL,Kashipur,5.37,5.4,77.52893520493926,28.072379242938847
23073,17791,HARYANA,PALWAL,Kashipur,2.44,2.28,77.5236515938199,28.07096836503053
23072,17791,HARYANA,PALWAL,Kashipur,5.48,5.56,77.52048825005797,28.054015281609487
23071,17791,HARYANA,PALWAL,Kashipur,40.41,40.62,77.51892921922041,28.058110493469812
7109,5721,PUNJAB,MANSA,Mander,3.158,3.11,75.67479820679056,29.834487439953445
7108,5721,PUNJAB,MANSA,Mander,6.312,6.08,75.6787839850083,29.83081006709546
23645,18861,HARYANA,KARNAL,Alipur,41.0,41.52,76.7977221302024,29.645100054990284
12312,9032,HARYANA,YAMUNANAGAR,Rattangarh,3.0,2.7,77.19924369762637,30.08228130750583
13383,9718,HARYANA,KURUKSHETRA,Mukarpur,20.0,19.45,76.92708951560728,29.998578079293143
14504,10425,HARYANA,KURUKSHETRA,Bhor Saidan,12.0,12.12,76.70486527297972,29.96462423618976
10715,8000,PUNJAB,BATHINDA,Deon,6.5,6.45,74.80998515052136,30.244880534854143
25888,22459,HARYANA,KARNAL,Jani,13.0,13.14,76.91071149392772,29.623149559530724
9482,7237,PUNJAB,BARNALA,bhadalwad,16.0,15.6,75.56123354611361,30.4280765353014
22941,17344,HARYANA,KURUKSHETRA,Saina saidan,34.0,33.71,76.55427476389168,30.028130897644836
23447,18512,HARYANA,KURUKSHETRA,Gharadsi,15.5,15.26,76.69056023292673,29.90783610359338
23446,18512,HARYANA,KURUKSHETRA,Gharadsi,42.0,42.1,76.69567105438588,29.90996243572732
11409,8421,HARYANA,YAMUNANAGAR,Daulatpur,3.0,2.94,77.11116150833222,30.09423467187324
10520,7863,HARYANA,FATEHABAD,Nagpur,30.0,29.96,75.40449100084905,29.67848534440009
21773,16266,HARYANA,FATEHABAD,Mohammad pur rohi,13.0,12.72,75.59231735283704,29.45460741137824
22143,16610,HARYANA,FATEHABAD,Bara,23.0,23.36,75.63192901760092,29.717224407693973
22142,16610,HARYANA,FATEHABAD,Bara,16.6,16.56,75.62730868913526,29.719942727291585
14560,10457,HARYANA,KAITHAL,Ahun,7.0,7.13,76.67006536617077,29.785683327383513
14559,10457,HARYANA,KAITHAL,Ahun,8.0,7.77,76.67603309934309,29.79288005928692
13734,9935,PUNJAB,MUKTSAR,Lohra,8.699,8.51,74.66194448306406,30.3623476423433
6742,5430,PUNJAB,MUKTSAR,channu,3.3,3.43,74.61685201817727,30.116465474807175
6926,5569,HARYANA,SIRSA,Nuhiyawali,8.5,6.97,76.22148045635734,29.89810081294628
18462,13923,HARYANA,FATEHABAD,Haroli,9.2,9.12,75.47571909176989,29.655204812365454
15119,10798,PUNJAB,MUKTSAR,sukhna abulo,5.512,5.71,74.63549782428181,30.353852080712795
21465,16013,HARYANA,KURUKSHETRA,Barounda,6.5,6.56,77.05014595820954,29.96173331020646
4716,3735,HARYANA,SIRSA,Morivala,10.0,9.62,75.15286338799999,29.52200956957546
24027,19595,HARYANA,KURUKSHETRA,Jakhwala,49.0,48.58,76.56550676987437,30.07556001184968
12728,9312,HARYANA,KAITHAL,Balwanti,11.0,11.2,76.46983373375056,29.888070269949267
12727,9312,HARYANA,KAITHAL,Balwanti,41.0,29.76,76.47190270924565,29.88479099449259
10370,7779,HARYANA,KURUKSHETRA,Pehowa,54.0,52.64,76.56932574451073,29.960895441934145
8247,6405,HARYANA,AMBALA,Barouli,36.0,40.59,76.7453743316291,30.220898565119363
8245,6405,HARYANA,AMBALA,Barouli,12.0,12.95,76.7450916143887,30.22584206398523
12562,9196,HARYANA,FATEHABAD,Ajit nagar,9.0,8.72,75.3943378497241,29.68272722244209
12561,9196,HARYANA,FATEHABAD,Ajit nagar,53.0,53.1,75.39031892282038,29.680793533978928
7902,3468,HARYANA,KURUKSHETRA,Jyotisar,10.0,7.77,76.73289193129423,29.975928839735417
14401,10362,HARYANA,KURUKSHETRA,Jyotisar,2.5,2.03,76.75863650921222,29.95609149406396
14400,10362,HARYANA,KURUKSHETRA,Jyotisar,1.0,0.78,76.75950877339132,29.96898255442286
14399,10362,HARYANA,KURUKSHETRA,Jyotisar,2.0,2.08,76.76193539082895,29.96675174999235
11571,8523,PUNJAB,MUKTSAR,Doda,1.6,1.6,74.65721717503745,30.377968407574645
11570,8523,PUNJAB,MUKTSAR,Doda,1.9,2.06,74.65863396468951,30.37657101388961
10456,7826,HARYANA,YAMUNANAGAR,Haibatpur,2.0,1.98,77.2395204217729,30.301011515998624
25321,21722,HARYANA,SIRSA,Nezadela kalan,4.0,3.98,75.0567140960872,29.56691835235089
12725,9310,HARYANA,KAITHAL,Balwanti,35.0,34.94,76.45943796937732,29.91517716035496
8248,6407,HARYANA,AMBALA,Barouli,7.0,6.79,76.73722179426672,30.21742365624539
16326,11509,HARYANA,FATEHABAD,Haroli,39.0,37.91,75.4746345512096,29.669006100890503
14757,10579,HARYANA,KARNAL,Salwan,67.0,66.67,76.69949081564465,29.733700119613314
21561,16087,HARYANA,KURUKSHETRA,Barhan,15.0,14.89,77.01535221869729,29.984813133082643
8895,6855,PUNJAB,MANSA,Samaon,11.5,11.55,75.56641172500976,30.104559568528796
5137,4088,HARYANA,SIRSA,Kariwala,3.0,2.6,74.61916391017763,29.559359840298228
22126,16592,HARYANA,YAMUNANAGAR,Rulla kheri,5.8,5.27,77.2354221770048,30.17423152842265
18784,14127,HARYANA,FATEHABAD,Jandwala,25.0,23.62,75.47423100803411,29.603138208696453
5091,4048,HARYANA,KURUKSHETRA,Jyotisar,15.0,11.28,76.76363874700905,29.97645650718294
19301,14415,PUNJAB,BARNALA,rajia,63.0,58.98,75.5880369383339,30.300475794158466
14289,10295,HARYANA,KURUKSHETRA,Ghararsi,20.0,19.51,76.70382444788379,29.91009557058257
22861,17247,HARYANA,KURUKSHETRA,Chhalaundi,6.0,6.07,77.10953750313257,29.983070551729003
22858,17247,HARYANA,KURUKSHETRA,Chhalaundi,2.0,1.98,77.10756925470191,29.98347573006872
22857,17247,HARYANA,KURUKSHETRA,Chhalaundi,9.0,8.69,77.09786053861241,29.98896231610457
12188,8939,HARYANA,KARNAL,Munak,14.0,16.45,76.85206342599113,29.487468009387104
16696,11729,HARYANA,FATEHABAD,Jallopur,26.0,25.39,75.50098513677081,29.660333871637935
23173,17919,HARYANA,KURUKSHETRA,Hamidpur,20.0,20.81,76.96337419423544,30.07176774295021
5508,4403,HARYANA,KURUKSHETRA,Adhon,15.0,12.03,76.82971065363843,30.02500860460416
23002,17693,HARYANA,KARNAL,Budanpur,8.0,6.77,76.90811200446645,29.588273486552197
5212,4142,HARYANA,JIND,Jeetgarh,1.0,0.98,76.33615862544524,29.40066401723087
4691,3716,HARYANA,SIRSA,Mangala,35.0,33.68,74.9525238667024,29.490172980394888
5385,4308,PUNJAB,LUDHIANA,Dadhahoor,14.0,15.4,75.56578897910907,30.578732423602236
22965,17395,HARYANA,KURUKSHETRA,Hamidur,49.0,49.52,76.97065227839153,30.07831355221738
22451,16855,HARYANA,KARNAL,Budanpur,17.0,16.01,76.8960156805784,29.593408004066323
22450,16855,HARYANA,KARNAL,Budanpur,7.0,7.25,76.89306016139513,29.59081058819715
13708,9919,PUNJAB,BARNALA,mehal kalan,25.0,23.33,75.5718420940725,30.53933065726958
14822,10632,HARYANA,AMBALA,Nagla nanku,19.0,18.41,76.93887497203181,30.38006195545777
14836,10431,PUNJAB,MUKTSAR,sukhna ablo,5.181,5.2,74.64466192902407,30.3532855639927
14835,10431,PUNJAB,MUKTSAR,sukhna ablo,2.857,2.85,74.63962348686378,30.356859263404875
14834,10431,PUNJAB,MUKTSAR,sukhna ablo,10.459,10.02,74.63824333585175,30.35451464181881
14514,10431,PUNJAB,MUKTSAR,sukhna ablo,7.261,7.16,74.64204988124351,30.357107670004673
14512,10431,PUNJAB,MUKTSAR,sukhna ablo,13.187,12.79,74.63660921624003,30.353975837586436
16413,11560,HARYANA,KAITHAL,Pharal,9.0,9.19,76.61515420688865,29.832317899047155
11760,8636,HARYANA,FATEHABAD,Dhand,38.0,37.39,75.48010096591275,29.393828177266133
23244,18080,HARYANA,KARNAL,Gonder,55.5,56.4,76.76017772602106,29.59293439183912
11764,8639,HARYANA,KARNAL,Gonder,16.0,15.69,76.74503084947395,29.616419638466795
22999,17691,HARYANA,KURUKSHETRA,Alampur,41.0,40.19,76.83441516926581,29.92910488867443
560,503,PUNJAB,AMRITSAR,Riar,16.5,16.28,74.73671264082365,31.82986982339972
16971,11860,HARYANA,KAITHAL,Ahun,8.0,8.04,76.69008073369994,29.78306038757261
16970,11860,HARYANA,KAITHAL,Ahun,6.0,5.85,76.67050649407606,29.791453751991416
26029,22629,HARYANA,YAMUNANAGAR,Panjupur,40.0,38.27,77.26853714425003,30.09240978721485
15023,10745,HARYANA,KURUKSHETRA,Mustapur,18.0,18.02,76.67365534695875,29.975605675074895
23382,18268,HARYANA,FATEHABAD,Birdana,6.5,6.55,75.54239514185957,29.567036804127596
23381,18268,HARYANA,FATEHABAD,Birdana,11.0,9.19,75.54999961632474,29.582275270393875
7115,5725,HARYANA,SIRSA,Jhorar nali,4.0,3.88,74.94886860312404,29.531859115465274
18828,14143,PUNJAB,FAZILKA,Janisar,5.134,5.42,74.3969286717033,30.49417104924626
23102,17826,HARYANA,KARNAL,Kutail,30.0,30.69,76.9829455851484,29.587069940620047
251,236,PUNJAB,AMRITSAR,Rorawala,10.0,9.52,74.59520700241582,31.589216418603712
15017,10739,HARYANA,KARNAL,Gonder,64.0,63.74,76.72551789203513,29.638995129303357
7526,6185,PUNJAB,FAZILKA,Dhani sucha singh,100.0,95.33,74.25667686928382,30.13666841333949
9545,7278,HARYANA,KURUKSHETRA,Bichgaw,40.0,49.07,76.76078394517302,30.029332626082088
12579,9210,HARYANA,KARNAL,Bastali,18.0,18.8,76.7297518055065,29.723205248725257
15185,10467,HARYANA,KURUKSHETRA,Bhor saidan,6.0,6.03,76.69852937937284,29.954353798452008
16538,11636,HARYANA,FATEHABAD,Haroli,15.0,14.64,75.45412482703341,29.677128511601307
17298,12035,HARYANA,KARNAL,Tharva,10.0,10.01,76.72068316642917,29.578271463116614
12580,9211,HARYANA,KARNAL,Bastli,48.0,47.92,76.7372916015818,29.73183492211279
20882,15527,HARYANA,KAITHAL,Rasina,20.0,19.97,76.6739010127314,29.76644225541805
13650,9872,HARYANA,KAITHAL,Munerheri,10.0,9.86,76.63518991878085,29.73691347093924
12691,9287,PUNJAB,BATHINDA,Naruana,13.0,13.25,74.87536151754844,30.17343732262789
6234,5032,PUNJAB,MUKTSAR,Chhattiana,16.0,16.58,74.65552456896081,30.32824931810173
13652,9873,HARYANA,KAITHAL,Munerheri,8.0,8.22,76.63318224987992,29.748243824966004
13651,9873,HARYANA,KAITHAL,Munerheri,10.0,9.36,76.64117474335654,29.742292101967298
7770,5067,HARYANA,KURUKSHETRA,kharindhwa,3.0,2.74,76.9115710446297,30.111048799595775
6279,5067,HARYANA,KURUKSHETRA,kharindhwa,2.0,1.83,76.91600805664271,30.107178486511177
6078,4889,PUNJAB,FARIDKOT,Dhilwan kalan,5.0,5.97,74.88112148291182,30.55518023008845
11273,8342,HARYANA,FATEHABAD,Bigad,52.0,51.78,75.44124854741015,29.438135314776193
6808,5477,PUNJAB,MUKTSAR,Buttar sarien,16.0,16.25,74.69204501164671,30.361513182135493
17539,13415,PUNJAB,FEROZEPUR,Tendi wala,11.0,10.52,74.57592771307746,31.047189501991987
6252,5043,PUNJAB,PATIALA,Kakrala bhaika,77.0,91.62,76.14677132354808,30.071527095551826
3310,2654,PUNJAB,BARNALA,Dhanaula,11.0,3.0,75.59009361934359,30.284853361747587
11344,8388,PUNJAB,BARNALA,sanghera,22.0,25.41,75.59376546503319,30.34249824222498
11277,8345,HARYANA,KARNAL,Nissing,40.0,41.12,76.76327996616197,29.686341223477555
5615,4486,HARYANA,SIRSA,Rampura dhani,12.0,11.26,75.18141355425827,29.55690491603589
6178,4980,PUNJAB,LUDHIANA,Gobindgarh,15.0,12.45,75.59059595999923,30.588039499963777
5622,4493,HARYANA,SIRSA,Rampura dhani,5.0,4.72,75.1789881684272,29.55824542399846
15165,10771,HARYANA,FATEHABAD,Alikan,11.0,11.03,75.42239360347176,29.68866429841251
15075,10771,HARYANA,FATEHABAD,Alikan,24.0,28.26,75.41927915249629,29.680661372398415
26395,23165,PUNJAB,BATHINDA,Chak fateh singh wala,15.0,15.22,75.09661350505502,30.176249402318916
26394,23165,PUNJAB,BATHINDA,Chak fateh singh wala,25.0,24.82,75.10706625967683,30.191214262266666
6256,5046,PUNJAB,BARNALA,sanghera,17.0,17.41,75.57501301431006,30.413555149812524
10331,5147,PUNJAB,MUKTSAR,channu,60.0,67.2,74.58794929019624,30.091889275118636
14011,10115,HARYANA,KARNAL,Gonder,40.0,39.36,76.76932763937462,29.6346197286295
6686,5391,HARYANA,FATEHABAD,Damkora,12.5,13.38,75.87421858087262,29.718592513031457
7002,5633,PUNJAB,FAZILKA,Kandhwala,6.0,6.74,74.15460689061548,30.06490066197859
6762,5443,PUNJAB,MUKTSAR,channu,1.68,1.56,74.592455806995,30.1013907208796
6761,5443,PUNJAB,MUKTSAR,channu,2.1,2.03,74.60363072530015,30.099492852604943
6746,5432,PUNJAB,SANGRUR,Chhahar,1.4,1.38,75.89675549290385,30.05126017080408
24211,19929,HARYANA,FATEHABAD,Hanspur,3.2,3.23,75.34547651912938,29.668834210138993
24210,19929,HARYANA,FATEHABAD,Hanspur,16.8,16.77,75.34405490209679,29.66949428446155
3296,2643,PUNJAB,BARNALA,Dhanaula,7.0,5.63,75.5815586851795,30.29098950644074
6688,5392,HARYANA,FATEHABAD,Damkora,3.0,2.92,75.86629009567895,29.727056511660894
7680,5390,HARYANA,HISAR,Uklana gao,2.0,1.46,75.87470396798935,29.513533788501757
6685,5390,HARYANA,HISAR,Uklana gao,2.0,1.81,75.87189554229836,29.51445361801234
20712,8686,HARYANA,KARNAL,Nissing,51.5,50.19,76.8662429047994,29.695931679679475
11823,8686,HARYANA,KARNAL,Nissing,32.0,32.36,76.76199278542896,29.64330990487247
6929,5571,HARYANA,SIRSA,Banwala,24.0,23.5,76.25359941521977,29.887706365033782
6799,5468,PUNJAB,MUKTSAR,channu,40.6,40.09,74.5850534329251,30.10761357181324
6834,5493,PUNJAB,FARIDKOT,Machaki mall singh,3.0,4.93,74.76680812308109,30.642036515992377
26012,22604,PUNJAB,BARNALA,Kalal majra,13.0,13.0,75.54089992781512,30.55765038121532
9603,7317,HARYANA,KURUKSHETRA,Mohanpur,30.0,30.06,76.52317152714247,30.033906962507785
6769,5447,PUNJAB,FAZILKA,Ramsraa,7.7,8.62,74.22341483660813,30.059898395351688
6773,5449,PUNJAB,FAZILKA,Ramsraa,5.4,4.95,74.2260087951595,30.05993825248527
6865,5518,PUNJAB,MUKTSAR,channu,14.1,14.18,74.5799687425295,30.0862488613705
6864,5518,PUNJAB,MUKTSAR,channu,7.5,7.85,74.58744500846956,30.10434028416391
6723,5415,PUNJAB,MUKTSAR,channu,15.0,14.85,74.58687854206042,30.097331309062284
6722,5415,PUNJAB,MUKTSAR,channu,10.2,10.0,74.59291137795594,30.090894833397225
6891,5538,PUNJAB,PATIALA,noorkheriya,25.0,19.13,76.46545393568138,30.33195750792859
7035,5659,PUNJAB,MANSA,Chak alisher,5.617,5.6,75.6067700848072,29.774600151820604
7014,5644,PUNJAB,MANSA,Kulrian,11.206,11.33,75.69312301040472,29.791626043080697
7013,5644,PUNJAB,MANSA,Kulrian,11.126,11.15,75.69191095464315,29.79653396620751
6892,5539,PUNJAB,PATIALA,noorkheriya,16.0,17.83,76.46815965727517,30.3242442207834
13343,9691,HARYANA,FATEHABAD,Laali,10.5,10.41,75.52379691208091,29.683711764422235
13342,9691,HARYANA,FATEHABAD,Laali,18.0,17.81,75.5245184498715,29.685335419161813
7125,5731,HARYANA,KURUKSHETRA,Jogna khera,8.0,8.63,76.79755794927861,29.9799498117338
7124,5731,HARYANA,KURUKSHETRA,Jogna khera,9.0,8.95,76.79782725728725,29.981602333210297
13049,9499,PUNJAB,BARNALA,hamidi,43.0,45.51,75.60635775199744,30.479086068200957
1605,1340,PUNJAB,BATHINDA,Nathana,4.0,3.56,75.03489878922369,30.327071643966978
7375,6092,HARYANA,HISAR,Chaberwal,8.0,10.4,75.43526266657673,29.356421236662847
23948,19451,HARYANA,FATEHABAD,Ayalki,25.0,25.13,75.49079082751302,29.57740052096987
5100,4056,PUNJAB,BARNALA,Sanghera,10.0,8.47,75.54666557936561,30.399628553465543
23258,18091,HARYANA,FATEHABAD,Lambha,24.0,23.82,75.66986643868205,29.67994492279857
5835,4665,HARYANA,FATEHABAD,Haroli,2.5,2.8,75.46125294834098,29.65018867119714
6939,5581,PUNJAB,FARIDKOT,Ratti Rori,7.0,6.88,74.70896045543647,30.622418100687355
26220,22955,HARYANA,FATEHABAD,Khumber,13.0,12.67,75.42216475520418,29.603323773839364
8722,6735,PUNJAB,FAZILKA,Balluana,12.8,13.01,74.31010860034108,30.180442161234463
13013,9480,PUNJAB,FARIDKOT,Bir sikhawala,45.0,46.65,74.83613067428422,30.626082578505713
23499,18611,HARYANA,KURUKSHETRA,Bhiwani khera,31.5,31.35,76.83630329606231,30.003413765703893
23481,18540,HARYANA,KAITHAL,Umedpur,1.6,1.64,76.31392607611019,29.904978644070702
26027,22627,HARYANA,KURUKSHETRA,Mangoli jattan,10.0,10.12,77.03114214285225,30.13097297565945
14450,10393,HARYANA,FATEHABAD,Lahli,8.2,8.33,75.5125654425713,29.694536938885868
14448,10393,HARYANA,FATEHABAD,Lahli,12.0,12.04,75.51117096724691,29.693162455980747
16432,11573,HARYANA,FATEHABAD,Haroli,8.0,8.36,75.47098301215449,29.64875852886473
23426,18319,HARYANA,FATEHABAD,Birdana,3.0,3.33,75.55734471691053,29.57675360807096
16426,11570,HARYANA,KAITHAL,Ahun,14.0,13.68,76.68367158352248,29.794875478191972
9744,7412,PUNJAB,BATHINDA,Gobindpura,3.0,2.86,75.04100817246395,30.27929364740106
24785,20845,HARYANA,SIRSA,Nagoki,2.5,2.47,75.11538000044398,29.66636024895505
24237,19976,HARYANA,KARNAL,Pundrak,35.0,34.69,76.95630887949825,29.732502062023386
7749,4768,PUNJAB,PATIALA,Samana,2.0,1.81,76.162214306096,30.214782070164105
13488,9776,HARYANA,KAITHAL,Buchi,8.0,8.24,76.65386985390943,29.742548993192138
14723,10555,HARYANA,KAITHAL,Ahun,14.5,13.93,76.68951429469175,29.779393830626702
23994,19520,HARYANA,KURUKSHETRA,Sarsa,75.0,74.75,76.68105467509363,29.918654037924465
23696,18955,HARYANA,KURUKSHETRA,Futtupur,32.0,32.2,76.85848431951165,29.922996193700826
7368,6085,PUNJAB,MANSA,Budhlada,2.565,2.55,75.5808582166516,29.926712508953617
7367,6085,PUNJAB,MANSA,Budhlada,33.688,33.58,75.57892094907842,29.923508188970693
24174,19881,HARYANA,KURUKSHETRA,Mehra,2.5,2.5,77.06797965101359,30.033287941478022
24173,19881,HARYANA,KURUKSHETRA,Mehra,4.2,4.16,77.06815812031036,30.04076983153563
24172,19881,HARYANA,KURUKSHETRA,Mehra,0.8,0.81,77.06215032114734,30.045866223637848
24171,19881,HARYANA,KURUKSHETRA,Mehra,8.0,8.01,77.06449654392965,30.045326628949844
24170,19881,HARYANA,KURUKSHETRA,Mehra,3.5,3.51,77.0640451751208,30.026267293155705
23732,19044,HARYANA,KAITHAL,Dushan,25.0,24.94,76.65882873494729,29.782188184480503
6776,5451,PUNJAB,MUKTSAR,channu,13.1,13.05,74.60083146257188,30.099164575957605
8044,6285,HARYANA,KURUKSHETRA,Kharindwa,3.0,3.5,76.91714965721734,30.121774504400225
23272,18122,HARYANA,KARNAL,Sagga,50.0,49.63,76.85880590521485,29.76774969558842
9479,7234,PUNJAB,BATHINDA,Bathinda,6.0,5.34,74.96568027109036,30.218487657770403
7193,5787,PUNJAB,MUKTSAR,Sukhan abluo,17.0,16.59,74.65725426729409,30.34625524537932
7192,5787,PUNJAB,MUKTSAR,Sukhan abluo,4.962,4.9,74.63801695950772,30.344089059822068
6646,5356,HARYANA,KARNAL,Seikhpura,3.0,3.51,76.74853083628474,29.60227274878235
11914,8747,HARYANA,KURUKSHETRA,KIRMACH,15.0,15.27,76.79897217862467,29.901104089042335
6148,4953,PUNJAB,FARIDKOT,Kamiana,5.0,3.59,74.73217734700133,30.63634556857117
8012,6264,HARYANA,SIRSA,Jalalana,45.0,46.12,76.24078853432539,29.90177209054963
7006,5637,PUNJAB,FARIDKOT,Kamiana,12.0,13.2,74.74366507102424,30.64654212545539
14203,10244,HARYANA,KARNAL,Gonder,54.5,54.57,76.83732670264523,29.681759006029157
26520,23327,PUNJAB,BARNALA,Moom,9.5,9.51,75.48241190792344,30.546871126144556
26519,23327,PUNJAB,BARNALA,Moom,4.6,4.77,75.48625049316394,30.55363408977968
7425,6137,PUNJAB,MUKTSAR,Sukhan abluo,22.555,20.59,74.65338785395939,30.349023404331625
6915,5559,PUNJAB,FARIDKOT,Kamiana,10.0,10.43,74.73623838934279,30.630393728055253
6187,4989,PUNJAB,FARIDKOT,Kamiana,3.0,2.78,74.72970170991177,30.64256441601395
23722,19023,HARYANA,KARNAL,Alawla,49.0,49.51,76.73369533755681,29.60203232601215
9873,7498,HARYANA,KURUKSHETRA,Ishak komi farm,12.0,11.14,76.46355231858965,30.02421763990195
8518,6442,HARYANA,KURUKSHETRA,Badarpur,30.0,27.97,77.07260259930263,29.97200482615984
8301,6442,HARYANA,KURUKSHETRA,Badarpur,10.0,10.31,77.07136472013345,29.968974615796213
15105,10792,PUNJAB,MUKTSAR,sukhna ablo,2.132,2.11,74.64020481923994,30.35535770967836
23723,19022,HARYANA,KARNAL,Alawla,40.0,37.16,76.7315902796563,29.60597367651078
23451,18513,HARYANA,KARNAL,Guniyana,47.0,47.47,76.69704938392105,29.707252055763853
5390,4313,HARYANA,FATEHABAD,Ayalki,35.0,41.06,75.51859742554818,29.586703302840043
23130,17864,HARYANA,KARNAL,Manjura,35.0,35.65,76.88237377051706,29.705153401751335
23431,18323,HARYANA,KARNAL,Badhnara,59.0,57.96,76.6994765823477,29.707670850066485
23454,18515,HARYANA,KAITHAL,Kheri Gulam ali,25.7,25.45,76.3183753457242,29.894861430779365
23453,18515,HARYANA,KAITHAL,Kheri Gulam ali,9.0,9.07,76.31524469973857,29.901490307868137
23254,18087,HARYANA,KAITHAL,Pabnawa,23.0,23.29,76.66519491216987,29.87848588764223
23509,18630,HARYANA,KARNAL,Labkari,14.0,14.11,77.15682094550792,29.891857901786327
7207,5795,HARYANA,KARNAL,Gonder,60.0,75.23,76.7605323822459,29.66861421466612
11615,8544,HARYANA,KARNAL,Piyont,62.0,59.18,76.80390694948723,29.644084466234208
10662,7969,HARYANA,KURUKSHETRA,Hari Singh majra,33.0,33.73,76.97882037410949,30.090221662706835
1346,1138,HARYANA,FATEHABAD,Barseen,1.2,1.09,75.50245732238837,29.493719140524952
23457,18517,HARYANA,FATEHABAD,Alalwas,18.6,17.57,75.48043465617158,29.727440190372683
8106,6317,PUNJAB,MANSA,Kulrian,11.0,11.05,75.6872676980075,29.829346387172343
23034,17744,HARYANA,KAITHAL,Kaul,4.5,4.19,76.6313982774674,29.840272628217935
24023,19575,HARYANA,YAMUNANAGAR,Rullakheri,7.9,7.93,77.22556734884819,30.183757860733262
24021,19575,HARYANA,YAMUNANAGAR,Rullakheri,3.4,3.37,77.2493266845172,30.181311381762985
24020,19575,HARYANA,YAMUNANAGAR,Rullakheri,4.5,4.4,77.24762165932044,30.17700315206593
24019,19575,HARYANA,YAMUNANAGAR,Rullakheri,2.0,2.02,77.2455084057568,30.177425191164552
25277,21678,HARYANA,SIRSA,Mirpur,11.0,10.79,75.02935452726219,29.584294257131976
22033,16522,HARYANA,FATEHABAD,Bigad,7.5,7.8,75.43153915496423,29.434185329058455
22032,16522,HARYANA,FATEHABAD,Bigad,27.5,26.42,75.42772723481293,29.435086063920338
23467,18522,HARYANA,KARNAL,Budanpur,10.0,9.44,76.91298728450633,29.60114790981009
11776,8651,PUNJAB,BARNALA,barnala,17.0,18.2,75.51659888617979,30.38530065072883
25958,22530,HARYANA,FATEHABAD,Ratia,30.0,26.49,75.53225877766971,29.68087611767116
1758,1458,HARYANA,FATEHABAD,Haroli,10.0,7.76,75.45502626748718,29.664624532468892
23480,18537,HARYANA,KAITHAL,Dherdu,17.0,16.71,76.64768950712293,29.82090883239474
23479,18537,HARYANA,KAITHAL,Dherdu,11.0,10.36,76.64331861789579,29.821172463355065
15881,11226,PUNJAB,FEROZEPUR,Waghe wala,100.1,92.07,74.52981488645945,30.921784127442464
26550,23355,PUNJAB,BATHINDA,Chak bakhtu,2.0,1.81,75.12156877648283,30.185764024900266
26549,23355,PUNJAB,BATHINDA,Chak bakhtu,9.0,8.93,75.14234090973198,30.191343142840495
12840,9377,HARYANA,KURUKSHETRA,Dayalpur,24.0,24.68,76.81637999485986,29.93124652456649
17445,13369,HARYANA,FATEHABAD,Chankothi,23.0,22.59,75.464167506264,29.628690514520645
6713,5408,HARYANA,KARNAL,Tusang,6.0,5.84,77.12054847171918,29.8877643140562
6712,5408,HARYANA,KARNAL,Tusang,5.0,5.2,77.12224261450442,29.88798419798782
11502,8481,PUNJAB,BARNALA,thulewal,23.6,24.72,75.65404171651845,30.414036006848914
26202,22935,PUNJAB,MANSA,Moda,25.0,23.93,75.40305896416669,29.74503963223054
18457,13918,HARYANA,KURUKSHETRA,Pindarsi,20.0,19.83,76.68863845807171,29.91427245713717
22367,16800,HARYANA,KURUKSHETRA,Loatani,16.0,11.9,76.66085745992426,30.068241555171664
8392,6507,HARYANA,FATEHABAD,Tamspura,11.0,11.21,75.4927511728233,29.650273194576155
26561,22822,HARYANA,KARNAL,Nilokheri,27.0,26.65,76.64119485250781,29.952622140601644
26135,22822,HARYANA,KARNAL,Nilokheri,50.0,49.63,76.90888336181489,29.83062197700382
18951,14222,HARYANA,KAITHAL,Siwan,17.0,16.82,76.34962429631504,29.92065303734357
26587,23412,HARYANA,SIRSA,Nezadela kalan,13.0,11.71,75.05440621881978,29.577650648763008
24421,20239,HARYANA,KURUKSHETRA,Buhavi,9.0,9.03,76.98474699928407,30.15858532356273
26709,23492,HARYANA,KARNAL,Sultanpur,60.0,59.74,76.91504171159107,29.762597538649857
23411,18300,HARYANA,YAMUNANAGAR,Tahska khadar,4.0,4.1,77.16089897306394,29.96845301826675
23408,18300,HARYANA,YAMUNANAGAR,Tahska khadar,3.3,3.47,77.16007970394108,29.975996367415707
23406,18300,HARYANA,YAMUNANAGAR,Tahska khadar,7.0,6.99,77.159687334966,29.978026774507228
23632,18846,HARYANA,YAMUNANAGAR,Sudhail,7.7,7.31,77.2377318710761,30.169101701223347
23626,18846,HARYANA,YAMUNANAGAR,Sudhail,4.5,4.53,77.23058265841958,30.17348752409252
17234,11999,HARYANA,FATEHABAD,Haroli,20.0,20.69,75.48982780884056,29.642463867081226
8218,6387,HARYANA,KURUKSHETRA,Dakala,5.0,5.24,76.82123163988399,30.13507046361775
7969,6235,HARYANA,KURUKSHETRA,Ratan garh kakrali,7.0,7.46,76.43479205893271,30.028967187281467
14793,10596,HARYANA,SIRSA,Sant nagar,8.78,8.31,74.71855687283742,29.537100317966352
3139,2520,HARYANA,FATEHABAD,Khanpur,10.0,12.37,75.46847121243731,29.54613640389129
12574,9205,HARYANA,KAITHAL,Balwanti,20.0,19.5,76.46939782094307,29.90984940840038
17524,13404,PUNJAB,BATHINDA,Jodhpur romana,6.3,4.51,74.92433791622085,30.14044790826765
14900,10675,HARYANA,FATEHABAD,Bangaw,33.0,32.34,75.43745747550169,29.452319458415772
8438,6539,PUNJAB,MANSA,Birewala dogran,25.468,25.41,75.6192110049424,29.759124062787908
14252,10273,PUNJAB,MUKTSAR,sukhna ablu,11.824,11.43,74.65421528843873,30.35343255809615
12022,8819,HARYANA,KARNAL,Nissing,30.0,29.99,76.75642127094517,29.704714989159577
11923,8753,HARYANA,YAMUNANAGAR,Jhaguri,5.5,5.18,77.15659335455608,30.10741053043111
13850,10017,HARYANA,FATEHABAD,Ratakhera,15.0,16.12,75.51734299963006,29.67837351835113
2851,2307,HARYANA,FATEHABAD,Haroli,2.0,2.06,75.44616888953486,29.66108153990001
2850,2307,HARYANA,FATEHABAD,Haroli,3.0,2.92,75.4544690634752,29.65807333376815
16685,11720,HARYANA,KARNAL,Gonder,58.0,54.54,76.69933731243121,29.5910798440521
24704,20737,HARYANA,YAMUNANAGAR,Nousher,2.5,2.51,77.2517636219198,30.3846114428847
24703,20737,HARYANA,YAMUNANAGAR,Nousher,7.0,7.19,77.25310486016237,30.382089847300943
11876,8721,HARYANA,KAITHAL,Ahun,12.0,11.21,76.68567851480466,29.795953054266192
8117,6321,HARYANA,KURUKSHETRA,Teori,12.0,12.08,76.89264524150508,30.11967453308863
13712,9923,HARYANA,FATEHABAD,Kamana,15.0,14.24,75.53986550874949,29.688210600019353
15394,10951,HARYANA,FATEHABAD,Dani manjra,32.0,31.63,75.5553757708848,29.49816126474052
8080,6306,HARYANA,KURUKSHETRA,Bilochpura,30.0,29.18,76.6131270522813,29.983781158763403
7881,3564,HARYANA,JIND,Kalwa,20.0,15.38,76.4474431854169,29.372252023481614
23245,18081,HARYANA,FATEHABAD,Pirthla,15.0,13.8,75.83963139047735,29.60016636452812
17432,13362,HARYANA,KARNAL,Alawla,22.5,22.57,76.72482746697396,29.57788129433607
4406,3485,HARYANA,SIRSA,Talwara khurd,9.0,8.03,74.61325092834636,29.51134944058357
6730,5421,PUNJAB,MUKTSAR,channu,1.7,1.81,74.60050475447929,30.093750166852285
6729,5421,PUNJAB,MUKTSAR,channu,2.8,2.8,74.58162205029402,30.09478977947092
17348,12067,HARYANA,SIRSA,Haripura,22.86,22.83,74.68705096905107,29.585884453866765
17347,12067,HARYANA,SIRSA,Haripura,20.262,20.22,74.69296102696738,29.562173754386784
20323,15122,HARYANA,KURUKSHETRA,Sandholi,21.0,21.23,76.6299049071068,29.968600829378243
23967,19471,HARYANA,YAMUNANAGAR,Bakerwala,9.0,8.98,77.4533948239088,30.31715542953365
23965,19471,HARYANA,YAMUNANAGAR,Bakerwala,25.0,25.49,77.44987036811088,30.3102600596399
21688,16186,HARYANA,KARNAL,Hatin,67.0,65.63,76.87658620702014,29.722165206254108
21656,16165,HARYANA,FATEHABAD,Hukmawali,18.2,17.85,75.44245132456643,29.706592568990303
16969,11859,PUNJAB,BARNALA,barnala,59.0,54.09,75.56502634694817,30.35477627583352
12043,8834,HARYANA,KARNAL,Nissing,35.0,33.74,76.73711611163768,29.702900160137386
4826,3827,HARYANA,FATEHABAD,Ratakhera,25.0,29.37,75.52145800269999,29.658092208513548
10177,6521,HARYANA,KAITHAL,Rasulpur,36.0,29.09,76.41804540821254,29.933442091879243
8414,6521,HARYANA,KAITHAL,Rasulpur,41.0,46.35,76.41612531245353,29.937523553039433
21662,16171,HARYANA,KURUKSHETRA,Barounda,3.7,3.61,77.06430181951932,29.960708630690952
15433,10972,PUNJAB,MUKTSAR,sukhna ablo,3.597,3.42,74.62699343658015,30.349013607846917
15432,10972,PUNJAB,MUKTSAR,sukhna ablo,2.746,2.63,74.63472636309417,30.352474158578968
22067,16545,HARYANA,KARNAL,Sahapur,50.0,50.08,76.88150706019472,29.72054988006021
4865,3858,HARYANA,FATEHABAD,Birdana,19.0,21.53,75.52490381958151,29.565013848744137
23930,19328,HARYANA,YAMUNANAGAR,Sikandra,21.5,21.31,77.09684540263312,30.108624728718706
23523,18637,HARYANA,KARNAL,Birchpur,5.0,3.89,76.91556772043228,29.604604311099347
5153,4101,HARYANA,FATEHABAD,Ratakhera,15.0,15.39,75.52142186091949,29.649203757497983
15044,10757,HARYANA,KAITHAL,Kaul,14.5,12.95,76.66851263973346,29.84061935596375
24055,19711,HARYANA,KURUKSHETRA,Sanghaur,10.0,10.08,77.0294426618802,30.10802042442195
23972,19474,HARYANA,KARNAL,Jani,6.0,5.4,76.90024710754341,29.616887235082903
23971,19474,HARYANA,KARNAL,Jani,10.0,10.24,76.89491686614768,29.61894635679751
23970,19474,HARYANA,KARNAL,Jani,15.0,15.73,76.88547346393558,29.616936815623696
8407,6518,PUNJAB,MUKTSAR,Sukhan abulo,17.0,15.99,74.63867545896993,30.33192945882176
15446,10977,HARYANA,KURUKSHETRA,Raogarh,5.0,5.01,76.77632100570675,29.952905964036585
6766,5445,PUNJAB,MUKTSAR,Bhalaiana,20.0,19.32,74.73095675984642,30.329567380076657
21687,16185,HARYANA,KARNAL,Nissing,41.5,39.41,76.87050888034138,29.71753265036459
8406,6517,PUNJAB,MUKTSAR,Sukhan abulo,19.0,19.47,74.64239933842892,30.32926979562848
24300,20050,HARYANA,KURUKSHETRA,Dola majra,8.0,8.29,76.84757864743277,30.107542104675225
24150,19826,HARYANA,KARNAL,Bijna,42.0,41.32,76.94018466516964,29.60137556277259
3590,2866,HARYANA,FATEHABAD,Bhirdana,10.0,9.0,75.53277396954937,29.56345457217721
11902,8738,HARYANA,KURUKSHETRA,HATHIRA,3.2,2.93,76.7545301696983,29.87379796984633
11901,8738,HARYANA,KURUKSHETRA,HATHIRA,12.0,11.87,76.75235185059756,29.906113498795623
11900,8738,HARYANA,KURUKSHETRA,HATHIRA,12.0,11.97,76.7609728165811,29.898332303175128
7720,5227,HARYANA,KARNAL,Tusang,6.0,6.02,77.10968173323704,29.886600455476348
6496,5227,HARYANA,KARNAL,Tusang,6.0,5.93,77.11110246351527,29.886863587016972
24957,21166,HARYANA,FATEHABAD,Munshiwali,5.0,5.01,75.59015103309042,29.65838660990447
24956,21166,HARYANA,FATEHABAD,Munshiwali,20.0,19.43,75.59110061815068,29.66032317281943
22129,16594,HARYANA,FATEHABAD,Mohammadpur rohi,18.0,18.03,75.58299493907798,29.463680495189248
19549,14570,HARYANA,KARNAL,Jani,10.0,9.4,76.89986572126244,29.607838749355
18597,14014,HARYANA,FATEHABAD,Ratia,16.0,15.76,75.60046427111783,29.687321903123447
18596,14014,HARYANA,FATEHABAD,Ratia,25.2,24.84,75.59714072091994,29.681830228845183
19673,14664,HARYANA,KARNAL,Goudha,13.0,13.06,76.69978372045118,29.76845094010534
19672,14664,HARYANA,KARNAL,Goudha,12.5,11.87,76.70144447523306,29.761021761125846
19542,14566,HARYANA,KARNAL,Guniyana,55.0,54.69,76.78870376973057,29.70590864033128
24229,19960,HARYANA,FATEHABAD,Hanspur,5.0,4.67,75.34168383108593,29.67237365153873
24228,19960,HARYANA,FATEHABAD,Hanspur,18.5,17.99,75.33418633750844,29.671502472159364
24425,20242,HARYANA,KURUKSHETRA,Buhavi,12.0,11.35,76.99368607165718,30.16490753252213
24424,20242,HARYANA,KURUKSHETRA,Buhavi,3.0,2.67,76.99415627894959,30.16185387872409
14009,10113,PUNJAB,FEROZEPUR,Dehru,24.0,23.89,74.66478864344266,30.94774599985496
24345,20138,HARYANA,FATEHABAD,Nagpur,2.0,2.0,75.41463218797163,29.667421464206917
24344,20138,HARYANA,FATEHABAD,Nagpur,13.0,13.17,75.41040441164809,29.666970314403663
24462,20337,HARYANA,FATEHABAD,Dadupur,9.0,9.02,75.48044457503521,29.704680243600095
23721,19017,HARYANA,KAITHAL,Peedal,4.6,4.58,76.34776589491167,30.0129908803432
23718,19017,HARYANA,KAITHAL,Peedal,40.0,40.12,76.34340159677573,29.98927024576129
5488,4387,HARYANA,KURUKSHETRA,Bahadurpura,12.0,10.84,76.81911755453875,30.004313848183088
24029,19597,HARYANA,FATEHABAD,Malwala,12.2,12.25,75.40623919714308,29.729759988941503
22216,16654,HARYANA,KARNAL,Bijna,3.5,3.27,76.93955952033036,29.596529298193214
24814,20898,HARYANA,FATEHABAD,Alalwas,15.0,14.06,75.47810670352901,29.731126117469667
16959,11852,HARYANA,KURUKSHETRA,Thikri,30.0,29.88,76.60221247164667,30.02118503382468
20483,15244,HARYANA,FATEHABAD,Ratakhera,21.7,21.4,75.50833753980834,29.679129093843084
22217,16655,HARYANA,KURUKSHETRA,Surmi,40.5,41.86,76.68682957754892,29.99673133221889
11954,8779,HARYANA,FATEHABAD,Dhani dadupur,4.0,3.96,75.48514982065797,29.674004173991325
17301,12038,HARYANA,FATEHABAD,Hukmawali,29.0,29.19,75.45478304944197,29.68777766376761
23704,18996,HARYANA,FATEHABAD,RATIA,15.3,14.96,75.68334588496663,29.657933182267097
23304,18188,HARYANA,KARNAL,Gonder,57.0,56.8,76.79135742758601,29.63457994234365
24297,20043,HARYANA,FATEHABAD,Alalwas,18.0,18.02,75.47328272110963,29.72360172336515
26099,22790,HARYANA,KARNAL,Barota,5.5,5.6,76.91498185763885,29.629160987044052
26098,22790,HARYANA,KARNAL,Barota,6.0,5.79,76.92146822134146,29.628801707325664
23511,18631,HARYANA,FATEHABAD,Dher,20.0,20.02,75.76219973347102,29.715057911531986
23510,18631,HARYANA,FATEHABAD,Dher,17.0,17.09,75.7699604205571,29.70943348070532
24416,20236,HARYANA,KARNAL,Gonder,47.0,46.93,76.70816453613597,29.64860109914971
7821,3980,HARYANA,KURUKSHETRA,Jyotisar,8.0,8.2,76.76119674446565,29.962096410487575
24490,20345,HARYANA,KARNAL,Bastli,18.5,18.49,76.7173324265279,29.729671857600454
24828,20932,HARYANA,KARNAL,Amritpur,40.0,40.02,77.04642674879206,29.587870443554845
26453,23214,HARYANA,KARNAL,Thortha,22.5,21.49,76.6838624814325,29.71295119454186
6921,5564,HARYANA,SIRSA,Odhan,33.0,31.29,76.22088112934016,29.900940545312128
26158,22843,PUNJAB,BARNALA,Dhaner,8.3,8.46,75.52063095802544,30.549774385157455
18514,13953,PUNJAB,FEROZEPUR,Akku wala,2.0,2.07,74.67041241090524,31.0146921277231
26162,22849,PUNJAB,BARNALA,Gehal,11.0,10.91,75.4547515342083,30.54461649592828
26346,23086,HARYANA,FATEHABAD,Sukhlampur,19.0,18.76,75.59239966030934,29.64672330175934
21893,16359,HARYANA,FATEHABAD,Pirthala,13.7,13.08,75.86003210818444,29.597919669539216
24343,20137,HARYANA,FATEHABAD,Alika,22.0,21.53,75.42495743571595,29.7301904429694
26131,22818,HARYANA,KURUKSHETRA,Antheri,15.0,15.71,76.94722543372197,30.001033159958336
24347,20139,HARYANA,KAITHAL,Sirta,5.0,5.0,76.35127487615826,29.858324771792105
24346,20139,HARYANA,KAITHAL,Sirta,10.0,9.98,76.34778332315854,29.849635370023012
6788,5460,HARYANA,KARNAL,sadhir,5.0,5.16,76.9815160267619,29.831354975267963
6787,5460,HARYANA,KARNAL,sadhir,18.0,18.85,76.98789447812132,29.83293405799259
6874,5525,HARYANA,AMBALA,Mohri,17.0,20.33,76.7446292911436,30.24641191909505
4373,3463,HARYANA,KARNAL,Gonder,17.0,17.37,76.74063022668993,29.64274298273631
6993,5626,HARYANA,KURUKSHETRA,berthali,4.0,3.89,76.98497314908943,30.1485129174645
7181,5780,HARYANA,KURUKSHETRA,chibha,10.0,8.56,76.79341206030274,30.061274181407235
7185,5784,HARYANA,KURUKSHETRA,Berthala,11.0,15.34,76.97352524621981,30.14242870029861
26393,23164,HARYANA,KARNAL,Narukheri,26.0,26.0,76.92244347322334,29.636327906817733
26456,23221,HARYANA,SIRSA,Nagoki,10.0,10.07,75.10911874796892,29.648607986376497
14351,10335,HARYANA,KURUKSHETRA,Jalkhari,17.0,17.85,76.91403104117994,30.08408295529262
17768,13526,HARYANA,KURUKSHETRA,Lukhi,28.0,23.26,76.72540057479937,30.03635666922539
26392,23163,HARYANA,KARNAL,Barota,28.0,26.16,76.92465381593213,29.63172991789362
26387,23133,HARYANA,KARNAL,Thortha,14.0,14.09,76.68803383942516,29.715942426125807
24656,20670,PUNJAB,MANSA,Bhamme khurd,15.0,15.53,75.3584273366191,29.854814054909895
17189,11977,HARYANA,KURUKSHETRA,Jyotisar,18.5,17.92,76.77853419485545,29.973748604528843
26437,23193,HARYANA,KURUKSHETRA,Gangheri,57.0,56.71,76.64845162050229,30.071373989622728
26221,22956,HARYANA,KAITHAL,Teonta,23.0,22.88,76.6234965763952,29.766909706436493
7434,6002,HARYANA,KURUKSHETRA,rawa,6.0,5.4,76.90464955791207,30.182535068037765
7432,6002,HARYANA,KURUKSHETRA,rawa,4.0,2.83,76.90389620372055,30.18489619569366
24111,19802,HARYANA,FATEHABAD,Ratakhera,17.7,17.33,75.51691526710164,29.643655246865823
5145,4093,HARYANA,SIRSA,Banwala,44.0,40.11,74.84888541843735,29.699987624184416
12783,9341,PUNJAB,MUKTSAR,Lohara,1.665,1.67,74.66304322699224,30.37069506305575
12782,9341,PUNJAB,MUKTSAR,Lohara,15.765,15.66,74.66642216017517,30.371811794782406
12781,9341,PUNJAB,MUKTSAR,Lohara,12.413,12.49,74.66681720031328,30.37358221943045
21801,16283,HARYANA,FATEHABAD,Mohammad pur rohi,6.0,5.3,75.56399924241495,29.457249431647984
21800,16283,HARYANA,FATEHABAD,Mohammad pur rohi,16.0,14.84,75.57002877642515,29.449442285047017
26487,23300,HARYANA,SIRSA,Budha bhana,7.0,6.16,75.10160396155246,29.624967573444952
26486,23300,HARYANA,SIRSA,Budha bhana,10.5,9.33,75.10116765886035,29.620425148739415
26501,23311,PUNJAB,BATHINDA,Chak bakhtu,6.7,6.76,75.1366378685849,30.208723048656996
26500,23311,PUNJAB,BATHINDA,Chak bakhtu,26.0,25.87,75.13725966920114,30.2111266376313
26471,23240,HARYANA,SIRSA,Nagoki,3.0,3.33,75.10555830590111,29.646868573126905
26485,23285,PUNJAB,BATHINDA,Chak Bakhtu,1.0,1.08,75.14552007661364,30.186407898329445
26484,23285,PUNJAB,BATHINDA,Chak Bakhtu,2.0,1.66,75.14534227843008,30.18799773437607
8626,6676,PUNJAB,MUKTSAR,Lohara,19.0,18.53,74.66847050139744,30.35780875196474
26457,23231,PUNJAB,LUDHIANA,Sowaddi,6.0,6.08,75.58771416811449,30.890849751033244
26697,23487,PUNJAB,MANSA,Bhamme khurd,20.0,19.32,75.38010738942452,29.847696507225265
26696,23487,PUNJAB,MANSA,Bhamme khurd,8.0,6.83,75.36278035031691,29.85277416062772
26695,23487,PUNJAB,MANSA,Bhamme khurd,7.0,6.95,75.36503792160956,29.86438165631867
26460,23232,PUNJAB,LUDHIANA,Sowaddi,6.0,6.0,75.60048795663698,30.894761306310308
26459,23232,PUNJAB,LUDHIANA,Sowaddi,7.0,6.8,75.5848157517419,30.88966595986424
26458,23232,PUNJAB,LUDHIANA,Sowaddi,5.0,5.02,75.5864247771888,30.884854588235843
26480,23275,HARYANA,KAITHAL,Matrwa kheri,20.5,20.16,76.59204011693026,29.82266949060003
7420,6096,HARYANA,KURUKSHETRA,bhagwanpur,6.0,4.42,76.9555392260955,30.05136618878615
7384,6096,HARYANA,KURUKSHETRA,bhagwanpur,9.0,8.17,76.9542561882025,30.05262782856733
9110,6987,HARYANA,KURUKSHETRA,Bakhli,41.0,41.83,76.52599614949844,30.008002541065196
7427,6101,HARYANA,KURUKSHETRA,Bhagwanpur,19.0,21.37,76.94854480761222,30.07272440051467
7386,6098,HARYANA,KURUKSHETRA,bhagwanpur,15.0,15.08,76.96262042922855,30.055789928409084
7387,6099,HARYANA,KURUKSHETRA,bhagwanpur,3.0,2.85,76.95180544571306,30.06263851469549
26554,23356,PUNJAB,BATHINDA,Chak Bakhtu,2.25,2.28,75.14593438854038,30.20507295802276
26553,23356,PUNJAB,BATHINDA,Chak Bakhtu,2.5,2.4,75.14736243457082,30.209623089346007
26552,23356,PUNJAB,BATHINDA,Chak Bakhtu,3.0,3.01,75.1462919109431,30.207528184431123
26551,23356,PUNJAB,BATHINDA,Chak Bakhtu,3.0,2.91,75.14407776477005,30.205203096143464
26708,23491,HARYANA,KARNAL,Gonder,40.0,37.8,76.75743770978585,29.649565833577583
26707,23491,HARYANA,KARNAL,Gonder,40.0,39.68,76.75573409462488,29.724059086042978
26522,23328,PUNJAB,BARNALA,Moom,11.5,11.5,75.47675738442753,30.544958892646104
26521,23328,PUNJAB,BARNALA,Moom,7.5,7.95,75.47467925973532,30.546553729576193
21892,16358,HARYANA,FATEHABAD,Pirthala,13.0,12.79,75.85374774208637,29.588367707417017
21891,16358,HARYANA,FATEHABAD,Pirthala,21.0,20.98,75.84777903949674,29.581592795174096
26545,23349,HARYANA,KARNAL,Ramba,57.5,57.39,76.99218738346892,29.799953470376263
7486,6160,HARYANA,KURUKSHETRA,Guhan,5.0,5.49,77.00036558715712,30.05467901343877
7485,6160,HARYANA,KURUKSHETRA,Guhan,4.0,4.9,76.99336590403608,30.05663954017786
26481,23276,HARYANA,KAITHAL,Matrwa kheri,6.3,6.03,76.61224057647327,29.812911555129055
26482,23277,HARYANA,KAITHAL,Matrwa kheri,6.0,5.88,76.61719734409171,29.815278248948527
7517,6181,HARYANA,KURUKSHETRA,bhagwan pur,8.0,7.89,76.9440433421024,30.07443357269734
7516,6181,HARYANA,KURUKSHETRA,bhagwan pur,6.0,5.92,76.95123585616092,30.06047660852093
10729,8011,HARYANA,FATEHABAD,Nagpur,18.0,17.65,75.42703776886643,29.666824767430395
7948,6197,HARYANA,KURUKSHETRA,Isherheri,3.0,2.98,76.95893191994548,30.12586477082309
7542,6197,HARYANA,KURUKSHETRA,Isherheri,9.0,10.14,76.95961513567683,30.12473723591742
7513,6180,HARYANA,KURUKSHETRA,bhagwanpur,4.0,3.94,76.9533875828978,30.06059148362491
7521,6182,HARYANA,KURUKSHETRA,bhagwanpur,2.0,2.18,76.9517791193674,30.05895403988103
17899,13609,HARYANA,FATEHABAD,Hasanga,26.2,26.13,75.61059008356375,29.59100303584478
8030,6276,HARYANA,KAITHAL,Theh newal,10.0,9.41,76.37223088269526,29.986387947967227
8001,6255,HARYANA,KURUKSHETRA,Kharindwa,6.0,6.22,76.91288774531255,30.105148506543433
26612,23426,PUNJAB,BARNALA,moom,4.5,2.76,75.49270606353682,30.565585070487497
26611,23426,PUNJAB,BARNALA,moom,2.8,2.76,75.50031573812743,30.55571570076483
26610,23426,PUNJAB,BARNALA,moom,3.2,3.11,75.49980068446827,30.554866498125765
26591,23415,PUNJAB,MANSA,Fatta maloka,40.0,39.75,75.30941102053426,29.798078560204857
26590,23415,PUNJAB,MANSA,Fatta maloka,9.0,8.27,75.30435870950828,29.802488224630917
26622,23435,HARYANA,FATEHABAD,Jallopur,11.0,10.72,75.4930290186677,29.695919885344832
26621,23435,HARYANA,FATEHABAD,Jallopur,31.0,31.12,75.49022709142845,29.698068087533755
20208,15043,HARYANA,FATEHABAD,Madh,39.0,38.64,75.4061018973481,29.71690647018869
26694,23486,PUNJAB,MANSA,Bhamme khurd,8.0,8.35,75.36779081688778,29.847035450066137
26693,23486,PUNJAB,MANSA,Bhamme khurd,4.5,4.48,75.36301567775143,29.85034437554752
26668,23478,PUNJAB,BARNALA,Chinniwal khurd,3.2,3.1,75.45510741719686,30.579787001086107
26702,23488,HARYANA,FATEHABAD,Lambha,9.0,8.72,75.66927454718642,29.686263077022225
26701,23488,HARYANA,FATEHABAD,Lambha,35.0,34.84,75.66576804063237,29.68476888767377
24681,20694,HARYANA,KARNAL,Bushli,22.0,21.72,76.95108839570176,29.623880290833437
8146,6337,HARYANA,KURUKSHETRA,Teora,15.0,13.72,76.87555185065789,30.125335763281225
8141,6337,HARYANA,KURUKSHETRA,Teora,3.0,3.5,76.87983467979475,30.11384147773509
7022,5652,PUNJAB,MUKTSAR,channu,9.6,9.73,74.5904937270482,30.08529876807265
26905,9947,HARYANA,KURUKSHETRA,Batheri,47.0,44.42,77.0996143323485,29.797170940404303
26652,23457,HARYANA,KURUKSHETRA,Batheri,66.0,64.01,76.59646527980676,29.945231869982532
7800,1996,HARYANA,KARNAL,Gondar,3.0,2.83,76.74096423368428,29.64668239138667
8387,6496,HARYANA,KURUKSHETRA,Bodala,13.0,13.43,76.94035516374302,30.002683229025024
26191,22923,PUNJAB,BATHINDA,Chak bakhtu,8.0,7.84,75.13550765491966,30.181371453525344
14809,10621,HARYANA,FATEHABAD,Sukhman pur,16.0,15.71,75.6080379166003,29.640166221366428
13853,10020,HARYANA,FATEHABAD,Lahli,16.0,15.98,75.50940203352408,29.69196840778121
7896,2444,HARYANA,FATEHABAD,Jallopur,41.0,41.54,75.48860137355987,29.66501494626933
7895,2444,HARYANA,FATEHABAD,Jallopur,12.0,10.92,75.49329302879043,29.6698835054976
3018,2444,HARYANA,FATEHABAD,Jallopur,5.0,4.69,75.49404956120375,29.675190194571915
3017,2444,HARYANA,FATEHABAD,Jallopur,7.0,6.49,75.49607623877515,29.676543300755963
8502,6586,HARYANA,KAITHAL,Pobala,40.5,30.26,76.5551344220221,29.904818767897964
8501,6586,HARYANA,KAITHAL,Pobala,10.5,9.67,76.55442647438456,29.905641843326872
8539,6611,HARYANA,SIRSA,Jhorar nali,7.0,6.99,74.94241910798365,29.527655366586902
8537,6610,HARYANA,SIRSA,Jhorar nali,13.0,13.1,74.94431628637311,29.524371080456195
8544,6612,HARYANA,SIRSA,Damdama,21.53,21.59,74.67220507125037,29.57917995802388
8543,6612,HARYANA,SIRSA,Damdama,6.5,6.65,74.68034228209004,29.552170366895908
8542,6612,HARYANA,SIRSA,Damdama,7.0,7.15,74.68013752471457,29.555580853560382
8541,6612,HARYANA,SIRSA,Damdama,7.5,7.58,74.67792768596112,29.56040650643208
5688,4542,HARYANA,FATEHABAD,Chankothi,9.0,9.77,75.44234306194204,29.618222832950345
13713,9924,HARYANA,FATEHABAD,Ratia,28.0,26.89,75.58019524618963,29.656952805763822
22395,16819,HARYANA,FATEHABAD,Sehnal,22.0,21.75,75.57955838187502,29.635721897524025
6068,4879,PUNJAB,MUKTSAR,Chhattiana,3.0,2.95,74.66348592091516,30.330283442165896
8590,6646,HARYANA,KURUKSHETRA,Ladwa,15.0,15.85,77.05005098698844,29.980072175169344
9723,7394,HARYANA,FATEHABAD,Hukmawali,4.5,4.47,75.45087976409923,29.690169928817713
9722,7394,HARYANA,FATEHABAD,Hukmawali,15.0,14.76,75.43146261834409,29.677378388802953
8612,6665,HARYANA,SIRSA,Sant nagar,8.5,8.67,74.71849754053505,29.552037565806568
8584,6643,HARYANA,KURUKSHETRA,Jenpur jattan,11.0,9.52,77.03032464392602,29.96696925797659
8593,6650,HARYANA,KURUKSHETRA,Barounda,20.0,19.0,77.05422554339661,29.960106423378367
8729,6741,HARYANA,KURUKSHETRA,Yara,7.0,8.26,76.94647255447167,30.13608097020614
17840,13568,PUNJAB,FAZILKA,Dhabkhusal joya,3.0,3.6,74.28567827587598,30.548152781565935
18728,14080,PUNJAB,FAZILKA,Rajpura sarrian,1.6,1.7,74.24401574456607,30.468225270382256
18727,14080,PUNJAB,FAZILKA,Rajpura sarrian,1.45,1.45,74.242953009867,30.468903708472816
18718,14080,PUNJAB,FAZILKA,Rajpura sarrian,14.0,11.97,74.19811626712544,30.469580630370025
18704,14080,PUNJAB,FAZILKA,Rajpura sarrian,12.0,13.27,74.20580719770793,30.46925147918119
8655,6691,HARYANA,KURUKSHETRA,Budha,12.0,13.64,77.07411330513526,29.97658538194512
8652,6691,HARYANA,KURUKSHETRA,Budha,5.0,5.67,77.07224832679456,29.97693354868623
6227,5026,HARYANA,KURUKSHETRA,kharindhwa,3.0,2.95,76.93746187950534,30.095863752542012
23916,19306,HARYANA,SIRSA,Najia Khera,30.0,29.89,75.08094132061662,29.457372959135487
24010,19538,HARYANA,FATEHABAD,Bhattu Kalan,10.5,10.57,75.3119273006586,29.355599896668306
23920,19313,HARYANA,KARNAL,Barota,25.0,25.38,76.91012417395997,29.62855345206464
23919,19313,HARYANA,KARNAL,Barota,27.0,29.42,76.91946151564655,29.62900503071884
24080,19768,HARYANA,KURUKSHETRA,Sandhola,55.0,55.8,76.64478399140499,29.962178055759107
23953,19457,HARYANA,FATEHABAD,Haroli,1.6,1.6,75.46126317034522,29.64700804460955
14449,10392,HARYANA,FATEHABAD,Lali,7.5,7.55,75.50586096916987,29.71615603342696
14447,10392,HARYANA,FATEHABAD,Lali,8.0,8.33,75.52995113367162,29.709192420024863
24166,19879,HARYANA,KARNAL,Naru kheri,15.0,15.77,76.94399657295449,29.60580148978831
24165,19879,HARYANA,KARNAL,Naru kheri,17.5,17.62,76.91314182388753,29.63159785635555
19221,14371,PUNJAB,FAZILKA,Chaksarrian,1.6,1.49,74.24153713696873,30.47026378174139
8066,6299,HARYANA,KURUKSHETRA,Khanpur jattan,8.0,6.11,76.86764502683668,30.122947177978016
6480,5212,HARYANA,KARNAL,Phusgarh,7.0,8.76,77.04413906697185,29.900845532363707
6479,5212,HARYANA,KARNAL,Phusgarh,4.0,4.79,77.0513067350587,29.89642231105427
6445,5185,HARYANA,KURUKSHETRA,Deeg,20.0,20.52,76.90647560217336,30.140417189389098
13190,9588,PUNJAB,FEROZEPUR,Nihala kilcha,10.0,10.42,74.58757188684432,31.03920617884137
24176,19883,HARYANA,KURUKSHETRA,Mehra,9.5,9.57,77.06962292743876,30.030918764730263
6409,5158,HARYANA,KURUKSHETRA,kharindwa,12.0,13.3,76.93171446260008,30.12829650541828
6695,5398,HARYANA,AMBALA,shahpur,6.0,6.08,77.12602526609857,30.340768551087823
8791,6785,HARYANA,KURUKSHETRA,Sunarian,12.0,9.77,76.99461633423519,30.10188410107913
23576,18716,HARYANA,KURUKSHETRA,Doda kheri,30.6,30.32,76.84657414938759,30.003875351025993
23817,19197,HARYANA,FATEHABAD,Akanwali,15.2,15.09,75.77444145807172,29.69025934535779
8853,6829,HARYANA,SIRSA,Bani,27.0,27.08,74.59965249854098,29.566973027063373
5657,4519,HARYANA,KARNAL,Chirao,26.0,24.94,76.91266225763076,29.66477925862644
8919,6874,HARYANA,KAITHAL,Bhunna,41.0,35.96,76.28579767642007,29.98432667753907
8848,6826,HARYANA,KURUKSHETRA,Yara,20.0,16.36,76.95486807969073,30.135546819240112
18874,14171,PUNJAB,FAZILKA,Janisar,8.3,8.51,74.3663202838215,30.488259636847907
16286,11485,PUNJAB,FEROZEPUR,Tibbi kla,4.0,3.83,74.48576835792736,30.912416870449963
16285,11485,PUNJAB,FEROZEPUR,Tibbi kla,4.0,3.38,74.4773058967566,30.911085513376136
16284,11485,PUNJAB,FEROZEPUR,Tibbi kla,20.0,19.86,74.4881719670535,30.892507771687512
16283,11485,PUNJAB,FEROZEPUR,Tibbi kla,11.4,11.26,74.48821150794507,30.89645102030652
16018,11310,PUNJAB,FEROZEPUR,Hasan tut,17.5,16.57,74.55133191381033,30.921245230501487
16017,11310,PUNJAB,FEROZEPUR,Hasan tut,32.6,29.65,74.54447861980351,30.92125798345152
9129,7000,PUNJAB,FAZILKA,Ramsra,5.8,5.96,74.22123921474328,30.05861156237171
1984,1631,PUNJAB,FAZILKA,Kila wail,8.0,5.68,74.09677746720489,30.173088164664097
13709,9920,PUNJAB,FEROZEPUR,Bage ke,34.7,28.01,74.70142840181678,30.937769081431636
17535,13411,PUNJAB,FEROZEPUR,Bhane wala,5.0,3.73,74.57192076079113,31.03160196191782
22973,17401,HARYANA,KAITHAL,Matrwa kheri,13.0,13.11,76.6200073411346,29.811643686548827
760,672,PUNJAB,GURDASPUR,Ball,6.0,4.97,75.16342984957087,31.79929117830783
17291,12028,PUNJAB,FEROZEPUR,Karmu wala,15.0,13.32,74.84283278956393,30.92476881948038
16100,11362,PUNJAB,FEROZEPUR,Karrme,11.0,11.06,74.48786013441241,30.874606364123473
24479,20342,HARYANA,KAITHAL,Firojpur,12.8,12.76,76.38826173223084,29.87620521681447
24478,20342,HARYANA,KAITHAL,Firojpur,9.1,9.12,76.40403590529931,29.903309715016707
2998,2424,HARYANA,HISAR,Kuleri,3.0,2.78,75.66549744059658,29.37382531819716
25303,21695,HARYANA,KAITHAL,Sirta,17.0,17.7,76.34648184863904,29.83395387677417
25302,21695,HARYANA,KAITHAL,Sirta,3.3,3.36,76.35006990283728,29.84074035257572
26454,23215,HARYANA,KARNAL,Thortha,12.0,12.09,76.68128250907363,29.714097625107826
18467,13925,HARYANA,KAITHAL,Ahun,14.0,14.06,76.6731851859457,29.786060827382368
17785,13536,HARYANA,KAITHAL,Pabnawa,5.5,5.35,76.68436912195399,29.881623309578575
17784,13536,HARYANA,KAITHAL,Pabnawa,4.0,4.11,76.68514225781222,29.88266251084209
22654,17050,HARYANA,KAITHAL,Kaul,20.0,19.36,76.64627249744552,29.860354512647692
23211,18032,HARYANA,KAITHAL,Pharal,10.5,10.26,76.57877486515854,29.84313839216258
18266,13824,HARYANA,KAITHAL,Sagroli,14.0,13.9,76.64724625857903,29.8076942566859
11747,8625,HARYANA,KAITHAL,Ahun,4.5,4.48,76.70109879916734,29.793340650834217
11746,8625,HARYANA,KAITHAL,Ahun,7.5,7.42,76.69053265241783,29.78740591769387
11745,8625,HARYANA,KAITHAL,Ahun,3.0,3.01,76.68805445872765,29.78891400749327
12023,8820,HARYANA,KARNAL,Peont,5.0,3.57,76.80067403628756,29.6250167066653
23145,17875,HARYANA,KARNAL,Bushli,12.5,13.81,76.94853520363183,29.6117327918606
2218,1812,HARYANA,KARNAL,Kachhwa,14.0,13.69,76.89967341073401,29.734267392674926
2217,1812,HARYANA,KARNAL,Kachhwa,14.0,18.1,76.90098513915858,29.72974739410184
19576,14588,HARYANA,KARNAL,Nathauri,10.2,10.29,77.13981839711205,29.921984463119458
1094,935,PUNJAB,GURDASPUR,Marhe,7.0,7.5,75.41299417469824,31.93168361069244
2751,2231,HARYANA,JIND,Barsana,6.0,6.63,76.3966075790971,29.37192928343019
2300,1873,HARYANA,KAITHAL,Kurar,8.0,7.33,76.2017672616605,29.73591957708697
752,665,HARYANA,KAITHAL,Ramdaspura,1.0,1.19,76.31774002348675,29.94726032084789
751,665,HARYANA,KAITHAL,Ramdaspura,7.0,5.84,76.31928359738454,29.948805287868893
12571,9202,HARYANA,KAITHAL,Keorak,29.5,29.29,76.48301208474473,29.88362159682869
9176,7030,HARYANA,KARNAL,Bhoji,20.0,21.67,77.11563838484582,29.929338950275067
9174,7030,HARYANA,KARNAL,Bhoji,9.0,8.33,77.1155091055304,29.927509719962444
11261,8339,HARYANA,KAITHAL,Ahun,15.0,16.12,76.6942810778493,29.795577459815725
14044,10098,HARYANA,KAITHAL,Ahun,13.0,12.7,76.7003677447895,29.79195598547614
13989,10098,HARYANA,KAITHAL,Ahun,3.0,2.91,76.6996952573626,29.792963729967177
13988,10098,HARYANA,KAITHAL,Ahun,3.0,2.78,76.68662548920153,29.789846073920476
1294,1101,HARYANA,KARNAL,Gondar,2.0,1.85,76.74347029582667,29.629788803040068
9628,7330,HARYANA,KARNAL,Jainpur,11.0,11.86,77.06735348366864,29.922207776741537
15232,10862,HARYANA,KARNAL,Chogawan,4.3,4.34,77.19246596580274,29.938554677922603
18592,14012,HARYANA,KARNAL,Gonder,55.0,54.33,76.78681775227027,29.64293495813698
3427,2743,HARYANA,KARNAL,Gonder,6.0,5.98,76.73832731222059,29.640506698464204
14335,10326,HARYANA,KARNAL,Gonder,54.0,53.23,76.6677140926696,29.701642859150652
23607,5229,HARYANA,KARNAL,Samalkha,17.0,15.99,76.93333029530102,29.615346916658
1166,994,HARYANA,KARNAL,Aunghd,3.75,4.31,76.81194974132022,29.667432674957873
9185,7039,HARYANA,KARNAL,Kharek,10.0,9.91,77.16643862563653,29.91357586049631
5856,4679,HARYANA,KARNAL,Budhera,7.0,5.53,76.76663853589547,29.865410084440647
6418,5166,HARYANA,KARNAL,Islamnagar,2.0,2.11,77.12300173362225,29.87959547640566
12200,8950,HARYANA,KARNAL,Munak,2.0,1.76,76.86419102092232,29.491612865180137
24049,19642,HARYANA,KARNAL,Jani,16.5,16.57,76.90411256855211,29.6246102775565
24048,19642,HARYANA,KARNAL,Jani,5.5,4.81,76.89302912629756,29.61767144068104
4033,3223,HARYANA,KARNAL,Sahapur,5.0,4.55,76.91110545977371,29.689248256981628
4032,3223,HARYANA,KARNAL,Sahapur,4.75,4.45,76.91402728809635,29.69015136268207
9237,7069,HARYANA,KAITHAL,Harnola,11.52,11.61,76.30673005965667,29.92868095321535
22026,16511,HARYANA,KARNAL,Bushli,7.0,6.89,76.95278560037713,29.62105577034201
16315,11499,HARYANA,KARNAL,Gonder,88.0,88.25,76.73638614868317,29.67123103831319
8511,6593,HARYANA,KURUKSHETRA,Bapdi,10.0,10.58,77.06417516054003,29.98117634937653
10169,7697,HARYANA,KURUKSHETRA,Bichgaw,19.0,19.8,76.76237673850909,30.019728977298207
13702,9915,HARYANA,KARNAL,Aogandh,30.0,29.9,76.82546315092964,29.6748676335254
25952,22526,HARYANA,KARNAL,Barota,1.5,1.6,76.92626988017604,29.61919984279884
12700,9294,HARYANA,KARNAL,Amupur,8.0,7.92,76.73214573593576,29.759154196102195
14440,10388,HARYANA,KARNAL,Alawla,50.0,50.13,76.72962268041353,29.58240884831589
6033,4849,HARYANA,KARNAL,Gonder,6.0,5.09,76.74145685926257,29.647627966292763
5320,4250,HARYANA,KARNAL,Gonder,10.0,8.43,76.74103865276355,29.64458921978633
16546,11642,HARYANA,KARNAL,Narukheri,49.5,49.6,76.96863563806387,29.606597864998975
22621,17017,HARYANA,KARNAL,Staundi,22.0,16.74,76.91156551450086,29.581609401447565
9625,7329,HARYANA,SIRSA,Wadania ther kariwala,11.6,11.51,74.65301457008631,29.527092883271912
5520,4413,HARYANA,KARNAL,Kalampura,6.5,6.65,76.91658273044776,29.70423546557677
5765,4611,PUNJAB,PATIALA,baran,35.0,30.02,76.39604620933747,30.40598779370279
9554,7284,HARYANA,KURUKSHETRA,Sirasama,4.2,4.01,76.91316637259258,29.9651762008214
24232,19963,HARYANA,KARNAL,Bijna,23.0,23.29,76.93651001858152,29.61266207890659
24231,19963,HARYANA,KARNAL,Bijna,20.0,19.6,76.93614131171569,29.59381245607498
12959,9457,PUNJAB,LUDHIANA,Pamali,2.0,2.35,75.73809662336939,30.81881465012672
12958,9457,PUNJAB,LUDHIANA,Pamali,4.0,4.19,75.73991370099154,30.82384243056457
12957,9457,PUNJAB,LUDHIANA,Pamali,4.0,4.15,75.74199800529132,30.821001767471955
23004,17694,HARYANA,KARNAL,Budanpur,5.5,5.8,76.90679964660363,29.60693209057475
23003,17694,HARYANA,KARNAL,Budanpur,20.0,19.99,76.90768154375941,29.603940133807985
12567,9199,HARYANA,KURUKSHETRA,Gudha,14.5,13.67,77.05262727542211,30.06932143392852
12566,9199,HARYANA,KURUKSHETRA,Gudha,17.3,17.65,77.05993733714769,30.07258400489162
15088,10780,PUNJAB,MUKTSAR,Ramgarh,5.2,5.08,74.39329685189672,30.500295726456415
7501,6170,HARYANA,KURUKSHETRA,bagwanpur,3.0,3.09,76.9445400041761,30.06668360795686
7500,6170,HARYANA,KURUKSHETRA,bagwanpur,8.0,7.56,76.94271115599787,30.06901758693215
8661,6696,HARYANA,KURUKSHETRA,Chalondi,3.0,2.32,77.10293760490755,29.98574510204877
5918,4734,PUNJAB,LUDHIANA,Kalsan,12.0,9.5,75.55097273070477,30.602139434802467
16882,11820,PUNJAB,MUKTSAR,Abul khurana,4.75,4.76,74.50664968491324,30.116541967570065
16881,11820,PUNJAB,MUKTSAR,Abul khurana,28.0,29.24,74.50689604664072,30.12006572064576
16880,11820,PUNJAB,MUKTSAR,Abul khurana,3.75,3.53,74.56984399400714,30.133765388939853
16879,11820,PUNJAB,MUKTSAR,Abul khurana,16.5,16.81,74.56930400608643,30.135757510484996
9553,7283,HARYANA,KURUKSHETRA,Sirsama,5.3,4.78,76.92056849299216,29.978997481132417
9552,7283,HARYANA,KURUKSHETRA,Sirsama,4.4,4.55,76.91909574542575,29.97731023253579
9551,7283,HARYANA,KURUKSHETRA,Sirsama,36.0,35.91,76.92465008641463,29.971300767850515
9825,7465,HARYANA,KURUKSHETRA,Khedi dabdhlan,9.0,8.92,77.08938477284663,30.02459597230436
9824,7465,HARYANA,KURUKSHETRA,Khedi dabdhlan,5.3,4.92,77.08633838840203,30.021762515850803
9624,7328,HARYANA,SIRSA,Wadania ther kariwala,10.0,9.99,74.62933757841752,29.51962048241722
9558,7287,HARYANA,KURUKSHETRA,Sirsama,3.6,3.41,76.90862564065797,29.976197565822385
6735,5425,HARYANA,KURUKSHETRA,bhuhavi,5.0,5.22,76.98986132545701,30.15076395603863
6734,5425,HARYANA,KURUKSHETRA,bhuhavi,1.4,1.51,76.99093823596137,30.150689544857887
8641,6684,HARYANA,KURUKSHETRA,Urnai,6.0,6.59,76.63548830472675,30.01028044565858
8640,6684,HARYANA,KURUKSHETRA,Urnai,8.0,6.6,76.6355428907517,30.001946222767696
1784,1480,HARYANA,KURUKSHETRA,Jyotisar,18.0,22.02,76.76441600072526,29.947690342241025
15116,10796,PUNJAB,MUKTSAR,sukhna abluo,3.002,2.9,74.61633096244815,30.35272746976241
15113,10796,PUNJAB,MUKTSAR,sukhna abluo,2.239,2.15,74.63575110978219,30.35132540403612
4771,3783,HARYANA,SIRSA,Chamal,21.0,19.8,74.95822588724553,29.568831022079344
6855,5511,HARYANA,KURUKSHETRA,kalwa,7.0,7.44,76.98763421803423,30.114970243757693
7971,6236,HARYANA,KURUKSHETRA,Jorasi kalan,19.0,18.63,76.5819203397644,30.024544943757483
575,516,PUNJAB,TARN_TARAN,Nawa pind,7.0,6.99,74.99658125992077,31.52816525906852
8586,6644,HARYANA,KURUKSHETRA,Janpur jattan,4.0,3.63,77.02171794286113,29.971475011006756
8585,6644,HARYANA,KURUKSHETRA,Janpur jattan,6.0,6.58,77.03495075344685,29.968788884122137
12956,9173,PUNJAB,LUDHIANA,Jangpur,4.0,3.97,75.68588231112003,30.82807789163515
9747,7414,PUNJAB,BATHINDA,Gobindpura,3.5,3.59,75.04171105734088,30.279465520336064
8324,6458,HARYANA,KURUKSHETRA,Samaspur,32.0,32.32,76.7344328901007,29.98468881691069
7260,6005,HARYANA,KURUKSHETRA,"damli,",14.0,13.25,76.89435004126221,30.1906550678011
16637,11692,PUNJAB,MUKTSAR,Bhullar,9.784,9.8,74.59220728231436,30.42435218023932
11866,4390,PUNJAB,MUKTSAR,Sahib Chand,2.77,2.09,74.68738347013982,30.30590955446794
11865,4390,PUNJAB,MUKTSAR,Sahib Chand,2.813,2.6,74.70939236712302,30.314691206841935
11897,8735,HARYANA,KURUKSHETRA,Kamwarkheri,22.0,21.59,76.81365803434964,29.886756882517552
8564,6629,HARYANA,KURUKSHETRA,Jyotisar,10.0,9.49,76.7671279653391,29.957491616868623
8563,6629,HARYANA,KURUKSHETRA,Jyotisar,11.0,11.34,76.7708190975797,29.957729796759494
557,500,PUNJAB,TARN_TARAN,Balim manjpur,6.0,5.75,75.0727553411583,31.576736736996786
12006,8808,PUNJAB,LUDHIANA,Hambran,5.0,5.01,75.67991519531148,30.927557315030302
26155,22837,PUNJAB,LUDHIANA,Barsal,52.0,52.35,75.5357768724643,30.854770194862457
12358,9069,PUNJAB,LUDHIANA,Harnampur,3.0,3.34,75.9241834482711,30.825327459137217
12357,9069,PUNJAB,LUDHIANA,Harnampur,12.0,13.77,75.93039226452836,30.81835473606707
9225,7063,PUNJAB,MANSA,Kulrian,8.0,8.0,75.69601429561926,29.791776577416137
9224,7063,PUNJAB,MANSA,Kulrian,4.0,4.02,75.70371299417573,29.80609337512488
9223,7063,PUNJAB,MANSA,Kulrian,2.0,2.0,75.69923962582627,29.802858735547105
9222,7063,PUNJAB,MANSA,Kulrian,1.812,1.8,75.7013333307064,29.80285176732204
9221,7063,PUNJAB,MANSA,Kulrian,8.871,8.94,75.70152542228159,29.804017180469916
16387,11546,PUNJAB,MUKTSAR,chak duhewala,67.6444,68.2,74.53745847636652,30.37585083106788
16386,11546,PUNJAB,MUKTSAR,chak duhewala,83.266,82.26,74.53336054526204,30.367415807337157
16385,11546,PUNJAB,MUKTSAR,chak duhewala,64.074,64.33,74.51348921923639,30.36870051719999
16384,11546,PUNJAB,MUKTSAR,chak duhewala,6.295,6.12,74.51762250007044,30.366197235806577
4990,3963,HARYANA,SIRSA,Sant Nagar,28.0,22.62,74.71698302232038,29.58211061790717
25042,21295,HARYANA,SIRSA,Dhottar,10.0,9.76,74.91185051077946,29.584135764322017
9746,7413,PUNJAB,BATHINDA,Gobindpura,4.5,4.28,75.03985410119449,30.283922346067964
12457,9129,PUNJAB,MUKTSAR,Buttar sarien,3.0,2.99,74.68485993340565,30.34451618473904
17630,13456,PUNJAB,MUKTSAR,udekaran,8.684,10.07,74.54268053781394,30.49686832582115
17629,13456,PUNJAB,MUKTSAR,udekaran,31.656,31.43,74.53921475827633,30.503427015073896
17628,13456,PUNJAB,MUKTSAR,udekaran,9.849,9.74,74.5361177118445,30.49683781456472
17627,13456,PUNJAB,MUKTSAR,udekaran,5.535,5.48,74.5340609169313,30.50314151760084
17626,13456,PUNJAB,MUKTSAR,udekaran,4.193,4.22,74.52822846930283,30.507579551265177
25881,22454,HARYANA,SIRSA,Mohammadpur Salarpur,10.0,8.64,74.96923554402592,29.499823824828997
22038,16529,HARYANA,YAMUNANAGAR,Kail,6.5,6.08,77.24325959782864,30.189569691959385
20311,15108,PUNJAB,MUKTSAR,Lal bai,11.22,11.24,74.57940775043583,30.14138609846515
18508,13949,PUNJAB,MUKTSAR,Ramgarh singh,4.0,4.07,74.38514631672136,30.49279477053336
18507,13949,PUNJAB,MUKTSAR,Ramgarh singh,3.0,3.19,74.3904596170114,30.49194291995092
20068,14930,PUNJAB,MUKTSAR,Fathui Khera,4.715,4.7,74.5125099155607,30.01425334734427
20066,14930,PUNJAB,MUKTSAR,Fathui Khera,6.771,6.78,74.50382609616413,30.015402560163395
20065,14930,PUNJAB,MUKTSAR,Fathui Khera,5.386,5.48,74.50707750877449,30.012992477662475
20064,14930,PUNJAB,MUKTSAR,Fathui Khera,11.0,10.8,74.50817246855019,30.01368263970646
16719,11741,PUNJAB,MUKTSAR,Abul khurana,82.0,81.61,74.52073250521738,30.134323755657977
25877,22451,HARYANA,SIRSA,Mohammadpur Salarpur,30.0,32.78,74.97047342537925,29.497099410913048
25876,22451,HARYANA,SIRSA,Mohammadpur Salarpur,25.0,23.34,74.96608279328458,29.490039072215236
20121,14983,PUNJAB,MUKTSAR,Abul Khurana,35.436,35.49,74.52580460927925,30.15236168994444
20120,14983,PUNJAB,MUKTSAR,Abul Khurana,5.574,4.92,74.53420472888155,30.14019316875271
20119,14983,PUNJAB,MUKTSAR,Abul Khurana,6.464,6.44,74.53360177553294,30.141225456559283
20118,14983,PUNJAB,MUKTSAR,Abul Khurana,6.735,6.29,74.51581785657746,30.14153535533209
16663,11687,PUNJAB,MUKTSAR,Chak janisar,33.0,34.38,74.33671002057224,30.513248264235543
16660,11687,PUNJAB,MUKTSAR,Chak janisar,3.0,2.9,74.34193568079905,30.49071847091013
16630,11687,PUNJAB,MUKTSAR,Chak janisar,13.5,15.46,74.34975046815886,30.489404290611542
4416,3492,HARYANA,SIRSA,Talwara khurd,4.0,4.19,74.64238740270392,29.500941230322685
22398,16823,PUNJAB,MUKTSAR,Balamgarh,10.6,10.82,74.43607545243509,30.47291296755325
22397,16823,PUNJAB,MUKTSAR,Balamgarh,1.2,1.32,74.4338745707612,30.47285169305577
16364,11534,PUNJAB,MUKTSAR,Ramgarh,1.6,1.53,74.39507547146253,30.501989559028285
20054,14926,PUNJAB,MUKTSAR,Lakhawale,13.0,12.99,74.34807526414845,30.45660482064804
2502,2030,HARYANA,SONIPAT,Puthi,9.0,9.61,76.68836033446132,29.087595153621145
15482,10994,PUNJAB,MUKTSAR,Ramgarh,5.5,6.53,74.4041724447275,30.48349686898529
11735,8618,PUNJAB,MUKTSAR,Buttar sharinh,23.802,23.45,74.68594252132189,30.3484111101138
25323,21724,HARYANA,SIRSA,Nezadela kalan,4.0,4.02,75.05812481606121,29.565805994461783
342,318,PUNJAB,TARN_TARAN,Ekal gadda,12.0,10.14,75.06441509325157,31.51273455673484
17207,11983,PUNJAB,MUKTSAR,Abul khurana,3.2,3.12,74.54739650379202,30.13320066403734
17206,11983,PUNJAB,MUKTSAR,Abul khurana,6.3,6.46,74.5743400230303,30.125145510703373
1644,1373,PUNJAB,TARN_TARAN,Thathi,14.0,13.26,74.96887721392936,31.53833133052318
13330,4813,HARYANA,YAMUNANAGAR,Kalesra,3.2,3.07,77.11810345903231,30.086637473837204
13327,4813,HARYANA,YAMUNANAGAR,Kalesra,3.0,2.66,77.11994379863988,30.089242359590337
18320,10966,PUNJAB,MUKTSAR,Ramgarh,2.0,1.98,74.40086178929309,30.479878968017143
15420,10966,PUNJAB,MUKTSAR,Ramgarh,11.0,11.26,74.4023160117148,30.473642710760345
16076,11344,PUNJAB,MUKTSAR,Abul khurana,28.4,28.24,74.50118188209484,30.11748412315556
24662,20675,HARYANA,SIRSA,Theri baba sawan singh,5.5,5.23,75.15076238453719,29.544302445121552
16073,11341,PUNJAB,MUKTSAR,Virk khera,5.0,4.95,74.44027527448962,30.237645488171957
10468,7825,HARYANA,YAMUNANAGAR,Haibatpur,5.4,5.27,77.22891823491727,30.28384607331554
10455,7825,HARYANA,YAMUNANAGAR,Haibatpur,11.0,10.84,77.2338990483667,30.297229473895317
20161,14915,PUNJAB,MUKTSAR,Lakhawale,2.6,2.79,74.32260826666543,30.4411993420774
20160,14915,PUNJAB,MUKTSAR,Lakhawale,15.1,14.91,74.32304482591016,30.43948503157124
20046,14915,PUNJAB,MUKTSAR,Lakhawale,18.3,18.97,74.36697667141901,30.43397376067345
20045,14915,PUNJAB,MUKTSAR,Lakhawale,7.5,7.8,74.36389923121592,30.433575434386427
20044,14915,PUNJAB,MUKTSAR,Lakhawale,9.8,10.01,74.36040193851666,30.434051573187297
20043,14915,PUNJAB,MUKTSAR,Lakhawale,7.5,7.66,74.35555191046431,30.43391820276049
2509,2037,HARYANA,PANIPAT,Binjol,5.0,5.01,76.92386113392647,29.351741888323563
12548,9185,HARYANA,YAMUNANAGAR,Kunjal jattan,1.5,1.56,77.17535945090968,30.092759311925292
1098,939,HARYANA,PANIPAT,Binjol,6.0,6.62,76.93359408881322,29.35982931701805
150,140,PUNJAB,TARN_TARAN,Lauhka,7.0,5.79,74.8774002592984,31.360754476373696
18376,13875,HARYANA,YAMUNANAGAR,Sagri,2.2,2.21,77.1392136749012,30.11719258667924
18375,13875,HARYANA,YAMUNANAGAR,Sagri,2.0,1.91,77.13978996173363,30.11653313725592
18374,13875,HARYANA,YAMUNANAGAR,Sagri,4.8,4.85,77.14267368713682,30.11731247454892
15265,10875,HARYANA,YAMUNANAGAR,Chamrori,7.5,6.59,77.12566439634482,30.06113485015418
12041,8832,HARYANA,KARNAL,Brass,8.0,7.79,76.75432641055113,29.74661634981387
15275,10880,PUNJAB,MUKTSAR,Ramgarh,2.5,2.8,74.39075523229944,30.49767057140376
15273,10880,PUNJAB,MUKTSAR,Ramgarh,2.0,1.79,74.38638226558362,30.500311884785656
1100,941,HARYANA,PANIPAT,Jatal,17.0,14.78,76.9006692254873,29.36559452456436
26234,22965,HARYANA,YAMUNANAGAR,Khandwa,30.0,30.07,77.25898686335474,30.088153566489183
24071,19744,HARYANA,YAMUNANAGAR,Harnouli,2.5,2.49,77.28632257151322,30.228872951365663
16111,11371,PUNJAB,MUKTSAR,Arniwala wazira,6.5,6.65,74.47272815066279,30.07066652237683
2055,1686,HARYANA,PANIPAT,Chhajjpur,10.0,10.84,77.03405072574394,29.36894648317216
1563,1313,HARYANA,SIRSA,Musli,4.0,3.81,74.764963627951,29.455139642828897
22710,17106,HARYANA,KARNAL,Barota,16.0,15.53,76.9226665546706,29.628139483676392
22709,17106,HARYANA,KARNAL,Barota,4.0,3.92,76.93560826745056,29.618803646993353
22708,17106,HARYANA,KARNAL,Barota,7.0,6.37,76.94887507849012,29.622869557569334
22707,17106,HARYANA,KARNAL,Barota,30.0,33.88,76.94537932707676,29.61650416166651
23370,18259,HARYANA,YAMUNANAGAR,Talakour,5.5,5.6,77.20216235085105,30.23474875694209
23369,18259,HARYANA,YAMUNANAGAR,Talakour,6.2,5.44,77.20759318620682,30.23381424252244
1349,1140,HARYANA,PANIPAT,Lohari,6.0,5.47,76.84712046765914,29.352115449520824
13643,9866,HARYANA,YAMUNANAGAR,Chhari,10.7,9.67,77.13786343610819,30.086466430360662
8793,6787,HARYANA,KURUKSHETRA,Sunarian,12.0,11.56,76.99496975499834,30.103833085799007
13234,9619,PUNJAB,LUDHIANA,Pamali,8.7,8.1,75.75215213725117,30.82763078935364
14452,10395,HARYANA,KURUKSHETRA,Untheri,46.1,46.01,76.9642739114862,29.99393133758894
18294,13838,PUNJAB,MUKTSAR,Bhuttiwala,4.059,3.93,74.6098206851224,30.463167442195193
18293,13838,PUNJAB,MUKTSAR,Bhuttiwala,18.592,18.58,74.61326704958378,30.461449990581976
18292,13838,PUNJAB,MUKTSAR,Bhuttiwala,26.651,26.54,74.6153698431277,30.46501248635338
10471,7835,HARYANA,YAMUNANAGAR,Haibatpur,5.0,4.76,77.23136763704167,30.298541426427068
2594,2108,PUNJAB,FAZILKA,ABOHAR,17.0,13.72,74.17533980702765,30.150478031465195
3143,2523,HARYANA,SIRSA,Mirzapur,10.0,9.71,74.68283977200721,29.522985358324433
4844,3841,HARYANA,SIRSA,Sant Nagar,27.4,30.95,74.71476600343807,29.558492222751504
25460,21896,HARYANA,SIRSA,Nanakpur,7.0,6.57,74.92147328671676,29.512808170015266
14406,10364,HARYANA,KURUKSHETRA,Ghararsi,20.0,20.39,76.70560446606092,29.91476407640921
3233,2590,HARYANA,SIRSA,Ghukanwali,20.0,19.76,74.86518809162132,29.703980918369496
3178,2547,HARYANA,SIRSA,Mirzapur,12.4,12.11,74.68614790478375,29.51717495367529
26355,23098,HARYANA,SIRSA,Suchan,9.0,8.72,75.18945765208731,29.532799957924155
4727,3743,HARYANA,SIRSA,Shikandar pur,10.0,10.5,75.13255621731044,29.56775942346818
4135,3292,HARYANA,SIRSA,Dumdma,7.5,6.94,74.6832104787436,29.554091301304897
4134,3292,HARYANA,SIRSA,Dumdma,4.0,3.46,74.68201723089112,29.558250976899217
7418,6124,PUNJAB,MANSA,Kulrian,1.65,1.66,75.6919824024563,29.801367289207235
7416,6124,PUNJAB,MANSA,Kulrian,35.306,35.16,75.70106993140942,29.80052884506968
26127,22814,HARYANA,KURUKSHETRA,Antheri,33.0,35.63,76.96473273347401,29.99945132134672
9912,7521,HARYANA,AMBALA,Sehla,11.0,9.29,77.16101688145292,30.357835982286677
17436,13365,HARYANA,KAITHAL,Ahun,5.0,5.24,76.69790881070617,29.793322800348477
17435,13365,HARYANA,KAITHAL,Ahun,3.0,2.92,76.68607908293427,29.789318560821272
9908,7518,HARYANA,AMBALA,Sehla,11.6,10.91,77.15732306631536,30.349931239396156
9939,7537,HARYANA,AMBALA,Sahla,11.0,11.32,77.15440702323694,30.362946001884815
9940,7538,HARYANA,AMBALA,Sahla,18.0,17.53,77.1665245853512,30.34698469185151
10043,7605,HARYANA,AMBALA,Foksha,12.0,11.99,77.03955824405948,30.14079377236658
10053,7610,PUNJAB,FEROZEPUR,Gokhi wala,2.0,1.97,74.56488037362017,30.94988725063492
10064,7615,HARYANA,KURUKSHETRA,Magoli,4.0,3.9,77.03518639148812,30.13929278051456
10066,7617,HARYANA,KURUKSHETRA,Magoli,7.4,6.99,77.0352144537726,30.13825855147174
10680,7976,HARYANA,SIRSA,Ellenabad,14.9,14.59,74.73748833504618,29.493239594583525
10340,7754,PUNJAB,BATHINDA,Deon,5.0,5.14,74.81315362055484,30.24767925687863
10379,7784,HARYANA,KURUKSHETRA,Kharindwa,17.0,17.68,76.926646555374,30.09568282262731
10384,7781,HARYANA,KURUKSHETRA,Kharindwa,10.0,11.54,76.93122607577348,30.10342505848165
15464,10984,HARYANA,KURUKSHETRA,Murtzapur,15.0,14.9,76.67311756986635,29.982100131139187
15463,10984,HARYANA,KURUKSHETRA,Murtzapur,15.0,15.14,76.65765857762449,29.97889458818499
10472,7836,HARYANA,YAMUNANAGAR,Haibatpur,1.4,1.28,77.23004938673188,30.287830323130127
10429,7812,HARYANA,KURUKSHETRA,Bir kalwa,10.0,11.53,76.97413082030597,30.10146548698661
22948,17368,HARYANA,KARNAL,Nissing,58.0,58.24,76.88785681361728,29.696599105573984
10553,7879,PUNJAB,FEROZEPUR,Lubri wala,38.0,34.95,74.68784293968831,30.940223104633343
11330,8377,HARYANA,KURUKSHETRA,Gobindgerh,10.0,9.53,77.03037106756845,29.960504955564694
10723,8005,HARYANA,KURUKSHETRA,Phalsanda rangarn,4.0,3.99,77.00150166619112,30.098453593724688
10726,8008,HARYANA,KURUKSHETRA,Phalsanda rangran,6.0,6.64,76.99998441113367,30.10482114240821
11907,8742,HARYANA,KAITHAL,Ahun,12.5,12.38,76.68560723235711,29.79963938891888
11383,8407,PUNJAB,FEROZEPUR,Kilche,3.0,2.97,74.59849033608747,31.02796902978436
11467,8454,HARYANA,KURUKSHETRA,Nalvi,8.8,8.82,76.76799191633692,30.18248588248363
10045,7607,HARYANA,KURUKSHETRA,Mangoli,15.0,15.97,77.02541028018221,30.124131711915837
11524,8492,HARYANA,YAMUNANAGAR,Hiranchhaper,7.5,7.39,77.09183853397064,30.101518140491017
11488,8470,HARYANA,KURUKSHETRA,Nalvi,12.1,12.02,76.75903214462532,30.18480374789433
15076,10772,HARYANA,FATEHABAD,Nagpur,15.0,14.65,75.4309065362391,29.6747116835151
19428,14487,HARYANA,KARNAL,Nissing,56.5,57.72,76.78708665452558,29.695507654731145
11494,8474,HARYANA,KURUKSHETRA,Nalvi,20.0,21.15,76.75942500247301,30.1911402673968
11468,8455,HARYANA,KURUKSHETRA,Nalvi,20.0,19.81,76.78261133012394,30.162514977002225
11634,8556,HARYANA,AMBALA,Zaffarpur,8.0,8.43,77.15395724909006,30.330829581882476
11680,8588,HARYANA,AMBALA,Jaferpur,11.0,10.41,77.13839406067527,30.32670353189297
11638,8559,HARYANA,AMBALA,Jaferpur,7.0,7.33,77.15475391857377,30.321979810814977
11637,8559,HARYANA,AMBALA,Jaferpur,3.4,3.88,77.15488553498732,30.327065180186377
24689,3744,HARYANA,KURUKSHETRA,Balahi,23.5,22.87,76.76074703289497,30.001494382706227
19627,14620,HARYANA,KAITHAL,Ahun,2.0,1.91,76.68543415417035,29.79029513748402
11643,8563,HARYANA,AMBALA,Zafferpur,4.0,4.1,77.14491393116869,30.309563366403932
11685,8593,HARYANA,KURUKSHETRA,Gobindgher,11.0,11.3,77.02890620802317,29.962230184115317
11678,8586,HARYANA,AMBALA,Jaferpur,6.4,5.4,77.1405616881731,30.32088788015993
11660,8576,HARYANA,YAMUNANAGAR,Baindi,4.0,4.07,77.17095138995512,30.08533771448484
11682,8590,HARYANA,AMBALA,Jaferpur,10.0,9.94,77.1443731615213,30.32491328224791
11658,8574,HARYANA,KAITHAL,Ramnagar bhunna,2.0,1.83,76.33982414388544,29.96788357374237
11657,8574,HARYANA,KAITHAL,Ramnagar bhunna,8.0,8.17,76.34011376132598,29.970763890193453
11683,8591,HARYANA,KURUKSHETRA,Gobindghar,19.0,19.09,77.03461904669832,29.956428849905027
11679,8587,HARYANA,AMBALA,Jaferpur,13.0,12.51,77.14561822331423,30.336861996875577
11633,8555,HARYANA,AMBALA,Jaferpur,9.0,8.97,77.1574696287815,30.32559731249112
11781,8655,HARYANA,YAMUNANAGAR,Mansurpur,10.5,10.63,77.13692174909143,30.0771861848516
11684,8592,HARYANA,AMBALA,Jaferpur,3.2,3.04,77.14408171473212,30.32644820175963
11799,8667,HARYANA,KURUKSHETRA,Jalkheri,4.2,3.92,76.92328194140309,30.07298461306514
6782,5456,PUNJAB,MANSA,Khiwa dialuwala,21.3,21.34,75.55836236363604,30.141729356951693
9022,6930,HARYANA,SIRSA,Talwara khurd,11.0,11.29,74.61392034481374,29.47352969546306
11849,8703,PUNJAB,FEROZEPUR,Nizam wala,4.0,4.28,74.70947088474888,31.04718135455003
8619,6670,HARYANA,KARNAL,Gonder,32.0,30.65,76.75788371797239,29.630345925217352
11913,8746,HARYANA,KURUKSHETRA,Jalkhari,35.0,34.17,76.91014418268801,30.07840886148376
12100,8878,HARYANA,YAMUNANAGAR,Jhaguri,4.0,3.75,77.15921606375564,30.1161259192515
12099,8878,HARYANA,YAMUNANAGAR,Jhaguri,6.7,6.41,77.17491278829498,30.11228384389569
11843,8701,PUNJAB,FEROZEPUR,Nizam wala,9.0,6.81,74.69163476673444,31.045291144369756
12115,8888,HARYANA,YAMUNANAGAR,Jhaguri,8.0,7.8,77.15959621306202,30.10738220713765
12111,8888,HARYANA,YAMUNANAGAR,Jhaguri,7.0,7.01,77.16509735408499,30.10727885192867
9872,7497,HARYANA,KURUKSHETRA,Jamredhi,60.0,56.78,76.54209908443659,29.99065825449302
12173,8929,HARYANA,AMBALA,Aliyaspur,7.0,7.4,77.15031903725263,30.317824870824342
12181,8935,HARYANA,AMBALA,Jafar pur,7.0,7.53,77.14127444990659,30.32279511411791
12157,8918,HARYANA,AMBALA,Zaffarpur,5.6,5.45,77.15497011300845,30.328568905543335
12182,8936,HARYANA,AMBALA,Jaferpur,2.0,1.86,77.14168481853451,30.324221721150163
12151,8912,HARYANA,AMBALA,Zaffarpur,2.0,1.87,77.14660150666565,30.32634561321038
12150,8912,HARYANA,AMBALA,Zaffarpur,6.0,5.97,77.14214102455117,30.333701223350232
12171,8927,HARYANA,AMBALA,Jaferpur,10.0,10.78,77.13728514414214,30.31608089677472
12160,8910,HARYANA,AMBALA,Zaffarpur,7.5,7.69,77.14863451115815,30.312993168103553
12159,8910,HARYANA,AMBALA,Zaffarpur,8.0,8.18,77.14834131806494,30.308616279945618
12148,8910,HARYANA,AMBALA,Zaffarpur,4.0,4.04,77.14527228003472,30.321627234569625
12170,8926,HARYANA,AMBALA,Jaferpur,9.0,9.15,77.13348913942191,30.313023282584627
12227,8971,HARYANA,YAMUNANAGAR,Baindi,12.0,11.69,77.16365676499754,30.08604059128585
5297,4232,HARYANA,SIRSA,Jhoradnali,13.0,13.03,74.94239504659208,29.53265759397345
12226,8970,HARYANA,YAMUNANAGAR,Baindi,5.5,5.42,77.16482681241266,30.08444706998599
12225,8970,HARYANA,YAMUNANAGAR,Baindi,3.5,3.47,77.16178864253946,30.09340059761046
12224,8970,HARYANA,YAMUNANAGAR,Baindi,5.0,4.8,77.17048843163046,30.09054740345559
12155,8916,HARYANA,AMBALA,Zaffarpur,4.0,3.81,77.14561194579775,30.327451721413876
12229,8972,HARYANA,YAMUNANAGAR,Baindi,3.0,2.77,77.17261301766064,30.08537366812603
8709,6727,PUNJAB,FAZILKA,Balluana,13.0,12.94,74.31858560154335,30.177800388662043
12332,9049,HARYANA,KURUKSHETRA,Isherghrr,11.0,11.39,76.90793248173526,30.01559315726321
4974,3950,HARYANA,KARNAL,Sugga,20.0,20.6,76.84157564804337,29.752783595954604
4973,3950,HARYANA,KARNAL,Sugga,20.0,21.91,76.8386281844568,29.749865814201023
4972,3950,HARYANA,KARNAL,Sugga,10.0,8.99,76.83918226442765,29.75311566101312
12276,9004,PUNJAB,FEROZEPUR,Sandhe hashm,10.0,8.67,74.69417834780421,30.937288389659503
12245,8984,PUNJAB,LUDHIANA,Baghian,38.0,37.23,75.37558872768545,30.97297544825444
19837,14765,HARYANA,KARNAL,Goudha,30.0,29.72,76.70149926170339,29.770515659109808
12230,8973,HARYANA,YAMUNANAGAR,Baindi,3.0,3.05,77.1688449859051,30.085212703205137
12311,9031,HARYANA,YAMUNANAGAR,Rattangarh,2.0,2.08,77.2003622947091,30.08106815565387
12335,9051,HARYANA,KURUKSHETRA,Morthala,6.5,6.41,76.92330085334909,30.047486924616248
12314,9034,HARYANA,YAMUNANAGAR,Rattangarh,8.5,8.49,77.18778734865708,30.082263655212152
12334,9050,HARYANA,KURUKSHETRA,Morthala,13.0,13.19,76.92170035078362,30.044265906671672
20695,9035,HARYANA,YAMUNANAGAR,Rattangarh,5.8,5.85,77.19949235835473,30.078352109463605
12316,9035,HARYANA,YAMUNANAGAR,Rattangarh,1.5,1.5,77.18393528812985,30.081714030128182
12315,9035,HARYANA,YAMUNANAGAR,Rattangarh,7.5,7.29,77.18491413127488,30.08107280428572
12560,9195,HARYANA,YAMUNANAGAR,Kunjal kamboyan,3.4,3.39,77.18140381014453,30.089525742401708
23973,19475,HARYANA,KARNAL,Jani,6.0,5.73,76.88488330112095,29.61489626065108
12553,9190,HARYANA,KURUKSHETRA,Jogi majra,25.9,25.4,77.07500934471946,30.063843878438025
12078,8858,HARYANA,KURUKSHETRA,Barwa,2.0,1.87,76.75673552500382,29.921730922935534
12077,8858,HARYANA,KURUKSHETRA,Barwa,23.0,22.18,76.7643861874509,29.919266844818356
12568,9187,HARYANA,YAMUNANAGAR,Kunjal kamboyan,3.6,3.51,77.1737267816218,30.0918629671034
12550,9187,HARYANA,YAMUNANAGAR,Kunjal kamboyan,3.0,2.85,77.18634309388078,30.08407006000596
12551,9188,HARYANA,YAMUNANAGAR,Kunjal kamboyan,1.0,0.99,77.1810978374596,30.088305070525365
12563,9197,HARYANA,KURUKSHETRA,Jogi majra,28.4,27.19,77.06755173855083,30.07221642158343
12715,9302,HARYANA,AMBALA,Kambasi,17.7,17.67,77.00401692491407,30.181882979189787
12867,9249,PUNJAB,LUDHIANA,Tarf kotli,7.5,6.56,75.37817341695452,30.943686769693656
12866,9249,PUNJAB,LUDHIANA,Tarf kotli,2.5,2.32,75.38003139872275,30.94569470063752
12640,9249,PUNJAB,LUDHIANA,Tarf kotli,7.5,7.42,75.38536634637832,30.94277858207479
13568,9825,HARYANA,KURUKSHETRA,Tangore,25.1,25.57,76.76083229514818,30.143493376186317
12539,9179,PUNJAB,FEROZEPUR,Nihala kilcha,8.0,6.1,74.50076964358506,30.940958443869324
12557,9193,HARYANA,YAMUNANAGAR,Ghilour,28.2,27.87,77.0750598815311,30.07581440198694
12549,9186,HARYANA,YAMUNANAGAR,Kunjal kamboyan,1.6,1.6,77.18097405866736,30.08545470280557
8599,6655,HARYANA,FATEHABAD,Nagpur,3.0,2.69,75.39334556241978,29.664443886325373
13128,9392,PUNJAB,LUDHIANA,Malsian bajjan,7.0,5.64,75.42415097217419,30.92874182850352
12864,9393,PUNJAB,LUDHIANA,Tihara,12.5,8.58,75.39716427790185,30.956604507072704
16415,11562,PUNJAB,FEROZEPUR,Khai,24.1,23.7,74.52914353077603,30.910313434786477
13108,9541,HARYANA,YAMUNANAGAR,Sarawan,10.1,10.3,77.18690876713667,30.348215390794152
13114,9545,HARYANA,YAMUNANAGAR,Sarawan,12.0,10.89,77.18822009112783,30.343876064524395
13113,9545,HARYANA,YAMUNANAGAR,Sarawan,30.0,28.62,77.19155431207022,30.341564703864183
13111,9543,HARYANA,YAMUNANAGAR,Sarawan,15.5,15.38,77.18582111769967,30.345761290624583
13101,9535,HARYANA,YAMUNANAGAR,Sarawa,4.0,3.95,77.19000919509905,30.345515691936345
13100,9535,HARYANA,YAMUNANAGAR,Sarawa,40.0,37.74,77.19340501110834,30.337560598670517
13097,9533,HARYANA,YAMUNANAGAR,Serawa,21.5,20.17,77.18471901821111,30.332035109237808
13096,9533,HARYANA,YAMUNANAGAR,Serawa,10.4,10.76,77.18219533633994,30.337518221890537
13105,9538,HARYANA,YAMUNANAGAR,Sarawa,3.0,2.59,77.20225615110427,30.33918953359234
25735,22271,HARYANA,KURUKSHETRA,Shamshipur,33.0,33.3,76.80925685200884,29.909728693045977
13091,9531,HARYANA,KURUKSHETRA,Bazidpur,40.0,39.82,77.11243395679752,30.08009948959269
19856,14776,HARYANA,KARNAL,Jalala,24.0,23.98,76.81171699964045,29.744048142185655
13112,9544,HARYANA,YAMUNANAGAR,Paharipur,21.6,21.36,77.19005924056148,30.3923265106097
13131,9559,PUNJAB,LUDHIANA,Patti multani,16.0,16.55,75.37521316140796,30.948228964711767
13340,9689,PUNJAB,FEROZEPUR,Bandala,12.0,11.55,74.76957847455323,31.097498379974585
6468,5205,PUNJAB,MUKTSAR,channu,15.7,15.58,74.5967945363419,30.07553201164632
13307,9666,HARYANA,KURUKSHETRA,Dudhi,20.0,19.77,76.98431678321171,29.975672279630864
13361,9703,HARYANA,KAITHAL,Kharkra,4.5,4.46,76.26915221030359,29.958535203583693
13295,9659,PUNJAB,LUDHIANA,Kannian,5.0,4.47,75.42039679470786,30.958604650614777
13304,9664,HARYANA,KURUKSHETRA,Dudhi,6.0,6.47,76.98629211921354,29.964291174113526
13306,9665,HARYANA,KURUKSHETRA,Dudhi,8.0,8.26,76.98792901221991,29.97588146975236
13305,9665,HARYANA,KURUKSHETRA,Dudhi,7.0,7.15,76.98694847070504,29.967292617626704
13328,9682,HARYANA,YAMUNANAGAR,Kalesra,10.0,10.55,77.12599093847146,30.092389221500778
13322,9679,HARYANA,YAMUNANAGAR,Kalesara,2.2,1.91,77.12549725108616,30.08887934614475
13366,9706,HARYANA,KAITHAL,Kharkra,25.5,23.78,76.27490985125615,29.95455126658616
13329,9683,HARYANA,YAMUNANAGAR,Kaleshra,5.5,5.65,77.12078940191134,30.083877499535564
13557,9811,HARYANA,YAMUNANAGAR,Ismailpur,7.0,6.25,77.17163597246677,30.12124448575157
13542,9811,HARYANA,YAMUNANAGAR,Ismailpur,8.7,8.62,77.17522234781289,30.12344456720222
9001,6920,HARYANA,KURUKSHETRA,Buhava,12.0,12.22,76.98089960698749,30.168508813133208
13545,9814,HARYANA,YAMUNANAGAR,Ismailpur,2.5,2.65,77.1724483050489,30.122987806815043
18765,14115,HARYANA,KURUKSHETRA,Deeg,15.0,17.94,76.90488100917945,30.131514993424325
9944,7541,HARYANA,AMBALA,Sahla,5.4,5.38,77.15485288278555,30.361585847533867
13540,9809,HARYANA,YAMUNANAGAR,Ismailpur,6.0,5.71,77.17719051502539,30.127147558138343
13417,9732,HARYANA,YAMUNANAGAR,Kherki brahaman,1.0,1.12,77.08931062782193,30.05811463903446
13416,9732,HARYANA,YAMUNANAGAR,Kherki brahaman,11.0,10.19,77.09187838502321,30.05902930738943
22245,16677,HARYANA,KARNAL,Khadi Maan singh,15.0,14.92,76.98806896225794,29.81952400452063
13681,9898,HARYANA,KURUKSHETRA,Slimpur,41.1,41.08,76.92907688243962,30.178698769634615
13645,9868,HARYANA,YAMUNANAGAR,Chhari,4.0,3.85,77.14021187169554,30.084398267671897
15319,10904,HARYANA,KURUKSHETRA,Mustapur,13.0,13.32,76.674037818136,29.98445476490173
11888,8730,HARYANA,KARNAL,Guniyana,60.0,59.19,76.70781303453575,29.703116829163676
26197,22928,PUNJAB,FEROZEPUR,Saide ke,2.1,2.07,74.60941999850283,30.98488754450253
13683,9900,HARYANA,KURUKSHETRA,Salimpur,43.5,44.37,76.93171431017188,30.173884520168627
13825,10000,HARYANA,KURUKSHETRA,Khadi. Dabdelan,9.8,9.5,77.09291903212115,30.008862175267968
13824,9999,HARYANA,KURUKSHETRA,Jandhara,40.0,40.37,77.11000688281206,30.003691841153532
24678,20692,HARYANA,FATEHABAD,Madh,15.0,14.99,75.3927998067099,29.72991619463285
12109,8886,HARYANA,YAMUNANAGAR,Jhaguri,2.0,2.05,77.15688872669386,30.09535431340848
25882,22455,HARYANA,KAITHAL,Kaul,20.0,20.14,76.6388609445399,29.856298339016018
6658,5366,HARYANA,AMBALA,Shahpur 129,8.0,9.39,77.12392000320291,30.33929965029372
11370,8400,HARYANA,KARNAL,Gonder,10.0,10.65,76.77533856023017,29.66332269014042
14355,10339,HARYANA,KAITHAL,Kakheri,3.0,2.98,76.3579814487216,29.9666917522913
14798,10599,HARYANA,YAMUNANAGAR,Sangipur,3.4,3.36,77.1126843039013,30.007900879036978
14785,10590,HARYANA,AMBALA,Nagla nanku,4.4,4.14,76.94414350739643,30.393669333789404
14804,10601,HARYANA,KARNAL,Dhanokheri,6.5,6.61,77.14089447664121,29.941552809012386
14803,10601,HARYANA,KARNAL,Dhanokheri,4.0,3.98,77.11963480674598,29.954548222878632
14802,10601,HARYANA,KARNAL,Dhanokheri,8.0,7.94,77.12064014269596,29.95427786618044
14858,10651,PUNJAB,BATHINDA,Jhumba,6.86,8.82,74.78695579834721,30.157966581897316
14857,10651,PUNJAB,BATHINDA,Jhumba,2.1,1.84,74.7860610201832,30.155889735424687
14860,10652,PUNJAB,BATHINDA,Jhumba,1.27,1.23,74.76489513330301,30.167204218198687
7292,6029,PUNJAB,MUKTSAR,channu,26.2,26.36,74.60043403677565,30.096123698607403
24695,20709,HARYANA,KARNAL,Sanwat,9.0,9.22,76.80678552908091,29.83690364789097
14871,10661,PUNJAB,BATHINDA,Naruana,5.2,5.16,74.8709194565798,30.1592945687062
14855,10649,PUNJAB,BATHINDA,Jhumba,5.0,4.89,74.76375344892203,30.168095993683924
14005,10110,PUNJAB,FEROZEPUR,Sande hashm,6.4,6.73,74.70984154700996,30.93195392932628
14856,10650,PUNJAB,BATHINDA,Tiona,6.055,6.3,74.80250787362098,30.166382380231138
15031,10751,PUNJAB,BATHINDA,Naruana,13.1,12.94,74.9026154886347,30.16058026422377
15050,10762,HARYANA,KARNAL,Shergher,19.6,18.31,77.13749979788341,29.92897374269185
15005,10730,PUNJAB,FEROZEPUR,Jlalwala,9.2,8.6,74.51865193868355,30.9391854216256
15004,10730,PUNJAB,FEROZEPUR,Jlalwala,2.7,2.65,74.52338106584492,30.938607560758182
15034,10752,PUNJAB,BATHINDA,Naruana,4.0,3.95,74.90404106325005,30.16966326311226
15033,10752,PUNJAB,BATHINDA,Naruana,7.6,7.49,74.90513870490872,30.165297077834115
15049,10761,HARYANA,KARNAL,Nathoauri,6.1,5.45,77.13316449894037,29.93798028371724
15042,10756,HARYANA,KAITHAL,Kangthali,10.4,10.65,76.34300336779995,29.94174018505028
17693,10861,HARYANA,KARNAL,Chogawan,5.9,5.79,77.18225640510568,29.943533770902715
17687,10861,HARYANA,KARNAL,Chogawan,1.5,1.5,77.18480077814351,29.942345850078773
15234,10861,HARYANA,KARNAL,Chogawan,2.2,2.19,77.19103906089612,29.937833877939372
15231,10861,HARYANA,KARNAL,Chogawan,7.5,7.59,77.20325814183222,29.936935228739415
15230,10861,HARYANA,KARNAL,Chogawan,5.0,4.82,77.1998669186016,29.935964365681546
15237,10864,HARYANA,KARNAL,Umarpur,6.6,6.54,77.12793230918373,29.908539400068864
15236,10864,HARYANA,KARNAL,Umarpur,5.8,5.76,77.12569298062068,29.903905860305947
6466,5203,PUNJAB,MUKTSAR,channu,10.0,9.87,74.59875134416265,30.07369764255712
15267,10877,HARYANA,YAMUNANAGAR,Chamrori,8.5,8.47,77.1320608600732,30.05715566695919
16573,11657,HARYANA,YAMUNANAGAR,Sahabpur,23.0,23.19,77.11559390604654,30.13891623461057
15229,10860,HARYANA,KARNAL,Chogawan,4.7,4.66,77.2006230389416,29.935803116944925
15413,10962,HARYANA,KURUKSHETRA,Ban,24.6,24.47,77.06891602433181,29.994195848704983
15508,11009,HARYANA,AMBALA,Kambasi,21.2,21.42,77.01213536969743,30.178396464000805
15350,10923,HARYANA,KURUKSHETRA,Gangori,3.5,3.43,77.08723739680033,30.104033611276364
15348,10923,HARYANA,KURUKSHETRA,Gangori,5.2,5.34,77.07939832325832,30.10153956201779
15346,10923,HARYANA,KURUKSHETRA,Gangori,16.0,15.63,77.07018049872971,30.101928200237893
15363,10932,HARYANA,KURUKSHETRA,Ban,2.4,2.39,77.08590750439495,30.004544688844568
15362,10932,HARYANA,KURUKSHETRA,Ban,14.1,14.11,77.08595337585128,30.002739456901935
22947,17363,HARYANA,YAMUNANAGAR,Baindi,10.0,9.87,77.17463336982713,30.084350411549853
20862,15515,HARYANA,KURUKSHETRA,Dudla,30.0,27.43,76.8951803771906,30.055458653638265
19398,14470,HARYANA,KARNAL,Birchpur,3.0,2.19,76.91117213760708,29.609584761725
9863,7490,HARYANA,SIRSA,Kariwala,9.0,9.81,74.61959851687918,29.546648138363075
15361,10931,HARYANA,KURUKSHETRA,Ban,7.6,7.77,77.0782274882318,29.99937656347907
16102,11363,PUNJAB,FEROZEPUR,Karrme,13.6,14.77,74.48166402117812,30.86606195621757
4649,3677,HARYANA,FATEHABAD,Hukmawali,15.0,13.37,75.4388995169307,29.69068918328996
5088,4046,HARYANA,SIRSA,Ghukanwali,21.0,16.17,74.85732047554441,29.69316478368024
8595,6652,HARYANA,KURUKSHETRA,Jenpur jattan,10.0,9.43,77.02605072953006,29.970085098309823
13567,9824,HARYANA,KURUKSHETRA,Tangore,22.6,22.33,76.75785680534166,30.134263642722807
16958,11851,HARYANA,KURUKSHETRA,Gumthala garhu,83.0,82.27,76.56573988144093,29.940234043916877
9686,7375,HARYANA,KURUKSHETRA,Dabkheri,36.0,36.17,76.7799813637667,29.98414431660633
9685,7375,HARYANA,KURUKSHETRA,Dabkheri,35.0,33.56,76.77678108494763,29.98538549218427
24816,20899,HARYANA,FATEHABAD,Haroli,10.0,9.8,75.45176387458973,29.63869241606081
24691,20706,HARYANA,KURUKSHETRA,Dara khurd,15.0,15.12,76.85120018786077,29.987754429530348
13335,7973,HARYANA,FATEHABAD,Dhand,40.0,41.01,75.46416627035244,29.518827162796775
10667,7973,HARYANA,FATEHABAD,Dhand,35.0,33.33,75.45002237581194,29.36081019111215
24621,20620,HARYANA,SIRSA,Moju khera,8.0,8.31,75.24357018264311,29.5446727937496
16193,11429,HARYANA,AMBALA,Thamber,36.0,38.72,77.07668637551251,30.192112695783784
16194,11430,HARYANA,AMBALA,Thamber,10.2,10.46,77.07404263614663,30.19516707663566
19990,14892,HARYANA,KARNAL,Samalkha,3.5,2.6,76.93073968910316,29.613217806798797
16215,11446,HARYANA,KARNAL,Umarpur,3.0,2.99,77.1277461662468,29.90578863467718
15158,10818,HARYANA,KAITHAL,Ahun,16.0,15.0,76.69029360191891,29.78093742739147
16219,11447,HARYANA,KARNAL,Labkari,3.5,3.47,77.14380504815453,29.908446975465985
16218,11447,HARYANA,KARNAL,Labkari,1.2,1.27,77.13630643388723,29.90549668172605
16217,11447,HARYANA,KARNAL,Labkari,10.0,10.06,77.13608920258409,29.904074559659342
16216,11447,HARYANA,KARNAL,Labkari,1.7,1.69,77.13302396301071,29.905527214587813
16220,11448,HARYANA,KARNAL,Khanpur,6.0,5.96,77.06222506320807,29.937787523120026
16098,11360,HARYANA,KURUKSHETRA,Gudha,4.0,4.07,77.05434535053728,30.078948024269575
19785,14737,HARYANA,KAITHAL,Ahun,13.0,13.86,76.69453796652789,29.792333017647024
18760,14110,HARYANA,KURUKSHETRA,Deeg,9.0,9.39,76.91676108723617,30.12894799967314
18759,14110,HARYANA,KURUKSHETRA,Deeg,5.1,5.27,76.9127766494635,30.134729717126127
16543,11639,HARYANA,YAMUNANAGAR,Sarava,18.4,16.3,77.18620261043372,30.337180271990437
16571,11655,HARYANA,YAMUNANAGAR,Sahabpur,18.4,17.82,77.11606969762751,30.13434307912712
16553,11647,HARYANA,KURUKSHETRA,Bakali,16.0,16.48,77.06363207645995,30.028661346724792
16564,11650,HARYANA,YAMUNANAGAR,Bubka,5.9,5.8,77.12073498570095,30.045424969069984
16562,11650,HARYANA,YAMUNANAGAR,Bubka,3.0,2.97,77.11959168006152,30.045460310951945
16515,11621,PUNJAB,FEROZEPUR,Tibbi kla,30.0,27.74,74.4674116811103,30.886876631283528
16544,11640,HARYANA,YAMUNANAGAR,Sarava,8.9,8.87,77.1730226192385,30.359546492141025
16569,11653,HARYANA,YAMUNANAGAR,Sahabpur,23.4,23.37,77.1208045637259,30.133726195557667
16416,11563,PUNJAB,FEROZEPUR,Tibbi kla,25.0,25.49,74.49579160462254,30.885754497847785
16570,11654,HARYANA,YAMUNANAGAR,Dholi,3.9,3.63,77.12947595428,30.080078268207593
16423,11568,HARYANA,YAMUNANAGAR,Bhogpur,30.0,28.65,77.21529451434589,30.347124609788334
16552,11633,HARYANA,KURUKSHETRA,Bakali,5.0,5.01,77.05195034131067,30.030591615578963
16533,11633,HARYANA,KURUKSHETRA,Bakali,8.0,8.12,77.05452090581,30.029958232600418
16786,11782,HARYANA,KURUKSHETRA,Bakali,9.3,9.46,77.06312507556018,30.02093312441812
16693,11726,HARYANA,KARNAL,Bhadson,22.0,21.62,76.9666465604171,29.923934831924196
16694,11727,HARYANA,KARNAL,Bhadson,20.5,20.3,76.95515016134183,29.929983914238413
18146,13754,HARYANA,KURUKSHETRA,Phoolgarh,25.0,24.5,76.57578921472938,29.959891149581605
26061,22698,HARYANA,SIRSA,Narel khara,26.0,22.19,75.26939605827006,29.54340119640192
16692,11725,HARYANA,KARNAL,Sarwanmajra,21.0,21.61,76.96823691213453,29.92628432918182
16907,11833,HARYANA,KURUKSHETRA,Bakali,4.4,4.43,77.04737660369763,30.018827830884895
8138,6335,HARYANA,KURUKSHETRA,Bakana,9.0,8.99,76.88141378609188,30.105491955734873
16715,11738,HARYANA,YAMUNANAGAR,Baindi,1.5,1.32,77.16850190435377,30.086458363820615
16714,11738,HARYANA,YAMUNANAGAR,Baindi,1.2,1.16,77.17141776328391,30.086794284090825
16966,11856,HARYANA,YAMUNANAGAR,Nachroan,9.9,8.42,77.18284688926694,30.01021404830903
16965,11855,HARYANA,YAMUNANAGAR,Radaur,12.5,12.35,77.15519808373057,30.04758533427092
16900,11828,HARYANA,KURUKSHETRA,Bakali,5.9,5.84,77.04776387909118,30.017731860746792
16964,11854,HARYANA,YAMUNANAGAR,Radaur,15.3,15.09,77.15522116063187,30.04046151915501
9724,7395,HARYANA,KURUKSHETRA,Govind nager Pehowa,50.0,43.67,76.55040939285817,29.962654822214645
12576,9207,HARYANA,KAITHAL,Balwanti,30.0,28.89,76.46719706161383,29.923853299426348
17057,11906,PUNJAB,FEROZEPUR,Karmu wala,20.0,14.63,74.82233382560224,30.92827366827272
17091,11926,HARYANA,YAMUNANAGAR,Jamalpur,9.3,8.62,77.07603765089267,30.15009841869506
17233,11998,HARYANA,YAMUNANAGAR,Badanpuri,3.7,3.42,77.18934472050952,30.12432774824411
17232,11998,HARYANA,YAMUNANAGAR,Badanpuri,2.3,2.25,77.18814917548359,30.130735547019366
17311,12043,HARYANA,YAMUNANAGAR,Jampur,3.3,3.21,77.22917991712339,30.118700149775407
17310,12043,HARYANA,YAMUNANAGAR,Jampur,3.5,3.37,77.2298217339677,30.120099003904727
17299,12036,HARYANA,YAMUNANAGAR,Jampur,17.1,16.85,77.23416698798756,30.11870967046301
17309,12033,HARYANA,YAMUNANAGAR,Jampur,1.7,1.68,77.23103664957944,30.1177523362749
17296,12033,HARYANA,YAMUNANAGAR,Jampur,3.4,3.38,77.23038592568311,30.109628469472657
17219,11989,HARYANA,SIRSA,Kheowali,8.0,8.59,74.95902645509506,29.601543426114542
17227,11995,HARYANA,YAMUNANAGAR,Badanpuri,2.5,2.43,77.18992758298374,30.12516808661261
17226,11995,HARYANA,YAMUNANAGAR,Badanpuri,3.0,2.86,77.18447304566415,30.12384708530693
17229,11996,HARYANA,YAMUNANAGAR,Badanpuri,29.0,28.89,77.18205736653145,30.1212842373099
17228,11996,HARYANA,YAMUNANAGAR,Badanpuri,3.6,3.78,77.19083784414433,30.125817584287446
17231,11997,HARYANA,YAMUNANAGAR,Badanpuri,1.0,0.99,77.18544626897773,30.13232394316299
17230,11997,HARYANA,YAMUNANAGAR,Badanpuri,2.0,2.0,77.18886686201392,30.12982024148619
7177,5776,HARYANA,KURUKSHETRA,chhiba,16.0,15.8,76.80038243927041,30.049083650678114
7176,5776,HARYANA,KURUKSHETRA,chhiba,26.0,28.72,76.80044407365617,30.05139208442682
17220,11990,HARYANA,YAMUNANAGAR,Badanpuri,9.4,9.14,77.19092662654374,30.126981738583456
17408,13347,HARYANA,YAMUNANAGAR,Sukhdaspur,1.0,0.96,77.15605375916648,30.198609359726877
17407,13347,HARYANA,YAMUNANAGAR,Sukhdaspur,4.0,2.84,77.16088871501795,30.196948474474144
26209,22945,HARYANA,YAMUNANAGAR,Khandwa,31.0,30.07,77.26030977321315,30.08357435336285
17415,13351,HARYANA,YAMUNANAGAR,Sukhdaspur,6.5,6.46,77.16775559435536,30.198107501180857
17410,13348,HARYANA,YAMUNANAGAR,Mustafad,1.3,1.24,77.16018077559748,30.197907694924144
17409,13348,HARYANA,YAMUNANAGAR,Mustafad,2.5,2.51,77.159565409606,30.19708244126291
17533,13409,PUNJAB,FEROZEPUR,Jallo ke,15.0,13.67,74.57927262386237,31.033227075130775
22802,17213,HARYANA,KURUKSHETRA,Berthala,23.0,21.47,76.97780274914024,30.147936615829988
20438,15209,HARYANA,KAITHAL,Ahun,7.0,6.33,76.6723293729711,29.789146193598786
22256,16701,HARYANA,KAITHAL,Ahun,6.5,6.27,76.66716622459455,29.77458424105609
17686,13487,HARYANA,KARNAL,Chogawan,8.8,8.78,77.1901054554708,29.937733543069218
19482,14519,HARYANA,KURUKSHETRA,Alampur,25.0,25.52,76.83127627121868,29.94104997861491
17553,13424,HARYANA,KURUKSHETRA,Deeg,20.0,19.79,76.91426346128299,30.13960196287301
17538,13414,PUNJAB,FEROZEPUR,Jallo ke,6.1,6.07,74.58563892251178,31.032620891510884
17520,13402,PUNJAB,BATHINDA,Jodhpur romama,9.0,8.51,74.9371491715812,30.14321029237603
17519,13402,PUNJAB,BATHINDA,Jodhpur romama,2.3,2.38,74.93148142164027,30.145889010848688
17518,13402,PUNJAB,BATHINDA,Jodhpur romama,18.5,17.63,74.9344602443823,30.14798679836564
17755,13517,HARYANA,KURUKSHETRA,Tangor,13.9,13.7,76.76799055766358,30.14069764918007
17754,13517,HARYANA,KURUKSHETRA,Tangor,21.1,22.07,76.7756808603183,30.145728465099673
17777,13531,HARYANA,KURUKSHETRA,Jharuli khurd,10.6,8.65,76.77442616425232,30.147887275736934
17776,13531,HARYANA,KURUKSHETRA,Jharuli khurd,28.1,26.39,76.7878678334384,30.14822116542784
17891,13604,HARYANA,KURUKSHETRA,Balahi,22.8,23.78,76.76488579359912,30.002290403383785
18067,13707,HARYANA,YAMUNANAGAR,Hartan,12.0,11.59,77.0939351095486,30.11693810471137
18068,13708,HARYANA,YAMUNANAGAR,Hartan,15.0,14.75,77.10994163842129,30.10557447539258
17964,13643,HARYANA,YAMUNANAGAR,Kheri lakha Singh,1.0,1.0,77.13566234518704,30.112921747263904
17952,13643,HARYANA,YAMUNANAGAR,Kheri lakha Singh,5.0,6.12,77.14222425006204,30.1097914846876
17966,13646,HARYANA,YAMUNANAGAR,Kheri lakha Singh,7.0,7.06,77.13845777253209,30.115993991819337
17965,13646,HARYANA,YAMUNANAGAR,Kheri lakha Singh,9.9,10.07,77.1408293648416,30.11009821057911
18160,13762,HARYANA,KURUKSHETRA,Mangoli jattana,20.6,20.32,77.04718529846508,30.12869155680728
18450,13912,PUNJAB,FEROZEPUR,Sodhe wala,20.0,18.87,74.6387159028775,30.98678462494372
18453,13914,PUNJAB,FEROZEPUR,Ali ke,9.7,8.91,74.60112701297783,30.99751781523075
21896,16362,HARYANA,KAITHAL,Ahun,18.0,18.22,76.64985268372413,29.911893805298547
18470,13927,HARYANA,YAMUNANAGAR,Thana chhaper,4.5,4.26,77.1496425283729,30.11334785023296
18469,13927,HARYANA,YAMUNANAGAR,Thana chhaper,12.0,11.93,77.14751671418533,30.11461580124747
18473,13930,HARYANA,YAMUNANAGAR,Sagri,5.0,4.86,77.14084152207285,30.108083098031862
18471,13928,HARYANA,YAMUNANAGAR,Sagri,10.0,8.97,77.14926363887463,30.11276910350275
18384,13877,HARYANA,YAMUNANAGAR,Sagri,3.0,2.92,77.14933789481277,30.126131903203504
18383,13877,HARYANA,YAMUNANAGAR,Sagri,7.0,6.53,77.13715244742112,30.129677121670763
18382,13877,HARYANA,YAMUNANAGAR,Sagri,5.0,4.9,77.14111199321766,30.121841624271603
18381,13877,HARYANA,YAMUNANAGAR,Sagri,1.2,1.2,77.13865382651554,30.12047155985268
18380,13877,HARYANA,YAMUNANAGAR,Sagri,5.5,5.38,77.15044027101392,30.122895355816883
18584,14006,HARYANA,YAMUNANAGAR,Daulatpur,6.7,6.47,77.10093091837268,30.091074848930347
18538,13971,HARYANA,KARNAL,Kalra jagir,11.5,11.44,77.1322300253579,29.964156292893236
18583,14005,PUNJAB,FEROZEPUR,Akku wala,2.0,1.9,74.66467808861172,31.01732515232359
18582,14005,PUNJAB,FEROZEPUR,Akku wala,2.9,2.89,74.66372691957807,31.01356312407811
18548,13980,HARYANA,KURUKSHETRA,Yara,30.0,30.51,76.95450322690478,30.14943482929862
18547,13979,HARYANA,KURUKSHETRA,Yara.,23.6,17.49,76.96009433296072,30.151560044682327
18686,14067,HARYANA,YAMUNANAGAR,Chhaper mansurpur,5.0,4.96,77.15905541518634,30.218612604051973
18756,14108,HARYANA,YAMUNANAGAR,Chhaper mansurpur,4.4,3.9,77.16903831480592,30.20404941444712
18766,14116,HARYANA,KURUKSHETRA,Deeg,11.4,11.45,76.91246615402571,30.12878992835975
18755,14107,HARYANA,YAMUNANAGAR,Chhaper mansurpur,5.0,5.21,77.1714273369117,30.20112372892553
18754,14107,HARYANA,YAMUNANAGAR,Chhaper mansurpur,3.5,3.3,77.15556071293794,30.228184936178675
18764,14114,HARYANA,KURUKSHETRA,Deeg,17.1,16.04,76.91052475424263,30.128097179912302
11560,8517,HARYANA,KARNAL,Gonder,25.0,24.59,76.78697902212022,29.660015038318985
18734,14093,HARYANA,KURUKSHETRA,Yara,22.0,23.9,76.93924968858514,30.13536642140123
18900,14182,HARYANA,KURUKSHETRA,Tabra,38.0,36.13,76.65135062292508,30.09243606710821
18902,14184,HARYANA,KURUKSHETRA,Madado,14.0,14.57,76.62132840911407,30.078123514249448
18868,14166,HARYANA,YAMUNANAGAR,Gadhola,5.0,4.93,77.18988099044057,30.215837370595366
19933,14857,HARYANA,KAITHAL,Ahun,5.0,4.44,76.68393801259678,29.801043216969273
14880,10668,HARYANA,KARNAL,Nathouri,20.2,15.19,77.13784319891168,29.940007072857025
23109,17839,HARYANA,FATEHABAD,Alipur Barota,10.0,10.31,75.50716779139199,29.595885773925676
24686,20702,HARYANA,YAMUNANAGAR,Haibatpur,5.5,5.33,77.21747573631191,30.28687632772496
10075,7624,HARYANA,KURUKSHETRA,Mangoli,20.0,20.52,77.02629119026794,30.13208758707104
17884,13597,PUNJAB,FEROZEPUR,Awav,32.0,32.61,74.68786309452354,30.840490171963037
17883,13597,PUNJAB,FEROZEPUR,Awav,38.6,36.16,74.6827544488196,30.83913506128865
18860,14161,HARYANA,YAMUNANAGAR,Gadhola,4.2,4.22,77.19038471015391,30.2111419936666
18859,14161,HARYANA,YAMUNANAGAR,Gadhola,3.0,2.94,77.19147873874013,30.220911210818617
18858,14161,HARYANA,YAMUNANAGAR,Gadhola,1.5,1.49,77.19395003664916,30.214602503154296
18781,14125,HARYANA,KAITHAL,Polar,14.0,14.12,76.3593728141705,29.930145073069703
22366,16799,HARYANA,KURUKSHETRA,Channelheri,59.0,57.93,76.66789255349408,30.02426457079513
21339,15900,HARYANA,KARNAL,Nissing,72.0,70.59,76.87121515867429,29.71343627135884
26196,22927,PUNJAB,FEROZEPUR,Kamal wala,27.4,27.28,74.61646778918882,31.00215408820773
14918,10685,HARYANA,KAITHAL,Ahun,8.0,7.87,76.66615642950217,29.79335709342481
19391,14461,HARYANA,KURUKSHETRA,Kaithal,23.3,23.22,76.94005630896031,30.0558267606928
19371,14450,HARYANA,KARNAL,Chogawan,13.0,13.01,77.19133240981029,29.918424432450603
19370,14450,HARYANA,KARNAL,Chogawan,10.6,10.2,77.18881495363392,29.92976160754166
19418,14479,HARYANA,KURUKSHETRA,Kasithal,24.0,18.88,76.94908666272144,30.05228110714223
19426,14485,HARYANA,KARNAL,Dhanokheri,4.0,4.09,77.1257621314112,29.939080541312865
19383,14457,HARYANA,KARNAL,Dhanokheri,37.0,37.25,77.1178171952783,29.9484478742835
19423,14483,HARYANA,KAITHAL,Prabhawat,49.0,47.38,76.30518255961127,29.909386161646022
6487,5218,HARYANA,KARNAL,Tusang,1.0,0.73,77.12373309378175,29.884986597867904
19540,14564,HARYANA,KAITHAL,Siwan,17.4,17.24,76.35837691823744,29.84992632001595
19539,14564,HARYANA,KAITHAL,Siwan,11.0,11.47,76.36108634738466,29.857861153664032
19526,14552,HARYANA,KURUKSHETRA,Khaira,5.0,5.19,76.96346469829987,30.023476572377295
19579,14590,HARYANA,KARNAL,Nathauri,8.0,8.07,77.13545804957334,29.942111916823567
19522,14548,HARYANA,KURUKSHETRA,Khaira,13.2,13.09,76.97339727846563,30.035114638488007
19578,14518,HARYANA,KARNAL,Nathaudi,14.0,10.69,77.13317342622169,29.93314264588856
19634,14626,HARYANA,KURUKSHETRA,Bapdi,1.0,1.07,77.0822481945723,29.965602266898504
19623,14617,HARYANA,KURUKSHETRA,Bapdi,1.5,1.58,77.07528128479802,29.9686914229581
19654,14642,HARYANA,KURUKSHETRA,Budha,1.0,1.21,77.09115278586972,29.9783710166214
19651,14642,HARYANA,KURUKSHETRA,Budha,6.2,6.33,77.08428166147824,29.978432009785944
19775,14732,HARYANA,YAMUNANAGAR,Khurdban,5.2,5.17,77.15090347022701,29.974896931815596
19961,14873,HARYANA,KARNAL,Mukhala,12.8,12.92,77.1461240996327,29.933949164770695
19839,14767,HARYANA,KURUKSHETRA,Berthala,17.0,16.83,76.97052333761866,30.134493713886226
19936,14860,HARYANA,KURUKSHETRA,Sunarion,13.7,13.21,77.00288737381152,30.116646592568493
19780,14734,HARYANA,YAMUNANAGAR,Khurdban,2.5,2.55,77.1414955453655,29.974553521210257
19779,14734,HARYANA,YAMUNANAGAR,Khurdban,3.7,3.47,77.14641865780104,29.975510130814147
19778,14734,HARYANA,YAMUNANAGAR,Khurdban,1.9,1.91,77.1319173870427,29.98117724642221
19777,14734,HARYANA,YAMUNANAGAR,Khurdban,3.5,3.57,77.14022440675761,29.97934921071525
19903,14836,HARYANA,KARNAL,Mukhala,6.0,6.0,77.15171514033385,29.92827079846788
20049,14919,HARYANA,KARNAL,Shergarh,7.6,4.3,77.11622312558976,29.938997000780308
13837,10006,HARYANA,HISAR,Pabra,35.0,35.5,75.78040440261698,29.422853354318608
20217,15051,HARYANA,YAMUNANAGAR,Palaka,1.5,1.54,77.14827638505358,30.079372788921365
20048,14918,HARYANA,KARNAL,Shergarh,8.3,8.4,77.11521182041854,29.938178831335087
22247,16679,HARYANA,KARNAL,Khadi Maan singh,15.0,15.42,77.00188758953844,29.833009276842688
20343,15137,HARYANA,KURUKSHETRA,Bargat jattan,11.3,11.39,76.97468033657913,30.043753755915557
20344,15138,HARYANA,KURUKSHETRA,Bargat jattan,4.0,4.34,76.97763052097197,30.037568055315553
21143,15415,HARYANA,YAMUNANAGAR,Rattangarh,1.5,1.58,77.2025216682693,30.06728332348696
21092,15415,HARYANA,YAMUNANAGAR,Rattangarh,9.2,9.45,77.22365730411379,30.07083577218944
20694,15415,HARYANA,YAMUNANAGAR,Rattangarh,3.0,3.14,77.19877806601801,30.079317353704553
20696,15416,HARYANA,YAMUNANAGAR,Rattangarh,2.1,2.17,77.19771087169646,30.07725685472953
21560,16086,HARYANA,KURUKSHETRA,Barhan,23.0,22.98,77.01278339195868,29.98550980047558
20660,15390,HARYANA,AMBALA,Subhari,6.0,5.58,77.00193910825632,30.193306163878184
20659,15390,HARYANA,AMBALA,Subhari,11.5,11.66,77.01096120399298,30.1945937826926
20658,15390,HARYANA,AMBALA,Subhari,10.7,9.97,77.00827083341555,30.197996371015886
20657,15390,HARYANA,AMBALA,Subhari,3.0,2.68,77.00354587539499,30.195880301825625
20692,15413,HARYANA,YAMUNANAGAR,Rattangarh,1.0,0.94,77.19416040197575,30.079979388087036
24408,20231,HARYANA,SIRSA,Bhangu,6.0,5.68,75.02115650923974,29.659879182181815
20679,15404,HARYANA,YAMUNANAGAR,Rattangarh,11.0,11.19,77.19057191099051,30.089635357067007
20843,15322,HARYANA,KURUKSHETRA,Chhapra,1.5,1.56,77.06770080004094,30.080743249394004
20583,15322,HARYANA,KURUKSHETRA,Chhapra,6.0,6.21,77.06197646860964,30.080320621831703
8321,6452,HARYANA,KURUKSHETRA,Kalsa,8.0,8.16,76.52415931207129,30.061202484441864
8320,6452,HARYANA,KURUKSHETRA,Kalsa,35.0,34.66,76.53799979183216,30.05703857817089
8315,6452,HARYANA,KURUKSHETRA,Kalsa,35.0,33.78,76.53768922904597,30.06040967546396
14003,10109,PUNJAB,BARNALA,thikriwal,17.0,15.79,75.52945782576181,30.42002812898234
20844,15509,HARYANA,KURUKSHETRA,Chhapra,2.3,2.29,77.06105515203859,30.080495485313847
20863,15516,HARYANA,KURUKSHETRA,Dudla,26.9,26.93,76.89616919153141,30.051812845558107
20910,15544,HARYANA,KURUKSHETRA,Dhudhla,10.0,7.72,76.90161641368485,30.05138356345078
10318,7747,HARYANA,KARNAL,Gonder,60.0,52.45,76.73502814160935,29.650656787721644
8202,6374,HARYANA,KURUKSHETRA,Bakhli,50.0,48.36,76.51571003403863,29.997348665664887
21133,15726,HARYANA,KURUKSHETRA,Dhanani,30.0,29.05,76.99581272680786,30.11554672695689
14197,10238,HARYANA,KURUKSHETRA,Lakhmari,19.3,19.46,76.99641743491232,30.140388544639876
8220,6389,PUNJAB,MUKTSAR,Sukhan abulo,11.288,11.19,74.6608808926158,30.340796136384316
21484,16026,HARYANA,KURUKSHETRA,Barounda,8.5,8.36,77.05911965023174,29.96040763182268
21483,16026,HARYANA,KURUKSHETRA,Barounda,13.0,12.79,77.05889782071907,29.947811680129668
21482,16026,HARYANA,KURUKSHETRA,Barounda,5.8,5.41,77.06221099513034,29.95737407649368
21657,16166,HARYANA,KURUKSHETRA,Barounda,6.0,5.66,77.06083465692414,29.96437136272691
21659,16168,HARYANA,KURUKSHETRA,Bhutmajra,23.5,23.68,77.08028226040088,29.954314367314147
21749,16247,HARYANA,KURUKSHETRA,Jandheri,26.0,25.95,76.9161780186014,30.15592945712547
21781,16273,HARYANA,FATEHABAD,Mohammadpur rohi,10.0,10.36,75.57545689266261,29.445350000199863
21753,16250,HARYANA,KURUKSHETRA,Jandheri,30.0,30.8,76.91217745446149,30.15155609165816
26058,19227,HARYANA,KAITHAL,Dushan,10.5,10.72,76.6470006977334,29.776931780692273
23813,19227,HARYANA,KAITHAL,Dushan,28.0,28.02,76.64451801927396,29.791264702246213
21842,16328,HARYANA,KURUKSHETRA,Barehan,45.0,45.74,77.0076807570315,29.98724770118423
21843,16329,HARYANA,KURUKSHETRA,Alli pura,20.2,19.14,77.1069597508112,30.024839509828663
21775,16267,HARYANA,FATEHABAD,Mohammadpur rohi,8.0,8.08,75.58560549777407,29.47315075155989
22035,16526,HARYANA,YAMUNANAGAR,Kail,5.0,5.02,77.23624075350193,30.188195272001902
22128,16591,HARYANA,YAMUNANAGAR,Rulla kheri,6.0,6.14,77.2282792776165,30.17688380082608
22125,16591,HARYANA,YAMUNANAGAR,Rulla kheri,5.0,4.91,77.23556190499785,30.17530409378668
22108,16565,HARYANA,YAMUNANAGAR,Kail,12.0,11.73,77.23853204551372,30.19656672994114
23463,18519,HARYANA,KARNAL,Karnal,13.0,11.33,76.91504899292086,29.60313778363263
22023,16508,HARYANA,KURUKSHETRA,Sanghaur,16.0,16.92,77.03106201682729,30.116263005915393
22024,16509,HARYANA,KURUKSHETRA,Sanghaur,14.0,14.77,77.03437708446612,30.11460926082926
22042,16530,HARYANA,YAMUNANAGAR,Kail,1.5,1.56,77.24432588383524,30.186149771636995
22040,16530,HARYANA,YAMUNANAGAR,Kail,7.2,7.17,77.23856899143185,30.199314986572286
21981,16454,HARYANA,KURUKSHETRA,Sanghour,21.6,21.58,77.03004602750394,30.11294144948732
22244,16676,HARYANA,KARNAL,Khadi Maan singh,10.0,10.2,77.00092577304002,29.81792195951526
22249,16681,HARYANA,KARNAL,Shergarh,21.0,21.24,77.11753400697411,29.9444505270768
12306,9027,HARYANA,YAMUNANAGAR,Baindi,7.5,7.5,77.17839257011167,30.075083192998985
22246,16678,HARYANA,KARNAL,Khadi Maan singh,10.0,10.38,76.98984166423728,29.81921549004463
22250,16682,HARYANA,KARNAL,Shergarh,21.0,20.68,77.11513624003048,29.94463596157475
22282,16716,HARYANA,KARNAL,Kheri Maan singh,18.0,18.19,76.99404010785244,29.811980486669725
22281,16716,HARYANA,KARNAL,Kheri Maan singh,11.0,10.53,77.00105523771697,29.81679669407052
22159,16617,HARYANA,KURUKSHETRA,Lakhmari,28.0,27.55,77.01323380347625,30.146513838498592
22243,16675,HARYANA,KARNAL,Khadi Maan singh,17.0,16.81,76.99799879836657,29.812471033075017
8616,6668,PUNJAB,MANSA,Chak alisher,21.7,21.14,75.63286797604363,29.784609057001013
22279,16714,HARYANA,KARNAL,Khedi Maan singh,15.7,13.51,76.99537646692869,29.815053294989525
22280,16715,HARYANA,KARNAL,Kheri Maan singh,32.0,32.87,77.00140197024163,29.81441369147772
22590,16979,HARYANA,KARNAL,Bhadson,6.0,5.71,76.97256015636013,29.916562928844797
22638,17029,HARYANA,KURUKSHETRA,Kolapur,24.0,23.79,76.91174502432575,30.03758661423033
22809,17217,HARYANA,KAITHAL,Kakhedi,8.0,7.6,76.37028096926545,29.966741672601227
22807,17215,HARYANA,KURUKSHETRA,Barna,8.5,7.66,76.72381704946413,29.918051750299117
22806,17215,HARYANA,KURUKSHETRA,Barna,14.0,14.27,76.73073540537,29.91647619466517
22805,17215,HARYANA,KURUKSHETRA,Barna,14.5,14.61,76.72861494724367,29.917499859612164
22811,17218,HARYANA,KARNAL,Kheri Maan singh,10.0,9.74,77.00151607042042,29.82216969292624
8561,6627,HARYANA,KURUKSHETRA,Jyotisar,6.0,5.9,76.75630266824723,29.97148024151451
9169,7026,HARYANA,KURUKSHETRA,Blochpura,5.0,5.07,76.61849205897236,29.985757482650744
22994,17687,HARYANA,YAMUNANAGAR,Baindi,6.5,6.61,77.17659195572756,30.07648920127144
23009,17707,HARYANA,FATEHABAD,Alipur barota,28.0,26.36,75.50686729666485,29.594021191960294
23087,17802,HARYANA,KURUKSHETRA,Bir mathana,21.0,20.05,76.91754277560233,29.991578049578813
22967,17397,HARYANA,KURUKSHETRA,Hamidpur,10.0,9.71,76.96067840721804,30.073344504116633
23176,17922,HARYANA,KURUKSHETRA,Hamidpur,2.5,2.3,76.96339784879818,30.078870410317652
23366,18256,HARYANA,KAITHAL,Gobindpura,7.4,7.44,76.31621767445228,29.904447161524093
8568,6633,PUNJAB,MANSA,Birewala dogran,17.985,17.75,75.61500471627873,29.759789962724714
26356,23099,HARYANA,SIRSA,Suchan,6.5,6.34,75.1944419185873,29.541435456022302
23371,18260,HARYANA,YAMUNANAGAR,Talakour,7.0,7.4,77.21009412977746,30.233616995223738
23405,18299,HARYANA,YAMUNANAGAR,Jampur,4.2,4.19,77.23186866892082,30.117419820306832
23455,18516,HARYANA,KAITHAL,Sair,1.6,1.63,76.29853400776953,29.93067815126628
23379,18267,HARYANA,YAMUNANAGAR,Talakour,8.0,7.54,77.20070153388954,30.234973453232588
23634,18853,HARYANA,YAMUNANAGAR,Sudhail,5.0,4.97,77.2388037394898,30.16784323243545
23630,18853,HARYANA,YAMUNANAGAR,Sudhail,4.5,4.3,77.23057125940068,30.17410374191282
23646,18862,HARYANA,KURUKSHETRA,Ram sernmajra,5.7,5.87,76.99601476751744,30.06797291579888
23725,18842,HARYANA,YAMUNANAGAR,Sudhail,3.2,3.14,77.2377676814832,30.171844225341697
23622,18842,HARYANA,YAMUNANAGAR,Sudhail,4.0,3.54,77.23592620601846,30.17138710747436
8859,6832,HARYANA,KURUKSHETRA,Pehowa local,10.0,9.69,76.59350617438712,29.970930207784303
8857,6832,HARYANA,KURUKSHETRA,Pehowa local,15.0,14.86,76.59182506989292,29.974806294540493
23641,18858,HARYANA,KURUKSHETRA,Ramsharn majra,7.0,6.84,77.01103507022032,30.07565639797339
23640,18858,HARYANA,KURUKSHETRA,Ramsharn majra,5.0,5.06,77.00388138325553,30.07583078776556
23639,18858,HARYANA,KURUKSHETRA,Ramsharn majra,8.0,8.1,76.9972494213215,30.073049128452283
23647,18863,HARYANA,KURUKSHETRA,Ram saernmajra,8.0,7.93,76.99453482565278,30.066086552020113
23533,18642,HARYANA,KAITHAL,Umedpur,3.4,3.55,76.31059296716228,29.904681631542367
23717,19005,HARYANA,YAMUNANAGAR,Ratuwala,22.0,22.11,77.2817544081934,30.390908571961383
23707,19005,HARYANA,YAMUNANAGAR,Ratuwala,11.0,10.83,77.27206485360244,30.394580196201293
23730,19040,HARYANA,YAMUNANAGAR,Sudhail,2.6,2.67,77.2273670965124,30.168371043897277
23734,19039,HARYANA,YAMUNANAGAR,Sudhail,3.0,2.77,77.23978976394183,30.15668455148422
23858,19204,HARYANA,YAMUNANAGAR,Sabhapur,1.0,1.01,77.23593234518131,30.082021530294583
23969,19473,HARYANA,YAMUNANAGAR,Bakerwala,15.0,15.47,77.44327612435687,30.302305838666783
23857,19200,HARYANA,AMBALA,Raomajra,22.0,22.36,76.95923152369934,30.212417201403813
23879,19244,HARYANA,KURUKSHETRA,Kirmuch,31.0,30.9,76.80166131399247,29.891397956590524
23850,19191,HARYANA,YAMUNANAGAR,Ratuwala,6.8,6.74,77.27694364163547,30.39387015901167
23706,19004,HARYANA,YAMUNANAGAR,Ratuwala,7.0,6.83,77.26411933411912,30.39475462397294
23968,19472,HARYANA,YAMUNANAGAR,Bakerwala,15.0,15.04,77.4424318198795,30.308736136143903
17946,13637,HARYANA,KURUKSHETRA,Barna,15.0,14.72,76.7244583955942,29.92001490558204
14864,10656,HARYANA,KURUKSHETRA,Kserla,8.0,7.38,76.86322554784813,30.03394127503775
24179,19885,HARYANA,KURUKSHETRA,Mehra,8.4,8.35,77.0906489503867,30.03512469486878
24178,19885,HARYANA,KURUKSHETRA,Mehra,4.8,4.4,77.07087450382133,30.032001642421218
14042,10136,HARYANA,KAITHAL,Kharkra,3.0,2.94,76.27079457800576,29.956276666924204
24220,19936,HARYANA,KURUKSHETRA,Buhavi,18.0,17.59,76.99152128319847,30.158622176221833
24219,19936,HARYANA,KURUKSHETRA,Buhavi,12.0,11.4,76.99205788307103,30.1483306191138
24299,20049,HARYANA,KURUKSHETRA,Katlahari,22.0,22.01,76.82996852239117,30.094226012868372
24298,20049,HARYANA,KURUKSHETRA,Katlahari,20.0,20.26,76.82659986925437,30.094208397635818
24371,20188,HARYANA,KURUKSHETRA,Bhuhawa,6.0,5.77,76.96348344977737,30.15288744044693
24370,20188,HARYANA,KURUKSHETRA,Bhuhawa,9.0,9.21,76.97288081539332,30.15460565260603
24230,19961,HARYANA,KURUKSHETRA,Balahi,20.0,19.86,76.75400127949196,30.00047016104427
24355,20145,HARYANA,KURUKSHETRA,Chhawlan,21.0,20.3,76.70306547267927,29.997049286476837
24351,20140,HARYANA,KURUKSHETRA,Katlari,6.0,5.89,76.83946571425483,30.11028140844347
8824,6811,HARYANA,KURUKSHETRA,Sarsa,2.5,2.54,76.66222393288601,29.939879968977387
24611,20601,HARYANA,YAMUNANAGAR,Noushera,14.0,13.67,77.24766278994271,30.381379119962865
26337,23077,HARYANA,SIRSA,Buppan,35.0,36.13,75.03856663841111,29.657588376945963
26001,22561,PUNJAB,BATHINDA,Chak Bakhtu,14.0,13.94,75.14276779597058,30.198030576001845
22251,16691,HARYANA,FATEHABAD,Mohammad pur rohi,14.0,13.52,75.57992205209291,29.46611282644053
6482,5214,PUNJAB,MUKTSAR,channu,2.0,2.01,74.58233355301724,30.100402972217584
24694,20708,HARYANA,KARNAL,Sanwat,7.0,6.92,76.80491426240563,29.837818824121104
26189,22922,PUNJAB,BATHINDA,Chak Bakhtu,1.0,0.93,75.12883935037291,30.19137738738211
26186,22922,PUNJAB,BATHINDA,Chak Bakhtu,21.0,20.49,75.13351957951629,30.199367057577422
23831,19237,HARYANA,KURUKSHETRA,Samani,38.0,38.06,76.88662285890385,29.94191823058912
23828,19237,HARYANA,KURUKSHETRA,Samani,37.0,37.66,76.89357805688924,29.943627821424275
8702,6722,PUNJAB,MUKTSAR,Lohara,29.957,30.12,74.65207101337141,30.351020443953377
24663,20676,HARYANA,YAMUNANAGAR,Malikpur,5.4,5.43,77.20805515946495,30.28893769875328
23504,18619,HARYANA,KARNAL,Labkari,12.0,13.01,77.1541825008311,29.890735958734904
18454,13915,PUNJAB,FEROZEPUR,Habib ke,6.0,5.0,74.57437857828057,30.99268617508747
9453,7220,PUNJAB,MUKTSAR,Sahib chand,14.0,14.0,74.69702862300596,30.311908146093867
26543,23346,HARYANA,KURUKSHETRA,Ramsaran majra,25.0,26.54,76.99340148064917,30.08871213093404
26463,23233,PUNJAB,LUDHIANA,Sowaddi,5.0,4.86,75.56566136367016,30.85904096938588
26462,23233,PUNJAB,LUDHIANA,Sowaddi,6.0,5.77,75.59023204949244,30.89114751391528
26461,23233,PUNJAB,LUDHIANA,Sowaddi,9.0,9.04,75.58959837111249,30.897521381387815
26531,23335,HARYANA,KURUKSHETRA,Sanghaur,15.0,13.79,77.02861614192274,30.098785985122717
9604,7318,HARYANA,KURUKSHETRA,Mohanpur,50.0,50.6,76.52957290465952,30.036947246287554
26617,23431,HARYANA,KURUKSHETRA,Ramsharn majra,20.0,20.03,77.0074206363633,30.081673541117315
15046,10759,HARYANA,KAITHAL,Kaul,16.5,16.01,76.6768748627773,29.848415258091737
24833,20937,HARYANA,SIRSA,Dhudhianwali,13.0,13.33,74.70713700069444,29.601292413295244
24832,20937,HARYANA,SIRSA,Dhudhianwali,16.0,16.18,74.70504134742966,29.599088542595776
14610,10490,HARYANA,KARNAL,Nissing,47.0,49.02,76.78250161428876,29.702332936327167
26494,23302,PUNJAB,FEROZEPUR,Sadhe hashm,6.0,5.48,74.71937454367102,30.95346172751791
26492,23302,PUNJAB,FEROZEPUR,Sadhe hashm,5.7,5.75,74.71140322433342,30.936535823929777
26491,23302,PUNJAB,FEROZEPUR,Sadhe hashm,10.7,10.29,74.71392095099789,30.938639020951303
26237,22968,HARYANA,YAMUNANAGAR,Khandwa,10.0,10.1,77.25685551021435,30.07482328106999
24583,20504,HARYANA,SIRSA,Panjuana,9.5,9.79,74.99653228790437,29.63164882599074
7968,6234,HARYANA,KURUKSHETRA,Sarsa,20.0,19.26,76.6465010791721,29.933191002739687
7967,6234,HARYANA,KURUKSHETRA,Sarsa,10.0,9.45,76.64948216177298,29.926115260046608
25044,21298,HARYANA,SIRSA,Dhottar,15.0,14.33,74.91231123556256,29.587762214567736
9405,7192,HARYANA,FATEHABAD,Tamspura,9.0,8.6,75.48948436111807,29.623016021709635
4962,3942,PUNJAB,BARNALA,Sanghera,11.0,11.03,75.56000220447086,30.415739360727425
21564,16091,HARYANA,KURUKSHETRA,Barahen,17.8,17.28,77.01272501599641,29.98926267645463
12685,9281,PUNJAB,BATHINDA,Naruana,9.3,9.4,74.87492591502016,30.17230907665843
12684,9281,PUNJAB,BATHINDA,Naruana,5.6,5.67,74.86999793392353,30.16876881007366
6093,4902,PUNJAB,BARNALA,sanghera,15.0,14.81,75.5555569150584,30.417533562978416
24809,20895,HARYANA,KURUKSHETRA,Surmi,48.0,47.66,76.6809685668295,30.02061065528865
12886,9408,PUNJAB,BATHINDA,Naruana,6.5,6.52,74.87101059082609,30.16910196961384
12885,9408,PUNJAB,BATHINDA,Naruana,14.6,11.64,74.8724192028547,30.1703717716705
6668,5375,HARYANA,KARNAL,Islamnagar,2.0,1.88,77.1170744065801,29.868008183716597
11645,8564,HARYANA,AMBALA,Jaferpur,2.0,2.03,77.15602874078427,30.325081727395723
14134,10193,PUNJAB,BATHINDA,Naruana,9.6,9.99,74.87792380146344,30.16981657308527
7637,5537,PUNJAB,MANSA,Kulrian,12.169,11.94,75.67730834196261,29.811822673867955
7626,5537,PUNJAB,MANSA,Kulrian,3.797,3.8,75.67088341011971,29.80266141682216
7615,5537,PUNJAB,MANSA,Kulrian,1.618,1.59,75.64105010254843,29.78239533714936
7614,5537,PUNJAB,MANSA,Kulrian,2.489,2.51,75.64180692177284,29.7794120330741
7611,5537,PUNJAB,MANSA,Kulrian,1.964,1.89,75.60928996132932,29.769282694774073
6890,5537,PUNJAB,MANSA,Kulrian,0.905,0.88,75.67744007728386,29.80781867942324
6889,5537,PUNJAB,MANSA,Kulrian,6.645,6.63,75.68538957900886,29.805431744038465
6888,5537,PUNJAB,MANSA,Kulrian,7.421,7.39,75.68691494507094,29.80366221999229
11525,8490,HARYANA,YAMUNANAGAR,Daulatpur,4.0,3.44,77.10905476594048,30.086600173169305
11523,8490,HARYANA,YAMUNANAGAR,Daulatpur,13.0,12.9,77.09212045288359,30.099926234245675
11521,8490,HARYANA,YAMUNANAGAR,Daulatpur,6.5,6.28,77.08602347579446,30.097630780199808
11520,8490,HARYANA,YAMUNANAGAR,Daulatpur,10.5,10.29,77.0903021337652,30.091162051570876
6660,5368,HARYANA,FATEHABAD,Damkora,11.0,9.54,75.86673803651183,29.730924693454583
18591,14011,HARYANA,KARNAL,Gonder,47.0,46.91,76.7839212327929,29.639062699743384
7724,5024,HARYANA,KURUKSHETRA,kharindhwa,4.0,4.14,76.93615148297366,30.09516483170524
6225,5024,HARYANA,KURUKSHETRA,kharindhwa,5.0,5.2,76.92374306363065,30.09418019077938
13078,9519,PUNJAB,BATHINDA,Maultiana,1.0,1.05,74.87275784308393,30.17365438830811
13076,9519,PUNJAB,BATHINDA,Maultiana,7.0,5.61,74.8644688983068,30.174101548165805
8692,6715,HARYANA,KURUKSHETRA,Bepdi,25.0,21.93,77.06747959997608,29.97850891033989
16981,11866,HARYANA,KARNAL,Nissing,76.0,63.87,76.73971464858082,29.67602623866509
24820,20904,HARYANA,KARNAL,Jani,17.0,16.93,76.88230086672542,29.6078825051369
17225,11994,HARYANA,YAMUNANAGAR,Badanpuri,4.5,3.37,77.1922921374298,30.12825643701132
8806,6798,PUNJAB,MUKTSAR,Buttar sharinh,6.466,6.23,74.69378414344887,30.353458242258995
6481,5213,HARYANA,KARNAL,Pushgarh,3.0,2.35,77.04600659838441,29.9008786783459
8114,6320,HARYANA,KURUKSHETRA,Bekana,38.0,42.02,76.88672098315391,30.113291100773303
6793,5462,HARYANA,KURUKSHETRA,kharindwa,5.0,5.53,76.93423639513612,30.113720321104992
6936,5578,HARYANA,KURUKSHETRA,Buhawa,13.0,13.09,76.97909792130314,30.15347537966296
7436,6055,HARYANA,KURUKSHETRA,Berthali,16.0,16.29,76.98130178778904,30.14245347613526
7327,6055,HARYANA,KURUKSHETRA,Berthali,8.0,9.0,76.98322494419513,30.140561126864224
6803,5472,HARYANA,KURUKSHETRA,Kharindwa,5.0,4.36,76.92141492361255,30.10709025433205
8065,6298,HARYANA,KURUKSHETRA,Hebana,6.0,4.98,76.85257587344596,30.129618125708905
23006,17706,HARYANA,YAMUNANAGAR,Baindi,4.0,4.1,77.17521573588867,30.086600519811256
6530,5257,PUNJAB,MUKTSAR,Doolkot,5.0,5.27,74.6902710827656,30.378425587471213
8472,6565,HARYANA,KAITHAL,Theh Mukrian,55.0,59.69,76.33702058095008,29.98270438663571
7785,4912,PUNJAB,FARIDKOT,Dhilwan kalan,10.0,12.6,74.86159141209801,30.584553989027587
5700,4550,HARYANA,SIRSA,Damdama,11.4,10.87,74.65059408081885,29.46192138568819
6853,5510,HARYANA,KURUKSHETRA,kalwa,10.0,9.66,76.97915688488891,30.116068455168456
4591,3628,HARYANA,SIRSA,Odhan,43.0,43.8,74.85883925954526,29.737518078839383
7205,5793,PUNJAB,MANSA,Bhawa,4.54,4.49,75.6385789735925,29.801487204311897
7204,5793,PUNJAB,MANSA,Bhawa,3.173,2.82,75.6551649111592,29.7887982454623
12223,8969,HARYANA,YAMUNANAGAR,Baindi,5.5,5.02,77.16877499272063,30.090513454001886
6492,5223,PUNJAB,FARIDKOT,Dhilwan kalan,29.0,28.81,74.90786094618333,30.555028036910706
9935,7534,HARYANA,AMBALA,Sahla,6.0,6.08,77.1618792682296,30.33809244699494
9934,7534,HARYANA,AMBALA,Sahla,6.2,6.39,77.17207714744627,30.346967494345012
8569,6634,HARYANA,KURUKSHETRA,Helalpur,33.0,27.37,77.01249577239132,30.02501635843107
13422,9734,HARYANA,YAMUNANAGAR,Kherki brahaman,1.2,1.43,77.08841798487947,30.06612336713983
13421,9734,HARYANA,YAMUNANAGAR,Kherki brahaman,3.0,2.98,77.09099816859694,30.066724913075596
13420,9734,HARYANA,YAMUNANAGAR,Kherki brahaman,1.0,0.86,77.08898993237477,30.067336932673047
6934,5576,HARYANA,KURUKSHETRA,Lakhmari,22.0,21.33,77.00075329180044,30.144680720937448
10342,7756,PUNJAB,BARNALA,karamgarh,25.0,24.65,75.61204699430056,30.426632376827705
14816,10626,HARYANA,AMBALA,Nagla nanku,6.8,4.85,76.94065377387082,30.38134196796308
8206,6376,PUNJAB,FAZILKA,Amarpura,3.185,3.15,74.18952749035162,30.047836982691525
8205,6376,PUNJAB,FAZILKA,Amarpura,13.0,12.93,74.18292026993694,30.04615964376331
6428,5174,PUNJAB,MUKTSAR,channu,17.5,16.65,74.60152153988382,30.074269890226173
6427,5174,PUNJAB,MUKTSAR,channu,7.7,7.4,74.60861530422154,30.09154939140035
8335,6463,PUNJAB,MANSA,Kulrian,12.39,12.32,75.6778282187962,29.781389681603713
8334,6463,PUNJAB,MANSA,Kulrian,12.295,11.9,75.680897945321,29.779717251047725
12605,9225,HARYANA,KAITHAL,Theh bhutana,18.0,18.28,76.26933222061822,29.974880279064553
17963,13642,HARYANA,YAMUNANAGAR,Kheri lakha Singh,4.0,4.07,77.1356447641168,30.11363285110397
17951,13642,HARYANA,YAMUNANAGAR,Kheri lakha Singh,2.0,1.97,77.14222653539646,30.10981069796942
12094,8874,PUNJAB,LUDHIANA,Patti multani,1.6,1.19,75.38304439069492,30.952659434555745
9109,6986,HARYANA,KURUKSHETRA,Mohanpur,9.0,11.21,76.50330192570327,30.03904068265045
9108,6986,HARYANA,KURUKSHETRA,Mohanpur,16.0,15.06,76.5127398962286,30.038033187821544
9107,6986,HARYANA,KURUKSHETRA,Mohanpur,4.0,3.96,76.51662972018559,30.04489997310902
9106,6986,HARYANA,KURUKSHETRA,Mohanpur,16.0,17.7,76.5151308782549,30.044306700705672
8921,6875,HARYANA,KURUKSHETRA,Jurashi kalan,15.0,14.15,76.58188601799058,30.0296550267138
8101,6221,PUNJAB,MANSA,Juglan,8.78,8.76,75.68751274138465,29.83589948360407
8100,6221,PUNJAB,MANSA,Juglan,23.44,23.18,75.6869840341916,29.83975254700581
7945,6221,PUNJAB,MANSA,Juglan,24.166,24.05,75.685125609969,29.842189202800775
7944,6221,PUNJAB,MANSA,Juglan,16.224,16.02,75.69465425438003,29.84299714574572
11472,8456,HARYANA,KURUKSHETRA,Nalvi,8.0,8.07,76.77463402075384,30.186568781962077
11471,8456,HARYANA,KURUKSHETRA,Nalvi,18.0,18.92,76.79099512097788,30.186318944614925
11470,8456,HARYANA,KURUKSHETRA,Nalvi,4.4,4.68,76.81067058649091,30.177259611353083
11469,8456,HARYANA,KURUKSHETRA,Nalvi,20.0,23.03,76.77853170465464,30.167398378863165
24831,20936,PUNJAB,MANSA,Bhawa,3.0,2.76,75.65283100502913,29.785937651431247
24829,20936,PUNJAB,MANSA,Bhawa,6.0,6.37,75.64743701798582,29.800632375231977
6709,5405,HARYANA,SIRSA,Damdama,15.0,13.69,74.67290966188158,29.586864328411576
6708,5405,HARYANA,SIRSA,Damdama,8.0,7.41,74.68744113695791,29.56172964208128
6707,5405,HARYANA,SIRSA,Damdama,41.0,38.55,74.65960148577318,29.56882899291571
7214,5966,PUNJAB,FAZILKA,Rajawali,13.0,13.86,74.26626937853104,30.08548079577626
13534,9806,HARYANA,FATEHABAD,Ratakhera,17.0,16.93,75.52233643827137,29.681588246284303
7210,5963,HARYANA,KARNAL,Kalsoura,3.0,2.69,77.14680689102059,29.874134037818976
8083,6307,HARYANA,KAITHAL,Keorak,26.0,26.84,76.4655665012765,29.875221936861752
7736,5442,HARYANA,KARNAL,Sandhri,11.0,10.16,76.97850937017249,29.83731089269958
6760,5442,HARYANA,KARNAL,Sandhri,12.0,11.84,76.99163208744197,29.83948702354973
6759,5442,HARYANA,KARNAL,Sandhri,5.0,5.02,76.99225143104387,29.83586406004407
13249,9627,HARYANA,KURUKSHETRA,Barwa,6.0,6.07,76.76396812789048,29.92461943535576
13814,9993,PUNJAB,LUDHIANA,Patti multani,42.0,41.49,75.37189790200267,30.942644549783637
18724,14086,HARYANA,YAMUNANAGAR,Chhaper mansurpur,2.0,2.12,77.16832585624398,30.2030520215461
18723,14086,HARYANA,YAMUNANAGAR,Chhaper mansurpur,5.0,5.23,77.16980878723287,30.202847429621645
18722,14086,HARYANA,YAMUNANAGAR,Chhaper mansurpur,3.0,2.94,77.17095157931315,30.19987643255568
8332,6461,PUNJAB,MANSA,Kulrian,23.728,23.56,75.68575815695864,29.779780132720756
8331,6461,PUNJAB,MANSA,Kulrian,6.84,6.83,75.68733333204304,29.78233864227677
9097,6980,HARYANA,KURUKSHETRA,Teora,8.0,8.51,76.87963460864088,30.116175562192065
20689,15411,HARYANA,YAMUNANAGAR,Rattangarh,9.0,8.57,77.19853188623809,30.085006713706967
6595,5311,HARYANA,KARNAL,Shambi,50.0,38.34,76.82224203814354,29.827530846090916
6594,5311,HARYANA,KARNAL,Shambi,25.0,23.16,76.8187601498213,29.830265222872097
8075,6303,HARYANA,FATEHABAD,Nagpur,23.0,21.47,75.41679858422738,29.67336572001468
12699,9293,HARYANA,KARNAL,Amupur,10.0,9.86,76.72780419719413,29.764018252262236
11756,8632,HARYANA,KURUKSHETRA,Jalkheri,8.6,8.41,76.92080747042127,30.08287401049804
11755,8632,HARYANA,KURUKSHETRA,Jalkheri,7.2,6.93,76.92443973701886,30.072286995000184
11754,8632,HARYANA,KURUKSHETRA,Jalkheri,13.8,13.42,76.92515359838417,30.07716487058792
18472,13929,HARYANA,YAMUNANAGAR,Sagri,6.7,6.72,77.13094376079154,30.096958763491127
23867,19207,HARYANA,KAITHAL,Theh Newal,5.4,5.41,76.35796026099806,29.987701549834693
23860,19207,HARYANA,KAITHAL,Theh Newal,5.0,5.04,76.35626861626257,29.992377545238337
11495,8475,HARYANA,KURUKSHETRA,Nalvi,22.3,22.44,76.77953871874614,30.183745335161426
13598,9845,HARYANA,KURUKSHETRA,Gahri Roran,4.0,4.18,76.72383413966033,29.96362849664568
13597,9845,HARYANA,KURUKSHETRA,Gahri Roran,20.0,20.05,76.73014197653163,29.97006676573817
13596,9845,HARYANA,KURUKSHETRA,Gahri Roran,18.5,18.43,76.7361361294847,29.96337279533517
8034,6279,HARYANA,KURUKSHETRA,Sarsa,15.0,14.8,76.67430831166516,29.932606895583184
9787,7438,PUNJAB,MUKTSAR,sahib chand,10.0,9.25,74.71491221578728,30.30418194476719
11838,8698,PUNJAB,FEROZEPUR,Sandhe,12.6,10.68,74.71964352452129,30.942981981061475
8134,6316,HARYANA,KURUKSHETRA,Teori,2.0,1.42,76.88608154414658,30.12404234375223
8108,6316,HARYANA,KURUKSHETRA,Teori,13.0,12.32,76.89347808481564,30.113968687694015
10223,7728,PUNJAB,MUKTSAR,shahid chand,6.0,6.43,74.69895074257995,30.305801336830164
10221,7728,PUNJAB,MUKTSAR,shahid chand,13.0,12.0,74.70266621285761,30.307349326835244
9984,7569,HARYANA,KURUKSHETRA,Gamri Jatan,19.0,18.81,76.77449077801924,30.00103531418019
9941,7539,HARYANA,YAMUNANAGAR,Sarawa,15.0,16.68,77.18359309183974,30.357164059936675
13787,9977,HARYANA,KURUKSHETRA,Samsipur,20.0,19.78,76.80175806922125,29.904097809018893
13786,9977,HARYANA,KURUKSHETRA,Samsipur,48.0,39.35,76.79400995408733,29.90678433044054
17405,13345,HARYANA,YAMUNANAGAR,Sukhdaspur,0.8,0.77,77.17769414533367,30.196818604242175
17404,13345,HARYANA,YAMUNANAGAR,Sukhdaspur,3.2,3.12,77.17588278555436,30.1956957600373
17403,13345,HARYANA,YAMUNANAGAR,Sukhdaspur,10.0,9.86,77.17618716571987,30.19367071613439
7964,6231,HARYANA,KURUKSHETRA,Pehwa local,36.0,36.27,76.60019142604467,30.00589971878167
9952,7547,HARYANA,SIRSA,Kariwala,12.0,11.54,74.61914677046013,29.55803314668549
6940,5582,HARYANA,AMBALA,Jeoli,10.0,12.99,77.09127598409637,30.35083600920532
11630,8552,HARYANA,AMBALA,Zaffarpur,13.0,12.87,77.14969051437566,30.32924957689439
8145,6340,HARYANA,KURUKSHETRA,Torea,16.0,16.33,76.87650171714147,30.110139599191363
21059,15117,HARYANA,KURUKSHETRA,Sura,9.5,9.69,77.10385809075694,30.028783765403364
20316,15117,HARYANA,KURUKSHETRA,Sura,13.5,13.39,77.09660777385895,30.031721165427076
12176,8931,HARYANA,AMBALA,Shardehdi,5.0,5.17,77.16002059042974,30.317192292938948
8365,6485,PUNJAB,BARNALA,karamgarh,9.0,8.71,75.6273733276438,30.44923069975981
9979,7566,PUNJAB,MUKTSAR,Sahib chand,3.0,2.57,74.6997484191096,30.307388678683072
9978,7566,PUNJAB,MUKTSAR,Sahib chand,6.0,6.24,74.70885035973883,30.3128224491992
9977,7566,PUNJAB,MUKTSAR,Sahib chand,4.0,3.67,74.69101695132167,30.3083059075275
11786,8656,HARYANA,YAMUNANAGAR,Daulatpur,5.0,4.34,77.09927284934548,30.089428529760134
11785,8656,HARYANA,YAMUNANAGAR,Daulatpur,1.0,0.78,77.10188782423279,30.091633720941967
9092,6977,PUNJAB,BARNALA,barnala,10.0,10.32,75.52391959815655,30.384666699989257
5296,4231,HARYANA,FATEHABAD,Haroli,15.0,12.85,75.48096637638771,29.646150485687304
7224,5974,PUNJAB,MUKTSAR,Sukhan abluo,15.0,15.48,74.64752652322504,30.340112060514652
12063,3575,PUNJAB,LUDHIANA,Chak bhai ka,18.3,22.76,75.512051527204,30.362791802391175
12057,3746,PUNJAB,LUDHIANA,Dadhahoor,22.5,25.35,75.51916779973047,30.367448219935472
8950,6889,PUNJAB,MUKTSAR,Bhalaiana,4.733,4.4,74.71810782951741,30.348338235280934
7727,5775,HARYANA,KURUKSHETRA,Chiba,11.0,12.5,76.79477496100775,30.062204170794164
7429,6014,PUNJAB,FAZILKA,Rajawali,9.6,9.12,74.24430665560038,30.062557217424512
7275,6014,PUNJAB,FAZILKA,Rajawali,8.0,7.82,74.26976885532324,30.079098827307273
13538,9808,HARYANA,SIRSA,Kariwala,13.386,13.37,74.66695325125144,29.525312183087443
9964,6771,HARYANA,KURUKSHETRA,Bir amin,50.0,50.43,76.83618218144957,29.93672880170221
8772,6771,HARYANA,KURUKSHETRA,Bir amin,50.0,47.66,76.90516318126991,29.911705755747484
13365,9705,HARYANA,KAITHAL,Kharkra,2.2,2.3,76.26936638013662,29.95395592227427
9093,5133,PUNJAB,BARNALA,sanghera,18.0,16.05,75.52094951271096,30.38471887060658
9090,6975,HARYANA,KURUKSHETRA,Sunehri,10.0,12.36,76.81758514527566,29.915688392583604
9189,7041,HARYANA,KARNAL,Kharak,9.0,8.32,77.1619944703424,29.90988995344243
7428,6095,HARYANA,KURUKSHETRA,bhagwanpur,16.0,15.06,76.95430349860577,30.05495444841293
7383,6095,HARYANA,KURUKSHETRA,bhagwanpur,22.0,22.48,76.94832576151275,30.063085101356688
11650,8568,HARYANA,AMBALA,Jaferpur,4.0,3.71,77.1562240216607,30.320812598133184
24221,5427,HARYANA,KURUKSHETRA,bhuhavi,10.0,10.05,76.9903703185949,30.162026653348637
6738,5427,HARYANA,KURUKSHETRA,bhuhavi,4.0,3.81,76.98872060236877,30.15778371879706
13556,9818,HARYANA,YAMUNANAGAR,Ismailpur,5.0,5.06,77.17486021368384,30.12533598776198
13551,9818,HARYANA,YAMUNANAGAR,Ismailpur,4.0,3.88,77.17542790466504,30.127118999328527
6806,5475,PUNJAB,MUKTSAR,channu,3.0,2.92,74.59061037531764,30.08739348317023
7086,5701,PUNJAB,MUKTSAR,Buttar sarien,10.555,10.72,74.69861073493702,30.35717872813645
8388,6503,HARYANA,KURUKSHETRA,Kharak Singh farm sandholi,65.0,60.58,76.626320661583,29.97008592080746
8457,6555,PUNJAB,MANSA,Reond khurd,11.059,10.95,75.57226743332157,29.74936333136542
9171,7028,HARYANA,KARNAL,Bhoji,5.0,5.34,77.1218224898062,29.925178250074246
26039,22638,PUNJAB,BATHINDA,Chak Bakhtu,9.0,8.96,75.1428349996959,30.195047450590835
8696,6717,HARYANA,FATEHABAD,Ratakhera,2.0,2.39,75.50495813905157,29.654753737138073
9975,7564,HARYANA,KARNAL,Budhanpur,20.0,18.4,76.82513186899797,29.70183933068493
12034,8827,PUNJAB,FEROZEPUR,Kmale wala,12.0,14.2,74.62639230977683,31.005978693749057
12033,8827,PUNJAB,FEROZEPUR,Kmale wala,8.0,6.11,74.61743913184489,31.00961984675855
8942,4703,PUNJAB,MUKTSAR,Bhalaiana,15.0,15.34,74.69592402152271,30.33027161914565
9157,7017,HARYANA,KURUKSHETRA,Bichgaw,50.0,57.23,76.7852108508716,30.0165663075286
21888,16355,HARYANA,KURUKSHETRA,Allipura,11.0,10.64,77.11071424446665,30.01549415208524
21887,16355,HARYANA,KURUKSHETRA,Allipura,20.0,20.73,77.11040706934058,30.01432287503584
12537,9178,PUNJAB,FEROZEPUR,Nihala kilcha,2.0,2.34,74.50081358731154,30.942899624384612
12536,9178,PUNJAB,FEROZEPUR,Nihala kilcha,9.5,8.81,74.51099839947344,30.937945476697916
12535,9178,PUNJAB,FEROZEPUR,Nihala kilcha,5.4,6.29,74.49843254192335,30.946655986590255
13464,9764,PUNJAB,BATHINDA,Dhalma,8.6,8.95,75.01271913409276,30.31522619707203
13462,9764,PUNJAB,BATHINDA,Dhalma,10.0,10.21,75.0404989647563,30.31551248826209
11649,8567,HARYANA,AMBALA,Aliyaspur,2.0,2.09,77.1523094508238,30.319899999567195
10425,7807,HARYANA,KURUKSHETRA,Bir kalwa,9.0,10.94,76.97387032483972,30.12091589332432
10424,7807,HARYANA,KURUKSHETRA,Bir kalwa,7.0,7.47,76.97229544486805,30.12097562825572
10423,7807,HARYANA,KURUKSHETRA,Bir kalwa,6.0,6.31,76.98537022524273,30.101212470819593
8053,6291,HARYANA,KURUKSHETRA,Hebana,7.0,5.87,76.85894703226666,30.12147322587696
6783,5457,HARYANA,KURUKSHETRA,Shamaspur,5.0,4.15,76.73001011661066,29.97507711613508
7297,6031,PUNJAB,MANSA,Mander,8.12,8.02,75.6814045504707,29.83329084324157
7296,6031,PUNJAB,MANSA,Mander,4.229,4.2,75.6814497890376,29.81549258188707
7295,6031,PUNJAB,MANSA,Mander,5.476,5.38,75.67942965568024,29.81311102862113
7294,6031,PUNJAB,MANSA,Mander,2.325,2.33,75.68026676076869,29.830307284269654
8099,6313,HARYANA,KURUKSHETRA,Sarsa,10.0,9.87,76.66378837396772,29.952410760625096
8097,6313,HARYANA,KURUKSHETRA,Sarsa,10.0,10.91,76.66926885242033,29.945305059496494
8095,6313,HARYANA,KURUKSHETRA,Sarsa,17.0,16.64,76.66554906940507,29.94347950232373
10907,8117,HARYANA,KARNAL,Chhaper,7.0,7.78,77.06755083426627,29.930516211891636
10906,8117,HARYANA,KARNAL,Chhaper,11.0,10.92,77.07011922633625,29.93399088020099
8211,6380,HARYANA,SIRSA,Ghukanwali,46.0,46.42,76.21921221269557,29.90810655316018
11931,8758,HARYANA,YAMUNANAGAR,Jhaguri,5.0,4.93,77.17351359724982,30.11390931188285
11930,8758,HARYANA,YAMUNANAGAR,Jhaguri,4.0,3.57,77.1735388490921,30.110978952687177
13103,9536,HARYANA,YAMUNANAGAR,Sarawa,10.9,9.91,77.20181987231479,30.337719814244025
13102,9536,HARYANA,YAMUNANAGAR,Sarawa,4.8,5.63,77.19705602367495,30.344533960112884
24130,19814,HARYANA,YAMUNANAGAR,Kail,4.0,4.1,77.25011484431258,30.168654847970725
24127,19814,HARYANA,YAMUNANAGAR,Kail,5.0,5.17,77.25219943168894,30.192309732454547
7732,5736,PUNJAB,FARIDKOT,Kamiana,12.0,11.14,74.74930683673644,30.618271993522622
7131,5736,PUNJAB,FARIDKOT,Kamiana,7.0,5.88,74.72393184804626,30.656990254281144
13646,9869,HARYANA,YAMUNANAGAR,Chhari,3.2,3.12,77.1388201930993,30.083800628732263
24132,19817,HARYANA,YAMUNANAGAR,Sudhal,9.0,8.51,77.23016021898795,30.155880018240214
24131,19817,HARYANA,YAMUNANAGAR,Sudhal,4.0,3.91,77.22285812893503,30.159681067012723
5936,4752,PUNJAB,BARNALA,sanghera,4.0,4.33,75.51466298664961,30.38776733130708
8373,6493,HARYANA,KURUKSHETRA,Bodla,15.0,15.0,76.93034190868809,30.017694655720295
13799,9984,HARYANA,KAITHAL,Ahun,14.5,13.57,76.66567054362626,29.78307879300311
13798,9984,HARYANA,KAITHAL,Ahun,6.5,6.46,76.68668565903718,29.7790289637807
9765,7426,HARYANA,KARNAL,Nissing,40.0,43.42,76.71627596588765,29.713832184258365
9764,7426,HARYANA,KARNAL,Nissing,65.0,66.13,76.73420190201779,29.69344300743469
8466,6560,PUNJAB,MANSA,Gandu kalan,0.775,0.72,75.5497441183239,29.778758233463748
8464,6560,PUNJAB,MANSA,Gandu kalan,1.68,1.68,75.55154520291597,29.78199008289691
8463,6560,PUNJAB,MANSA,Gandu kalan,1.081,0.98,75.54857289408207,29.784270135574857
13384,9719,HARYANA,KURUKSHETRA,Mukarpur,11.0,10.45,76.92200827628017,29.998261462293993
7502,6171,HARYANA,KURUKSHETRA,bhagwan pur,8.0,7.65,76.94845494945626,30.065362586365183
6830,5491,HARYANA,KURUKSHETRA,Shamsaspur,7.0,6.17,76.73222236115843,29.986385029105
5566,4451,HARYANA,FATEHABAD,Jandwala sottar,16.0,15.77,75.45148777103243,29.596186821584055
8638,6682,HARYANA,KURUKSHETRA,Urnai,8.0,7.0,76.61981461907217,30.0129734049088
13541,9810,HARYANA,YAMUNANAGAR,Ismailpur,1.5,1.52,77.1741402070896,30.125819609005248
9557,7286,HARYANA,KURUKSHETRA,Vill. Sirasama,2.4,1.65,76.90904997434207,29.976654626046553
12037,8828,PUNJAB,FEROZEPUR,Kmale wala,2.0,1.72,74.62493434104329,31.00976459056843
12036,8828,PUNJAB,FEROZEPUR,Kmale wala,11.0,10.74,74.61727713733049,31.004632653376472
12035,8828,PUNJAB,FEROZEPUR,Kmale wala,20.0,18.36,74.61566282964824,31.007362600101615
6887,5536,PUNJAB,FARIDKOT,Kamiana,27.0,28.52,74.70935542995076,30.63926291489276
5130,4083,HARYANA,FATEHABAD,Ayalki,40.0,40.53,75.49208184238456,29.558031132538225
12318,9037,HARYANA,YAMUNANAGAR,Rattangarh,5.0,5.22,77.19606671924524,30.07549863434857
11282,8349,HARYANA,FATEHABAD,Haroli,10.0,9.88,75.46804585372213,29.64367846393927
7647,3673,HARYANA,FATEHABAD,Khumber,15.0,16.52,75.42599635179133,29.612020471931356
7646,3673,HARYANA,FATEHABAD,Khumber,45.0,55.29,75.43352269224627,29.61842657384306
4645,3673,HARYANA,FATEHABAD,Khumber,19.0,20.91,75.41904590742027,29.618324888791797
12941,9448,PUNJAB,FEROZEPUR,Bhane wali basti,14.0,16.98,74.69065847996391,31.051821526247323
13533,9805,HARYANA,FATEHABAD,Ratakhera,17.0,17.19,75.51743933268305,29.674584656840164
13710,9921,HARYANA,FATEHABAD,Manjra,40.0,39.58,75.52291121854171,29.5437634900223
7949,6224,HARYANA,KURUKSHETRA,rampura,10.0,10.64,76.93939509457587,30.04893418746864
11515,8488,HARYANA,KAITHAL,Bhuda kheda,68.0,63.78,76.25544249771099,29.8243294456556
13644,9867,HARYANA,YAMUNANAGAR,Chhari,4.7,4.46,77.14112672387132,30.085058575096664
7222,5972,PUNJAB,MUKTSAR,channu,8.8,8.57,74.6046034033295,30.100039510947763
13750,9951,HARYANA,KURUKSHETRA,Kanthala,23.0,22.95,76.65850160869685,30.049988686228843
12487,9152,HARYANA,KAITHAL,Ahun,13.0,13.67,76.68497104157524,29.787798417187837
11431,8434,HARYANA,KAITHAL,Kaul,5.0,4.67,76.63823162162547,29.840534019450004
11430,8434,HARYANA,KAITHAL,Kaul,13.0,12.04,76.6450128572,29.846654570815588
12436,9118,PUNJAB,MUKTSAR,Lohari,6.0,6.55,74.65339923437261,30.37119565265591
12435,9118,PUNJAB,MUKTSAR,Lohari,11.203,11.66,74.64955693105578,30.36661014910058
12434,9118,PUNJAB,MUKTSAR,Lohari,13.837,13.45,74.64935740268903,30.369632822956632
12433,9118,PUNJAB,MUKTSAR,Lohari,15.928,14.64,74.6673765454591,30.370264666904593
8045,6286,HARYANA,KURUKSHETRA,Kharindwa,15.0,15.97,76.91409332729393,30.113887727240435
12708,9300,PUNJAB,FEROZEPUR,Vahka,5.5,5.23,74.70183291530117,31.042818170670557
9187,7040,HARYANA,KARNAL,Garhi birbal,4.0,5.01,77.17768569934907,29.906171464811255
9186,7040,HARYANA,KARNAL,Garhi birbal,5.0,4.11,77.16669059190625,29.91006642449603
7257,6001,HARYANA,KURUKSHETRA,rawa,8.0,7.73,76.90648319428784,30.184663468111506
9718,7391,HARYANA,FATEHABAD,Haroli,24.0,23.61,75.45077995751218,29.661234805727673
8219,6388,HARYANA,SIRSA,Ghukanwali,46.0,42.41,76.23543912016379,29.910380809838053
5661,4521,HARYANA,KARNAL,Naru kheri,14.0,16.06,76.88968999798611,29.649889194909296
5660,4521,HARYANA,KARNAL,Naru kheri,8.0,8.71,76.88931869896665,29.645997375863885
14361,10340,HARYANA,YAMUNANAGAR,Dhourang,9.2,9.42,77.19847110518155,30.06623497015979
14359,10340,HARYANA,YAMUNANAGAR,Dhourang,3.3,3.38,77.1884289967281,30.062854330047493
14358,10340,HARYANA,YAMUNANAGAR,Dhourang,3.0,3.07,77.19301288141803,30.066650566714987
14357,10340,HARYANA,YAMUNANAGAR,Dhourang,2.3,2.32,77.1867343127031,30.069491970553855
14356,10340,HARYANA,YAMUNANAGAR,Dhourang,8.8,9.91,77.18391875714639,30.071079850658563
5065,4025,HARYANA,SIRSA,Kariwala,24.0,24.32,74.6531106728925,29.56044620008183
7686,5554,HARYANA,KURUKSHETRA,marchedi,25.0,24.5,76.92988662414318,30.04831467557424
7684,5554,HARYANA,KURUKSHETRA,marchedi,14.0,13.0,76.92969933492095,30.03937173113221
7681,5554,HARYANA,KURUKSHETRA,marchedi,14.0,14.75,76.93328745343906,30.040264719699945
7677,5554,HARYANA,KURUKSHETRA,marchedi,16.0,17.72,76.92721989931213,30.042542424855636
7667,5554,HARYANA,KURUKSHETRA,marchedi,10.0,9.12,76.93578518131412,30.038837120727383
6909,5554,HARYANA,KURUKSHETRA,marchedi,12.0,11.16,76.92793930048927,30.038489467700668
13057,9506,PUNJAB,BATHINDA,Mautaninan,25.8,27.34,74.86721821129696,30.17622661677185
7932,6213,PUNJAB,HOSHIARPUR,Nansota,17.0,15.35,75.66682939243441,31.98145351349515
18814,14139,HARYANA,KAITHAL,Polar,11.0,10.92,76.35140915068038,29.92225731606367
11492,8473,HARYANA,KURUKSHETRA,Nalvi,6.3,6.28,76.7809762284688,30.16573023176229
11491,8473,HARYANA,KURUKSHETRA,Nalvi,14.8,14.45,76.77911709376583,30.16250725197031
7454,6139,PUNJAB,BARNALA,Karamgarh,16.0,15.84,75.62978276002129,30.416775141002383
4463,3530,HARYANA,KAITHAL,Mandi,8.0,6.27,76.38143262634864,29.91449488641693
12249,8986,HARYANA,KURUKSHETRA,Barwa,7.0,6.81,76.76015195145148,29.917941009179867
12248,8986,HARYANA,KURUKSHETRA,Barwa,23.0,22.55,76.7635601152646,29.926579870632043
10172,7700,HARYANA,SIRSA,Talwara khurd,11.0,10.73,74.61639939686984,29.509649693342173
7291,6028,PUNJAB,MUKTSAR,channu,13.8,13.97,74.60302108427116,30.097062722576545
8223,6392,PUNJAB,MUKTSAR,Sukhan abulo,14.789,14.31,74.66207822316582,30.33935167694192
9988,7577,PUNJAB,MUKTSAR,shaib chand,8.0,7.95,74.71235094407803,30.315650090252504
9987,7577,PUNJAB,MUKTSAR,shaib chand,4.2,4.12,74.70085376711451,30.30523872045223
9986,7577,PUNJAB,MUKTSAR,shaib chand,14.0,14.55,74.69022329434361,30.314472577310035
9985,7577,PUNJAB,MUKTSAR,shaib chand,5.0,5.31,74.70143490794753,30.31054186645238
13574,9829,HARYANA,KURUKSHETRA,Thangore,31.0,31.87,76.76610072264447,30.12892338747987
12917,9432,HARYANA,KARNAL,Gonder,30.0,29.53,76.79450704469805,29.679670750718675
10509,7857,PUNJAB,BATHINDA,Deon,4.0,3.84,74.84327745335283,30.28111641028179
10507,7857,PUNJAB,BATHINDA,Deon,4.3,4.44,74.84549926158601,30.28374723068466
5524,4414,HARYANA,KARNAL,Kalampura,30.0,26.02,76.90584332105641,29.703379817472257
5523,4414,HARYANA,KARNAL,Kalampura,12.0,15.23,76.91989181822208,29.706698102084633
5522,4414,HARYANA,KARNAL,Kalampura,6.0,7.58,76.91518071448395,29.70616300854641
7989,6248,HARYANA,FATEHABAD,Hukmawali,8.0,8.07,75.4434106571952,29.67627522435248
7988,6248,HARYANA,FATEHABAD,Hukmawali,7.0,7.27,75.43842381111175,29.68687625126049
7986,6248,HARYANA,FATEHABAD,Hukmawali,13.0,13.3,75.44544790165801,29.68414529674298
9182,7036,HARYANA,KARNAL,Bhoji,7.0,6.95,77.1111927686806,29.916974910745843
7255,6000,PUNJAB,MANSA,Bhawa,0.852,0.86,75.64261630649726,29.785071224133528
7254,6000,PUNJAB,MANSA,Bhawa,4.405,4.49,75.64447408508795,29.784141503269225
10466,7832,HARYANA,YAMUNANAGAR,Haibatpur,1.0,0.94,77.22479174721559,30.29272262747826
10462,7832,HARYANA,YAMUNANAGAR,Haibatpur,2.0,1.86,77.23811275093698,30.30106683074161
8195,6369,HARYANA,FATEHABAD,Tamspura,2.0,1.93,75.49394245579816,29.619024519640647
8194,6369,HARYANA,FATEHABAD,Tamspura,14.0,13.58,75.49126000818289,29.61545404950549
5165,4109,HARYANA,SIRSA,Chamal,13.0,13.04,74.95315702323522,29.579619470805753
7227,5977,HARYANA,SIRSA,Chakerian,19.0,19.02,76.22757809805142,29.98676022140877
13803,9986,PUNJAB,BATHINDA,Naruana,8.5,8.43,74.87750563973188,30.166032287266727
13802,9986,PUNJAB,BATHINDA,Naruana,4.4,4.5,74.88430626141393,30.15774119377329
13801,9986,PUNJAB,BATHINDA,Naruana,10.5,10.37,74.90797142567419,30.16116488857763
6998,5630,HARYANA,KURUKSHETRA,Jorasi kalan,20.0,17.43,76.59073612908249,30.01671059299831
5747,4593,PUNJAB,LUDHIANA,Kalsan,7.0,5.52,75.54104390072898,30.574728130142184
11757,8633,HARYANA,KURUKSHETRA,Jalkheri,12.95,12.18,76.92095269837687,30.081492661675515
6966,5603,PUNJAB,FARIDKOT,Kamiana,15.0,14.76,74.718996448524,30.63664122423449
11540,8505,HARYANA,FATEHABAD,Dadupur,12.0,11.99,75.47613040205417,29.677075084340284
12394,8906,HARYANA,FATEHABAD,Dhani dadupu,20.0,19.24,75.4894544039322,29.68308301997039
12144,8906,HARYANA,FATEHABAD,Dhani dadupu,10.0,9.51,75.49136600385258,29.66938792778365
13537,9807,HARYANA,FATEHABAD,Ratakhera,13.0,12.97,75.52054868989373,29.67574217993473
13536,9807,HARYANA,FATEHABAD,Ratakhera,7.0,6.81,75.51858069329283,29.674897535708475
13535,9807,HARYANA,FATEHABAD,Ratakhera,14.0,13.37,75.52081483281815,29.67249834122662
8230,6396,HARYANA,KARNAL,Gullarpur,16.0,18.98,76.77355222885998,29.65217689713891
4470,3535,HARYANA,KURUKSHETRA,Barna,13.0,9.84,76.7348534765815,29.907548625004043
12858,9390,HARYANA,KURUKSHETRA,Samshipur,33.0,33.08,76.80017982725231,29.92534880930889
12857,9390,HARYANA,KURUKSHETRA,Samshipur,30.5,29.72,76.80626728087312,29.933326315292906
8682,6707,HARYANA,KURUKSHETRA,Bagthala,6.0,5.93,76.728135569653,30.007060511634744
8680,6707,HARYANA,KURUKSHETRA,Bagthala,5.0,4.88,76.72291064821547,30.001662164214036
8679,6707,HARYANA,KURUKSHETRA,Bagthala,21.0,20.81,76.71078574006604,30.004085724485027
8678,6707,HARYANA,KURUKSHETRA,Bagthala,42.0,40.37,76.71422285729807,30.001822512885205
4487,3545,HARYANA,SIRSA,Odhan,2.0,2.63,74.88268152366908,29.73831744826866
5299,4233,HARYANA,SIRSA,Jhoradnali,20.0,18.27,74.94528724113222,29.53388271289955
5298,4233,HARYANA,SIRSA,Jhoradnali,13.0,11.83,74.94024501047296,29.53189340879321
13819,9996,HARYANA,YAMUNANAGAR,Radaur,3.7,3.65,77.15306483806887,30.098905266384136
13818,9996,HARYANA,YAMUNANAGAR,Radaur,21.3,21.38,77.1559734058769,30.10245057014828
14404,10363,HARYANA,KURUKSHETRA,Ghararsi,4.0,4.37,76.70149895645125,29.90233501177373
14402,10363,HARYANA,KURUKSHETRA,Ghararsi,10.0,10.4,76.70112534556465,29.90004767564571
13481,9771,PUNJAB,BATHINDA,Dhalma,5.2,5.18,75.02833614519967,30.31766499368072
13480,9771,PUNJAB,BATHINDA,Dhalma,5.2,5.01,75.02785890559683,30.315556993636964
13479,9771,PUNJAB,BATHINDA,Dhalma,10.6,10.41,75.04929507682506,30.318203326281708
11544,8507,HARYANA,FATEHABAD,Fatehabad . Nagpur khet,10.1,10.0,75.42741323623378,29.64424096411132
11543,8507,HARYANA,FATEHABAD,Fatehabad . Nagpur khet,16.0,14.99,75.42350800807411,29.643213412754847
7274,6013,HARYANA,KARNAL,Bansa,12.0,12.35,76.82658247242632,29.619587313598785
10065,7616,HARYANA,KURUKSHETRA,Magoli,5.0,5.08,77.03527036174255,30.139953366467875
4663,3691,HARYANA,FATEHABAD,Dadupur,14.0,11.9,75.47583521348939,29.689572937903215
7011,5642,PUNJAB,MUKTSAR,channu,6.7,6.67,74.59279282626639,30.085942061356263
8674,6704,HARYANA,FATEHABAD,Dadupur,22.0,20.84,75.47342690406877,29.68958017280104
8673,6704,HARYANA,FATEHABAD,Dadupur,46.0,39.2,75.46735125305943,29.68577251345754
12541,9181,PUNJAB,FEROZEPUR,Khoo mohar singh wala,21.0,19.29,74.60154798359949,30.97884466122293
8229,6395,HARYANA,KURUKSHETRA,Samaspur,7.5,7.76,76.74237089212134,29.972301094647115
8228,6395,HARYANA,KURUKSHETRA,Samaspur,7.0,6.29,76.73720059217771,29.984973561020343
8227,6395,HARYANA,KURUKSHETRA,Samaspur,21.0,20.35,76.73602112073186,29.97394735391578
12317,9036,HARYANA,YAMUNANAGAR,Rattangarh,3.0,2.86,77.18605890655041,30.080382684091692
11407,8420,HARYANA,KURUKSHETRA,Indbari,6.5,5.94,76.74870504660316,29.958968281826305
11406,8420,HARYANA,KURUKSHETRA,Indbari,12.0,11.17,76.74077445082156,29.968355622355283
11405,8420,HARYANA,KURUKSHETRA,Indbari,18.0,18.25,76.74125924702892,29.96652214791006
14164,10214,HARYANA,KURUKSHETRA,Khanpur Roran,5.0,4.82,76.7608573708973,29.9395863987577
14163,10214,HARYANA,KURUKSHETRA,Khanpur Roran,13.0,12.79,76.76042697141675,29.938258616007897
14353,10337,HARYANA,KURUKSHETRA,Machroli,23.4,22.79,76.91721026321983,30.093693503051757
23657,10216,HARYANA,KURUKSHETRA,Barwa,28.0,28.5,76.5888373067157,30.039067068492635
14168,10216,HARYANA,KURUKSHETRA,Barwa,27.0,26.35,76.76837344233975,29.91733203128953
14167,10216,HARYANA,KURUKSHETRA,Barwa,23.0,23.55,76.76836832887454,29.909476233014875
10734,8015,PUNJAB,FARIDKOT,Bir Sikhawala,20.0,20.2,74.8327551938119,30.616921726571956
12387,9090,HARYANA,KARNAL,Nissing,50.0,49.72,76.74038295855684,29.70522490608451
8805,6797,HARYANA,KURUKSHETRA,Amin,125.0,124.33,76.88740158881535,29.900856107131546
4489,3546,HARYANA,KURUKSHETRA,Jainpur jattan,4.0,4.23,77.02701245937435,29.96507766686439
13074,9517,HARYANA,KURUKSHETRA,Sunheri khalsa,19.0,17.31,76.82125762153069,29.940168595800618
13073,9517,HARYANA,KURUKSHETRA,Sunheri khalsa,32.0,32.22,76.82600451242267,29.93616886682743
10696,7985,PUNJAB,BATHINDA,Deon,18.0,18.29,74.82098928547987,30.25691579657954
9800,7447,PUNJAB,BARNALA,amla singh wala,16.0,14.84,75.59240738410607,30.44483391822032
5252,4172,HARYANA,KARNAL,Brash,12.0,10.88,76.74322320731117,29.737140496367164
9183,7037,HARYANA,KARNAL,Bhoji,16.0,16.73,77.1139233105976,29.915361925325147
7041,5665,PUNJAB,FARIDKOT,Machaki mall singh,8.0,8.42,74.74182767022356,30.608104691650524
8716,6732,PUNJAB,MANSA,Reond khurd,2.999,3.12,75.57422530310929,29.742585059144712
8715,6732,PUNJAB,MANSA,Reond khurd,1.891,1.97,75.57757251951956,29.743358213809195
13090,9530,HARYANA,YAMUNANAGAR,Daulatpur,2.3,2.27,77.11126798028025,30.09383807601169
4838,3837,HARYANA,SIRSA,Sant Nagar,14.0,14.08,74.71845530464763,29.570710276573948
8847,6825,HARYANA,KURUKSHETRA,Buhawa,10.0,11.18,76.98306105366396,30.163216962886903
11651,8569,HARYANA,AMBALA,Jaferpur,8.0,8.74,77.14210392122595,30.326797114187535
7767,5502,HARYANA,KURUKSHETRA,kharindwa,5.0,6.06,76.94674430301662,30.111705494297567
10179,7702,HARYANA,KURUKSHETRA,Dhanani,7.0,7.03,77.00481379857632,30.12000716850532
12570,9201,HARYANA,YAMUNANAGAR,Kunjal kamboyan,2.0,1.87,77.18680446355009,30.093370792108296
9181,7035,HARYANA,KARNAL,Rajypur,9.0,8.27,77.10911755689797,29.912292168860017
7414,6122,HARYANA,KAITHAL,Kangthali,2.0,2.32,76.34773421901751,29.9587389516851
6719,5412,PUNJAB,MUKTSAR,channu,3.6,3.42,74.60043995574891,30.110540161007844
6718,5412,PUNJAB,MUKTSAR,channu,1.1,1.11,74.58712920513828,30.10134097251912
8887,6849,PUNJAB,MANSA,Reond khurd,17.214,17.12,75.58286219100647,29.742470583204337
8260,6415,HARYANA,AMBALA,Bardoli,17.0,18.27,76.73582912088796,30.213181379275973
4661,3689,HARYANA,FATEHABAD,Dadupur,8.0,7.02,75.4754176747547,29.686739120696412
9011,6223,HARYANA,KURUKSHETRA,ishrehri,17.0,17.13,76.99239988990985,30.12831418793124
9010,6223,HARYANA,KURUKSHETRA,ishrehri,8.0,8.16,76.99121867131137,30.12566433496099
7947,6223,HARYANA,KURUKSHETRA,ishrehri,12.0,11.63,76.96504489919914,30.12605651877827
10750,8022,PUNJAB,MUKTSAR,shahid chand,4.5,4.23,74.71097183794087,30.309839470239112
10749,8022,PUNJAB,MUKTSAR,shahid chand,5.559,5.42,74.68906245260695,30.31598463163987
10748,8022,PUNJAB,MUKTSAR,shahid chand,2.6,2.68,74.68757945979165,30.304778754708636
10747,8022,PUNJAB,MUKTSAR,shahid chand,1.8,1.69,74.69001523981224,30.303781667815937
9947,7544,HARYANA,KARNAL,Gonder,4.0,4.37,76.77809354654535,29.66460132984487
8523,5149,HARYANA,KURUKSHETRA,baderpur,22.0,15.74,77.09017612924274,29.95860987612999
8300,5149,HARYANA,KURUKSHETRA,baderpur,12.0,11.84,77.0894999495592,29.966319695880443
6398,5149,HARYANA,KURUKSHETRA,baderpur,5.0,4.38,77.08450425593182,29.971465903258885
5306,4240,HARYANA,JIND,Roopgarh,4.0,3.66,76.308570398276,29.37281510798022
11632,8554,HARYANA,AMBALA,Jaferpur,7.0,6.64,77.1592559042055,30.32659192344017
9029,6833,HARYANA,KURUKSHETRA,Bakhli,25.0,22.89,76.52186332390714,30.009767493967725
8858,6833,HARYANA,KURUKSHETRA,Bakhli,5.0,4.72,76.60021536109038,29.98895159272592
4868,3861,HARYANA,FATEHABAD,Birdana,13.0,10.69,75.53866852745085,29.557490841490782
7223,5973,PUNJAB,MUKTSAR,channu,5.4,5.18,74.60481164009484,30.09749045024405
8792,6786,HARYANA,KURUKSHETRA,Sunarian,12.0,13.09,76.99530611385414,30.102607100724494
8244,6404,HARYANA,AMBALA,Barouli,7.0,7.04,76.7495994955205,30.223776694550427
4817,3818,HARYANA,KARNAL,Shambi,4.5,3.34,76.8269664081561,29.826084962690047
4816,3818,HARYANA,KARNAL,Shambi,4.5,4.07,76.82824222788643,29.82495837335454
9242,7019,HARYANA,FATEHABAD,Phoolan,3.0,3.01,75.49775832797407,29.609896185789413
9161,7019,HARYANA,FATEHABAD,Phoolan,11.0,11.29,75.49531608359753,29.62265777965651
9159,7019,HARYANA,FATEHABAD,Phoolan,37.0,33.12,75.35404159963447,29.646094509444985
10353,7767,HARYANA,FATEHABAD,Tamspura,25.0,24.58,75.49630105261873,29.63974160131069
10664,7971,HARYANA,KURUKSHETRA,Ghiserpadi,20.0,19.91,77.01111701962154,30.093105627554404
8064,6297,HARYANA,KURUKSHETRA,Bakana,8.0,7.28,76.86739875895374,30.11020327785265
8062,6297,HARYANA,KURUKSHETRA,Bakana,6.0,5.8,76.88263176687624,30.09689590237249
8061,6297,HARYANA,KURUKSHETRA,Bakana,8.0,8.0,76.8825149431208,30.09808095177768
25160,21447,HARYANA,FATEHABAD,Alika,18.4,18.43,75.41524158682846,29.708420827064064
8090,6311,HARYANA,KARNAL,Brass,60.0,59.56,76.74690681323663,29.748666661884105
8089,6311,HARYANA,KARNAL,Brass,18.0,19.63,76.74799361379571,29.745454401203776
10421,7808,HARYANA,KURUKSHETRA,Bir kalwa,7.0,8.72,76.97664705820131,30.100636715706933
10738,8018,PUNJAB,MUKTSAR,shahid chand,6.7,7.27,74.69225238374598,30.297322065599744
10737,8018,PUNJAB,MUKTSAR,shahid chand,7.9,7.94,74.688848213803,30.303116526513236
5190,4130,HARYANA,FATEHABAD,Dadupur,15.0,14.01,75.47695402718357,29.68512644271458
8732,6743,HARYANA,KURUKSHETRA,Yari,4.0,4.26,76.92758291115,30.132303983890345
8731,6743,HARYANA,KURUKSHETRA,Yari,3.0,3.55,76.92909801218342,30.13242915307709
9942,7540,HARYANA,YAMUNANAGAR,Sarawa,10.0,12.0,77.1817376770921,30.35873091724592
25322,21723,HARYANA,SIRSA,Nezadela kalan,8.0,8.16,75.05951139613316,29.568371282978195
14879,10667,HARYANA,KARNAL,Nathori,18.4,16.83,77.12961384319348,29.939621472502257
8184,5396,HARYANA,AMBALA,Adhova m,22.0,23.61,77.00981880447537,30.132475874771377
6693,5396,HARYANA,AMBALA,Adhova m,19.0,18.45,77.0329213916707,30.20883321341888
11455,8446,PUNJAB,BATHINDA,Naruana,8.2,8.4,74.87875050110176,30.156888119506934
4987,3960,HARYANA,SIRSA,Sant Nagar,14.0,14.53,74.71841546515373,29.5807136443707
25155,21445,HARYANA,KURUKSHETRA,Sanghour,12.0,12.68,77.03601732385692,30.110797225271796
26852,21843,PUNJAB,BARNALA,Gagewal,1.6,1.54,75.48651434028568,30.590499077131323
26851,21843,PUNJAB,BARNALA,Gagewal,1.4,1.32,75.48578846017902,30.589863055737315
25412,21843,PUNJAB,BARNALA,Gagewal,10.5,10.76,75.47928020579091,30.593025583821603
14721,10553,HARYANA,KAITHAL,Ahun,27.0,26.86,76.6779238739094,29.798559007667553
7890,4626,HARYANA,KARNAL,Brass,28.0,28.25,76.76754755998614,29.703483547456333
7703,4626,HARYANA,KARNAL,Brass,10.0,9.96,76.74558843386167,29.740191162476936
7690,4626,HARYANA,KARNAL,Brass,55.0,55.06,76.76420187872928,29.708690081851277
7599,4626,HARYANA,KARNAL,Brass,18.0,20.01,76.75314328356885,29.700292874272236
8918,6873,HARYANA,KURUKSHETRA,Bharani,30.0,29.87,76.87675696329666,29.89239290280828
25121,21372,HARYANA,SIRSA,Jorarnali,6.0,6.24,74.93018283064,29.532120378309312
14507,10427,HARYANA,KURUKSHETRA,Umri,35.8,35.89,76.92464590737164,29.926803451164425
14587,10477,HARYANA,KURUKSHETRA,Baroute,15.1,13.14,77.01634497033857,29.956540835356975
14740,10566,HARYANA,AMBALA,Nagla nanku,5.0,5.08,76.94509851085958,30.391251368471075
25031,21281,HARYANA,KURUKSHETRA,Ram nager,10.0,9.97,76.94173793445046,30.07097410520045
14586,10476,HARYANA,KURUKSHETRA,Brote,5.0,4.99,77.02004129778864,29.95816925591643
15002,10729,PUNJAB,FEROZEPUR,Jlalwala,2.7,2.68,74.52669894620047,30.940708514782923
15001,10729,PUNJAB,FEROZEPUR,Jlalwala,1.6,1.56,74.52856845091321,30.94161880979889
15000,10729,PUNJAB,FEROZEPUR,Jlalwala,29.0,28.42,74.51973547155684,30.94335755803497
14999,10729,PUNJAB,FEROZEPUR,Jlalwala,8.3,8.33,74.52493728707103,30.94355006108186
14998,10729,PUNJAB,FEROZEPUR,Jlalwala,16.1,15.91,74.52222152255386,30.941452478606163
26403,23169,PUNJAB,BARNALA,Moom,11.0,11.06,75.49094994836042,30.56604084382959
22628,17023,HARYANA,FATEHABAD,Alika,18.5,17.37,75.44123044698559,29.733851633389623
23727,19041,HARYANA,YAMUNANAGAR,Sudhail,7.7,7.74,77.23648478354673,30.16774489133643
15519,11019,HARYANA,KARNAL,Nissing,55.5,55.62,76.72125098357117,29.70267100034675
25167,21454,HARYANA,KARNAL,Bastli,2.5,2.35,76.72884825452141,29.738428970384867
24978,21212,HARYANA,KARNAL,Ardana,60.0,54.35,76.56095725383578,29.475893580719948
25706,22225,HARYANA,SIRSA,Chamal,31.0,33.7,74.93751287940914,29.59429546878313
25474,21906,PUNJAB,MANSA,Raipur,6.0,6.09,75.26078481180191,29.922012224789505
25473,21906,PUNJAB,MANSA,Raipur,18.0,17.27,75.25450166398983,29.915949885519463
25459,21895,HARYANA,KAITHAL,Kaul,40.0,40.04,76.64904189507462,29.84787302881186
25416,21852,HARYANA,SIRSA,Suchan,31.0,33.33,75.21595411574616,29.558860312259373
25415,21852,HARYANA,SIRSA,Suchan,10.0,9.93,75.19743889082045,29.53491780055966
14737,10563,HARYANA,AMBALA,Nanku ka negla,11.0,10.92,76.9525514876825,30.399364484944357
6868,5519,PUNJAB,FAZILKA,Rukanpura,2.0,2.02,74.10555201530295,30.03720350026953
9973,7562,HARYANA,KARNAL,Aogandh,6.0,7.26,76.8136770266363,29.678072434844253
18537,13970,HARYANA,KURUKSHETRA,Jhingerpur,30.5,30.7,76.6998454958227,29.885784075157694
24407,20230,HARYANA,FATEHABAD,Alalwas,2.0,1.93,75.48335566725456,29.69436979587465
24406,20230,HARYANA,FATEHABAD,Alalwas,22.7,22.1,75.47968402310244,29.69332180228703
14746,10571,HARYANA,AMBALA,Nagla nanku,21.6,20.59,76.95306545531209,30.386130967069263
14820,10630,HARYANA,AMBALA,Nagla nanku,12.1,11.05,76.94073128874662,30.39565198729733
5589,4468,HARYANA,KARNAL,Jundla,18.0,18.32,76.8454369919396,29.64673662212289
14862,10654,HARYANA,KARNAL,Goudha,23.0,23.07,76.68890373871535,29.76275943168321
14738,10564,HARYANA,AMBALA,Nanku ka negla,6.0,6.09,76.95541531038114,30.4023589759537
25027,21278,HARYANA,FATEHABAD,Khumber,2.0,2.14,75.42349214786614,29.60802413727656
25026,21278,HARYANA,FATEHABAD,Khumber,18.0,17.81,75.42431749141208,29.6063267038178
25087,21339,HARYANA,FATEHABAD,Khumber,3.0,3.03,75.42743288869067,29.61076160797405
25086,21339,HARYANA,FATEHABAD,Khumber,20.0,19.67,75.42778684175813,29.60824919876491
25247,21600,HARYANA,SIRSA,Mirpur,11.0,10.11,75.03174118255457,29.58587564479737
14558,10456,HARYANA,KAITHAL,Ahun,10.5,10.07,76.6775284903892,29.79229102644195
14557,10456,HARYANA,KAITHAL,Ahun,6.5,6.23,76.66830740839531,29.78932301241979
25316,21706,HARYANA,KAITHAL,Pabnawa,14.5,14.45,76.6771692688153,29.906704982010066
25315,21706,HARYANA,KAITHAL,Pabnawa,23.5,23.52,76.68079863341217,29.87692105563502
24857,20972,HARYANA,KARNAL,Ardana,46.0,43.58,76.55917226541699,29.47911397669772
15010,10734,PUNJAB,FEROZEPUR,Jlalwal,3.4,3.04,74.52699588573138,30.935962418938782
15692,11114,HARYANA,KURUKSHETRA,Loharmajra,8.0,7.88,76.72048197671607,29.954914638422235
15691,11114,HARYANA,KURUKSHETRA,Loharmajra,13.0,13.19,76.72587457687949,29.95541701229764
8532,6439,HARYANA,KURUKSHETRA,Bardarpur,6.0,6.53,77.08767721466354,29.957131894155182
8510,6439,HARYANA,KURUKSHETRA,Bardarpur,16.0,7.66,77.0886751608569,29.96288120505305
8294,6439,HARYANA,KURUKSHETRA,Bardarpur,18.0,18.34,77.10091003974424,29.962606738207405
19978,14884,HARYANA,FATEHABAD,Hamjapur,20.0,20.12,75.5523318781965,29.63223631777247
25106,21355,HARYANA,KARNAL,Bastli,23.0,23.11,76.71577980440019,29.73219546544392
15664,11100,HARYANA,KAITHAL,Kakheri,10.7,10.68,76.36058366254397,29.9690853577568
14945,10701,PUNJAB,MUKTSAR,sukhna ablo,45.401,44.91,74.64081229999819,30.346880223884927
15227,10859,HARYANA,KARNAL,Chogawan,2.0,1.92,77.20473230341796,29.927282851158807
15226,10859,HARYANA,KARNAL,Chogawan,3.0,2.91,77.20507107918581,29.927825008842344
15146,10811,HARYANA,AMBALA,Kambasi,6.0,6.01,77.00374731288606,30.17005664705827
15145,10811,HARYANA,AMBALA,Kambasi,24.0,23.49,76.99448218634265,30.17168123284013
15457,10981,PUNJAB,MUKTSAR,sukhna ablo,3.628,3.58,74.63749988950948,30.345926656459884
15456,10981,PUNJAB,MUKTSAR,sukhna ablo,2.0,2.04,74.64005068946695,30.35489664196145
15451,10978,PUNJAB,MUKTSAR,sukhna ablo,7.0,7.08,74.63004604463332,30.355151877408463
15450,10978,PUNJAB,MUKTSAR,sukhna ablo,3.101,3.1,74.63623056350868,30.351920240102796
15449,10978,PUNJAB,MUKTSAR,sukhna ablo,7.966,7.85,74.64007746310128,30.351138532030117
15447,10978,PUNJAB,MUKTSAR,sukhna ablo,3.277,2.56,74.63866512003354,30.35174096608373
25023,21275,HARYANA,KURUKSHETRA,Ram nagar,10.0,10.2,76.93723529476657,30.07420644757817
14896,10674,HARYANA,YAMUNANAGAR,Hartan,2.0,2.02,77.09594576590791,30.10486161469195
14895,10674,HARYANA,YAMUNANAGAR,Hartan,6.3,6.22,77.10137237873626,30.10865877467771
14878,10666,HARYANA,KARNAL,Nathori,25.0,25.29,77.1321386799294,29.943305177581735
14877,10666,HARYANA,KARNAL,Nathori,23.6,23.18,77.12951041026952,29.93762015192097
25283,21683,HARYANA,KURUKSHETRA,Devi diaspora sector 5,8.0,7.95,76.95218076866826,30.105330356242007
15379,10823,HARYANA,FATEHABAD,Alika,30.0,30.08,75.42139155068924,29.693424870462685
15164,10823,HARYANA,FATEHABAD,Alika,12.0,12.11,75.42278595653542,29.690367012548023
15163,10823,HARYANA,FATEHABAD,Alika,32.0,31.2,75.42134292549704,29.68621490174702
12943,9449,HARYANA,SIRSA,Kelnian,16.0,15.91,74.97819792317395,29.546997932295973
25567,22022,HARYANA,KARNAL,Bhushli,14.0,13.27,76.94888515232819,29.616962379731575
25028,21279,HARYANA,FATEHABAD,Jallopur,8.0,8.05,75.49468136066638,29.687375406701623
24849,20958,HARYANA,KURUKSHETRA,Usmanpur,50.0,50.1,76.57041071615991,29.970490449330143
25280,21681,HARYANA,KURUKSHETRA,Malakpur,34.0,33.82,76.62086044928706,30.050990249355863
17898,13608,HARYANA,FATEHABAD,Ratakhera,23.0,22.72,75.52797298139892,29.664875274108937
15735,11142,PUNJAB,MUKTSAR,Sukhna ablo,3.649,3.57,74.63422286056948,30.34319084156817
22020,16505,HARYANA,PALWAL,Hafzabad bilochpur,7.52,7.49,77.53353000767133,28.006032057685974
25618,22111,PUNJAB,BARNALA,Dhaner,10.0,9.88,75.51459389460476,30.577946449628733
24077,19752,HARYANA,KAITHAL,Peedal,11.5,11.53,76.35334616751138,30.02110251491185
24076,19752,HARYANA,KAITHAL,Peedal,1.2,1.23,76.34904992754824,30.011593871868794
25046,21300,PUNJAB,FEROZEPUR,Saide ke,2.2,1.85,74.57105434347196,31.0029670943169
15377,10941,HARYANA,KAITHAL,Kharkra,4.0,3.85,76.27577257963944,29.957232052064768
25168,21455,HARYANA,KARNAL,Bastli,7.5,7.38,76.72750924795926,29.738158121801337
15524,11024,HARYANA,KAITHAL,Badhnara,3.0,3.06,76.70012077839385,29.68230204576095
15545,11033,HARYANA,YAMUNANAGAR,Gillaur,7.4,6.95,77.08541844158688,30.088019341495244
15540,11033,HARYANA,YAMUNANAGAR,Gillaur,1.5,1.51,77.08117519257594,30.09714271157661
15539,11033,HARYANA,YAMUNANAGAR,Gillaur,1.5,1.5,77.08201833450676,30.09898799103748
21544,16068,HARYANA,KURUKSHETRA,Isherheri,6.0,5.97,76.96009904572291,30.118187777615013
25156,21446,HARYANA,KURUKSHETRA,Sanghour,15.0,14.07,77.0202154316916,30.094444657350785
25162,21449,HARYANA,KARNAL,Staundi,23.0,22.96,76.91969236642859,29.57198474984831
24971,21207,HARYANA,KURUKSHETRA,Phalsanda jattan,9.0,9.13,77.01572165274662,30.117779102662546
25289,21687,HARYANA,KURUKSHETRA,Kharindwa,4.0,3.93,76.93109099505547,30.12166043892729
25284,21684,HARYANA,KURUKSHETRA,Kharindwa,4.5,3.98,76.94805385453154,30.11432532413378
15872,11220,HARYANA,KURUKSHETRA,Bani,28.4,28.34,77.0919716765472,29.97236930114409
15869,11218,HARYANA,KURUKSHETRA,Kheri dabdalan,11.4,10.51,77.09068900326228,30.00548409967181
13821,9995,HARYANA,YAMUNANAGAR,Chhari,1.0,1.05,77.16045930178642,30.09839911853736
13817,9995,HARYANA,YAMUNANAGAR,Chhari,8.2,7.06,77.1545640511979,30.10333641007247
24167,19880,HARYANA,KURUKSHETRA,Shadipur,48.5,47.63,76.83063230145055,29.90237388163757
25339,21737,PUNJAB,BARNALA,Gagewal,10.5,10.93,75.48223129360264,30.60027266069979
15936,10135,HARYANA,KAITHAL,Harnola,9.3,10.73,76.32394479394931,29.92035430977104
15935,10135,HARYANA,KAITHAL,Harnola,4.0,4.14,76.3221092892203,29.93059960727188
14041,10135,HARYANA,KAITHAL,Harnola,20.0,20.25,76.31844794933447,29.940610655676533
25318,21719,HARYANA,SIRSA,Mirpur,5.0,4.77,75.05258701489706,29.57899658187863
23409,18302,HARYANA,YAMUNANAGAR,Thaska khabar,13.0,13.03,77.15377755627642,29.980745786247244
25414,21845,PUNJAB,BARNALA,Gagewal,11.5,11.52,75.49019442681889,30.588141052477944
25411,21833,HARYANA,KARNAL,Gogripur,34.0,35.38,76.9541747547884,29.648832925666785
15658,11096,HARYANA,KAITHAL,Ahmedpur,13.0,11.09,76.66620850130722,29.761548191693077
18901,14183,HARYANA,KURUKSHETRA,Naisi,46.5,43.42,76.64354049504438,30.072797388763306
13294,9658,PUNJAB,LUDHIANA,Kannian,4.0,2.99,75.41851231012375,30.952010749721463
13293,9658,PUNJAB,LUDHIANA,Kannian,3.0,2.26,75.42011542997383,30.959909708066583
25037,21287,HARYANA,KARNAL,Jani,24.0,24.14,76.89186590745494,29.6049178059141
25225,21568,HARYANA,KARNAL,Picoliya,15.0,15.91,76.88136177809537,29.59287838317261
25224,21568,HARYANA,KARNAL,Picoliya,1.5,1.61,76.88504276152032,29.59549477001513
15779,11167,HARYANA,KURUKSHETRA,Rampura,30.0,29.98,76.92720137304474,30.056688771953
15666,11101,HARYANA,KAITHAL,Kakheri,8.0,7.73,76.36196550337193,29.96866593355993
15665,11101,HARYANA,KAITHAL,Kakheri,25.0,25.72,76.35156233527637,29.973336440780724
25234,14554,HARYANA,KURUKSHETRA,Mahwa kheri,21.0,20.68,77.0282334278694,30.096058996256097
25246,21599,HARYANA,FATEHABAD,Alika,19.0,19.11,75.42198074137713,29.747960621020905
15871,11219,HARYANA,KURUKSHETRA,Chalondi,13.5,14.11,77.10812765324174,29.98029751195566
15870,11219,HARYANA,KURUKSHETRA,Chalondi,10.8,10.7,77.09333231674071,29.985468664768725
25386,21807,HARYANA,SIRSA,Moriwala,15.0,17.38,75.13986326371648,29.53021686444222
15889,11233,HARYANA,KURUKSHETRA,Bir sujra,11.0,10.46,76.96601359444907,30.096620951425347
25282,21682,HARYANA,SIRSA,Mirpur,19.0,18.78,75.01244191617165,29.580172414735767
15916,11247,HARYANA,FATEHABAD,Dadupur,14.0,12.99,75.47265358531565,29.68012402966486
25417,21853,HARYANA,SIRSA,Kotli,15.0,13.6,75.18407506637787,29.5327768170682
25248,21601,HARYANA,SIRSA,Mirpur,10.0,8.59,75.03457833451152,29.584753523279673
25439,21875,HARYANA,FATEHABAD,Ratia Rural,15.7,15.35,75.57475401298908,29.646989231476947
15890,11234,HARYANA,KURUKSHETRA,Bir kalwa,4.5,4.31,76.97297354469316,30.1028180115112
15522,11022,HARYANA,KAITHAL,Sirsal,25.0,25.21,76.69657251816808,29.696678867021276
26031,22631,HARYANA,KURUKSHETRA,Ramsarn majra,13.0,13.11,76.99435530092971,30.080262863489704
15523,11023,HARYANA,KAITHAL,Sirsal,5.0,4.81,76.6969761226493,29.695014737381076
15825,11190,HARYANA,KARNAL,Aogandh,46.0,44.46,76.76778402901749,29.61670099817528
15518,11018,HARYANA,KARNAL,Gonder,42.0,42.26,76.82503295231673,29.664857997929673
15669,11103,HARYANA,KARNAL,Guniyana,75.0,74.84,76.70305813202606,29.68424277253419
16572,11656,HARYANA,YAMUNANAGAR,Sahabpur,21.2,20.52,77.11410182781857,30.135990466534512
15712,11121,HARYANA,YAMUNANAGAR,Vpo gillaur,31.1,29.86,77.07284139290768,30.097204169435432
25368,21782,HARYANA,KURUKSHETRA,Bartoli,16.0,15.56,77.04578325321658,30.112579789634808
15913,11244,HARYANA,YAMUNANAGAR,Bakana,11.1,11.05,77.15868910227721,30.052008943577285
25507,21941,HARYANA,JIND,Dalamwala,10.0,9.19,76.3929773244484,29.38038790924628
12918,9433,HARYANA,KARNAL,Gonder,38.0,38.26,76.79057084012727,29.66991968156306
15511,11011,HARYANA,KAITHAL,Sangroli,19.5,18.77,76.63248277381543,29.790729477013873
15510,11011,HARYANA,KAITHAL,Sangroli,29.5,28.86,76.63865584922598,29.806311209937192
25916,22484,PUNJAB,LUDHIANA,Sidhwan khurd,16.0,14.39,75.55208872987332,30.84106604038945
25730,22267,HARYANA,SIRSA,Kotli,19.0,18.17,75.16980624273944,29.536996071955176
15895,11235,PUNJAB,BATHINDA,Naruana,2.5,2.51,74.8781285766792,30.16198593096055
15894,11235,PUNJAB,BATHINDA,Naruana,2.3,2.35,74.8834082045592,30.162610289939828
15893,11235,PUNJAB,BATHINDA,Naruana,5.0,4.96,74.8903726915454,30.158699387071906
15892,11235,PUNJAB,BATHINDA,Naruana,10.2,10.31,74.90658849352121,30.167866781134776
25558,22016,PUNJAB,BARNALA,Saddowal,8.5,8.45,75.46373313020595,30.581216552489018
24975,21211,HARYANA,SIRSA,Buppan,50.0,49.65,75.08734723013771,29.6505452622271
15930,11256,HARYANA,FATEHABAD,Salamkhera,39.5,38.84,75.53732895795272,29.444472515828245
25760,22304,HARYANA,KURUKSHETRA,Surmi,71.0,71.4,76.69302139763549,30.004842545945067
24962,21190,PUNJAB,BARNALA,qqqqqqqq,14.0,13.22,75.47287758136916,30.593760421490835
25413,21844,PUNJAB,BARNALA,Gagewal,5.5,5.67,75.4699765758901,30.60056305811706
25324,21725,HARYANA,SIRSA,Nezadela kalan,5.0,4.69,75.06508312425633,29.565426720228395
25659,22156,HARYANA,KARNAL,Khukhani,12.0,11.35,77.17883870919044,29.94621231090896
25388,21809,HARYANA,SIRSA,Kotli,8.0,8.56,75.16361101789556,29.52644809307729
25522,21947,HARYANA,KURUKSHETRA,Lohar majra,10.75,10.37,76.71445944308417,29.95211250956105
25226,21569,HARYANA,SIRSA,Nagoki,10.0,10.05,75.10437268924184,29.652761784935333
25622,22114,HARYANA,FATEHABAD,Baliala,13.0,12.72,75.52692096117282,29.720660522401968
25366,21780,HARYANA,FATEHABAD,Malwala,15.5,15.39,75.3946556445611,29.73460991831068
25526,21951,HARYANA,KURUKSHETRA,Lohar majra,15.0,15.09,76.71072508142694,29.95319656363221
25180,21470,HARYANA,SIRSA,Chamal,7.0,6.97,74.95843116925698,29.572027707220407
25387,21808,HARYANA,SIRSA,Kotli,20.0,19.78,75.16641548185252,29.526159759478915
25278,21679,HARYANA,KARNAL,Picholiya,15.0,14.73,76.8739991997716,29.607496300782778
25279,21680,HARYANA,KARNAL,Birchpur,21.0,20.4,76.95668695329746,29.653395165539703
15726,11136,PUNJAB,MUKTSAR,Sukhman ablo,3.053,3.1,74.62588958926293,30.35036542856041
15725,11136,PUNJAB,MUKTSAR,Sukhman ablo,3.227,3.22,74.62780796641748,30.350947954127307
23267,18102,HARYANA,KARNAL,Jani,2.5,2.59,76.89336287944963,29.61345819471712
25525,21950,HARYANA,KURUKSHETRA,Mangoli jattan,10.0,9.27,77.03297626261418,30.1253878318614
25320,21721,HARYANA,SIRSA,Nezadela kalan,4.0,3.79,75.0581227040724,29.566932062905313
25569,22023,HARYANA,KARNAL,Bhushli,26.0,24.42,76.95746847884521,29.612537865585782
15801,11172,HARYANA,KURUKSHETRA,Rampura,12.6,11.54,76.94048585934452,30.05234306668517
15723,11134,PUNJAB,FEROZEPUR,Bna wali,43.7,43.2,74.78328055540156,31.076113048305505
25440,21876,HARYANA,FATEHABAD,Khumber,21.0,21.16,75.42392639333357,29.630588117663336
25385,21806,HARYANA,KAITHAL,Pabnawa,10.0,10.0,76.68647884481925,29.905957237749856
25384,21806,HARYANA,KAITHAL,Pabnawa,15.7,15.67,76.69146296583315,29.888192899441336
15659,11097,HARYANA,KAITHAL,Ahmedpur,9.0,9.43,76.66426031550543,29.76709577882473
8815,6805,PUNJAB,MANSA,Reond khurd,4.522,4.09,75.58076646204428,29.742680661844208
25574,22026,HARYANA,SIRSA,Kelnian,40.0,40.11,74.95918108582666,29.531676763676128
15874,11222,HARYANA,KAITHAL,Ahmedpur,9.5,9.7,76.66506364169052,29.752223672961502
10067,7618,HARYANA,KURUKSHETRA,Magoli,17.5,15.54,77.00318517220727,30.133062434446938
15923,11252,HARYANA,YAMUNANAGAR,Bakana,12.5,12.55,77.15088844920955,30.04444520268987
15922,11252,HARYANA,YAMUNANAGAR,Bakana,15.0,15.11,77.16070019238778,30.046627353227027
21760,16256,HARYANA,KURUKSHETRA,Mastapur,65.0,66.78,76.66810166695093,29.998217053428164
15732,11138,PUNJAB,MUKTSAR,sukhna ablo,9.03,8.81,74.62428879462807,30.353406699929277
15731,11138,PUNJAB,MUKTSAR,sukhna ablo,4.401,4.43,74.62975333971438,30.348910875477213
25587,22033,HARYANA,KURUKSHETRA,Mangoli jattan,16.0,15.77,77.037838635634,30.137092942160024
15887,11231,HARYANA,KURUKSHETRA,Kanauni,6.0,6.24,76.96572733071683,30.093034571081116
15921,11251,HARYANA,YAMUNANAGAR,Bakana,9.0,8.88,77.16047715373858,30.052846350717346
15911,11242,HARYANA,YAMUNANAGAR,Bakana,7.9,7.76,77.16318347242697,30.052804771913458
15783,11168,HARYANA,KURUKSHETRA,Rampura,22.0,21.76,76.94487879675268,30.04406385465477
15782,11168,HARYANA,KURUKSHETRA,Rampura,10.8,10.55,76.94354792005973,30.049478160913363
15781,11168,HARYANA,KURUKSHETRA,Rampura,7.7,7.61,76.9313095570917,30.056417972976647
15780,11168,HARYANA,KURUKSHETRA,Rampura,5.7,5.86,76.9261187409264,30.054083437522287
16032,11316,HARYANA,KURUKSHETRA,Jhivrehri,17.0,16.59,76.53728281168632,29.99905871598079
25685,22206,PUNJAB,FEROZEPUR,Khoo mohar Singh wala,2.0,1.85,74.61274339719554,30.98477663953837
25582,22029,HARYANA,FATEHABAD,Baliala,21.0,20.94,75.51309116585799,29.750738867240173
25581,22029,HARYANA,FATEHABAD,Baliala,35.0,34.73,75.51657639533288,29.74822281554751
25423,21856,HARYANA,SIRSA,Kotli,10.0,10.43,75.18264410132448,29.53579370875147
15544,11032,HARYANA,YAMUNANAGAR,Gillaur,1.0,1.01,77.07412136641854,30.094183520827187
25588,22034,HARYANA,KURUKSHETRA,Mangoli jattan,8.0,7.91,77.04043962496468,30.135762350888218
25686,22207,HARYANA,FATEHABAD,Tamaspura,26.5,26.15,75.47990307644054,29.63111937927545
19305,14419,HARYANA,KAITHAL,Sach,3.0,2.95,76.65730234565096,29.740104248790963
25779,22330,HARYANA,KAITHAL,Sakra,13.0,12.88,76.68797690377336,29.816552348713664
25468,21897,HARYANA,KARNAL,Barota,2.0,2.14,76.94030106091846,29.61625938975623
25467,21897,HARYANA,KARNAL,Barota,6.0,5.59,76.93756972846612,29.618429710923895
25466,21897,HARYANA,KARNAL,Barota,13.0,13.08,76.95057574508287,29.632220867884293
25465,21897,HARYANA,KARNAL,Barota,8.0,8.01,76.9308257104857,29.628496970519127
25464,21897,HARYANA,KARNAL,Barota,3.5,3.58,76.9138523676106,29.619966615836233
25463,21897,HARYANA,KARNAL,Barota,4.5,4.41,76.91830467694558,29.6227173489535
25462,21897,HARYANA,KARNAL,Barota,7.5,7.51,76.92488798518961,29.617902906104725
25461,21897,HARYANA,KARNAL,Barota,5.0,5.3,76.92921432773262,29.621829174275277
9914,7522,HARYANA,KAITHAL,Bhunna,4.0,4.21,76.3211296630882,29.97908527759077
9913,7522,HARYANA,KAITHAL,Bhunna,6.0,6.53,76.31687603820157,29.979441185061503
25694,22222,HARYANA,KURUKSHETRA,Garhi kahran,49.0,47.37,76.71428734622579,29.978176770193823
25621,22113,HARYANA,FATEHABAD,Baliala,22.0,21.71,75.52668027771894,29.717147911763053
25165,21452,HARYANA,KARNAL,Bastli,8.0,8.17,76.72984258685977,29.739136966960437
15910,11241,HARYANA,YAMUNANAGAR,Bakana,8.0,7.65,77.1550640594526,30.05303146888579
25633,22122,HARYANA,KARNAL,Khukhni,11.0,10.14,77.18399731097772,29.95888002413949
25860,22425,HARYANA,KURUKSHETRA,Ramgarh,28.0,27.11,76.44785629723498,29.993102472239563
25866,22445,PUNJAB,BARNALA,Chiniwal khurd,5.5,5.59,75.452274789995,30.58750841578459
24783,20843,HARYANA,SIRSA,Panihari,26.0,22.76,75.14104059357011,29.636358333545008
25804,22368,PUNJAB,BARNALA,Gagewal,16.0,15.99,75.48182836283391,30.587977974538067
25595,22047,HARYANA,KURUKSHETRA,Mangoli jattan,10.0,9.87,77.03496463187481,30.12503587646159
25635,22124,HARYANA,KARNAL,Khukhni,11.0,10.28,77.18271904432672,29.956392230125427
25717,22246,HARYANA,KARNAL,Majra,19.0,19.02,76.71830095533987,29.800947658761174
25782,22341,HARYANA,KURUKSHETRA,Jorasi khurd,52.0,52.36,76.56832910666313,30.023646535923483
25670,22194,PUNJAB,BARNALA,Dhaner,10.2,10.18,75.52752837181541,30.55960787137277
7104,5717,PUNJAB,FAZILKA,Dutarawali,4.5,4.5,74.29130297629108,30.076159667378175
15808,11179,HARYANA,KURUKSHETRA,Khizarpura,32.5,32.24,76.72121529720062,29.945860377466012
25772,22325,HARYANA,KARNAL,Birchpur,24.0,23.07,76.92323911107776,29.610358443509497
25934,22501,PUNJAB,BARNALA,Moom,6.0,6.08,75.50632650914778,30.54917128295627
25802,22366,PUNJAB,BARNALA,gagewal,5.5,5.66,75.48738723744451,30.589881049198592
25753,22296,PUNJAB,BARNALA,Dhaner,6.2,6.26,75.5215934385918,30.56488069168417
25709,22228,HARYANA,KARNAL,Jalmana,45.0,45.47,76.69139854574117,29.59453763887905
25755,22298,PUNJAB,BARNALA,Dhaner,6.0,5.98,75.51993922853795,30.56525309501961
19534,14559,HARYANA,KURUKSHETRA,Khera,12.3,13.11,76.97249497418773,30.03130950322299
25609,22104,HARYANA,KARNAL,Khukhani,24.0,24.51,77.18574305229858,29.95516982353605
25919,22487,PUNJAB,BARNALA,Moom,13.5,13.37,75.46225452844402,30.57691418723243
25918,22487,PUNJAB,BARNALA,Moom,10.0,10.1,75.47294810297865,30.56678590576575
25951,22525,HARYANA,KARNAL,Gogripur,20.0,19.76,76.95211154780225,29.64519551436936
25930,22498,PUNJAB,BARNALA,Gagewal,2.2,2.31,75.49081751744791,30.589951482765716
25929,22498,PUNJAB,BARNALA,Gagewal,3.6,3.49,75.48688326857923,30.59807746703891
25718,22247,HARYANA,SIRSA,Kotli,15.0,13.06,75.16602328690851,29.531787993163448
25738,22274,HARYANA,SIRSA,Bahauddin,19.5,17.7,75.21109802527411,29.54318610471454
20842,15508,HARYANA,KURUKSHETRA,Chhapra,2.5,2.49,77.06728701084117,30.079736947039372
26052,22677,PUNJAB,LUDHIANA,Virk,42.0,42.22,75.54918023068312,30.880033032469857
25765,22310,HARYANA,FATEHABAD,Phoolan,45.0,44.03,75.52520183069709,29.64087189131409
15959,11268,HARYANA,KARNAL,Gonder,36.5,36.56,76.74581904223281,29.60503495966641
15931,11257,HARYANA,FATEHABAD,Salamkhera,33.0,31.79,75.53334550158007,29.436346416702005
25895,22462,HARYANA,KARNAL,Padha,40.0,39.72,76.77151913155411,29.573727648327583
4517,3571,HARYANA,KARNAL,Kalro,4.0,3.9,77.01637943320165,29.55541154371183
4516,3571,HARYANA,KARNAL,Kalro,9.0,7.51,77.02642188014484,29.564812182084147
25799,22363,HARYANA,SIRSA,Bani,7.0,6.96,74.61505554898056,29.618890685075556
16033,11317,HARYANA,FATEHABAD,Ratakhera,40.0,38.39,75.50721968240052,29.67024652967613
25978,22545,PUNJAB,LUDHIANA,Sidhwan khurd,12.0,11.35,75.55556249085453,30.849352344885133
10383,7787,HARYANA,KURUKSHETRA,Kharindwa,22.0,21.31,76.92431539475105,30.09846952864949
16009,11303,HARYANA,KAITHAL,Ahmedpur,13.0,12.59,76.66383343192963,29.761826832088577
7127,5733,PUNJAB,MANSA,Mander,12.767,12.69,75.6788428199874,29.832696472139947
25638,22146,HARYANA,SIRSA,Khaja khera,30.0,25.0,75.01125791313055,29.50869736064159
25684,22205,HARYANA,SIRSA,Khaja khera,10.0,10.19,75.01380735704086,29.515786680402957
25639,22147,HARYANA,SIRSA,Panjuana,6.5,6.27,75.00251717532721,29.63676162736095
25798,22362,HARYANA,SIRSA,Nathore,10.0,8.41,74.6187040257524,29.61542366915385
16182,11420,PUNJAB,FEROZEPUR,Peeru wala,3.6,3.96,74.52135112743582,30.91574196219723
16780,11778,HARYANA,KARNAL,Gonder,62.0,62.07,76.70567608337461,29.596998390441858
15924,11253,HARYANA,FATEHABAD,Phoolan,8.0,7.87,75.51473651561152,29.632290502430884
25991,22553,HARYANA,KAITHAL,Sach,8.5,8.51,76.67426266950497,29.72199613251383
25990,22553,HARYANA,KAITHAL,Sach,11.0,11.21,76.6830621538395,29.733577938188866
25590,22036,HARYANA,KURUKSHETRA,Mangoli jattan,7.0,6.93,77.03538050805679,30.122851470415032
16022,11312,HARYANA,KURUKSHETRA,Kalirono,25.0,25.07,77.01124656961687,30.05439403144085
16021,11312,HARYANA,KURUKSHETRA,Kalirono,14.0,13.9,77.02714971746653,30.052365557015552
16179,11417,PUNJAB,FEROZEPUR,Peeru wala,6.4,5.86,74.52965097041997,30.91342135369114
14313,10311,HARYANA,KAITHAL,Sakra,18.0,17.12,76.6787250611134,29.819122341595634
14312,10311,HARYANA,KAITHAL,Sakra,8.5,7.91,76.68711513179642,29.82081496365544
25933,22500,PUNJAB,BARNALA,Moom,2.1,2.28,75.51809955055258,30.5410966657186
25932,22500,PUNJAB,BARNALA,Moom,4.1,4.25,75.51742681309962,30.545765746226003
16010,11304,HARYANA,KAITHAL,Ahmedpur,8.0,7.17,76.66540057952706,29.76333974262895
25637,22145,HARYANA,KARNAL,Majra,11.0,11.13,76.71541911423012,29.802010795510252
25931,22499,PUNJAB,BARNALA,Moom,21.0,21.47,75.47592330520594,30.56561613469427
16213,11444,HARYANA,KARNAL,Gonder,54.0,53.9,76.76698478454226,29.67055665479612
16069,11338,HARYANA,YAMUNANAGAR,Harnaul,4.3,4.01,77.20544076521811,30.12961878499275
22031,16521,HARYANA,HISAR,Siswal,30.0,23.5,75.53180114723114,29.233518642070777
14490,10417,PUNJAB,MUKTSAR,sukhna ablo,6.0,6.08,74.62358444972315,30.346180552424283
14489,10417,PUNJAB,MUKTSAR,sukhna ablo,6.595,6.66,74.62609997680227,30.34534218142333
25813,22372,HARYANA,SIRSA,Dhani 400,5.0,4.54,74.9334790584145,29.595323164533813
25812,22372,HARYANA,SIRSA,Dhani 400,40.0,41.47,74.92899247539276,29.590662130287363
9173,7029,HARYANA,KARNAL,Bhoji,25.0,32.79,77.11917842090766,29.926097105561233
16066,11335,HARYANA,YAMUNANAGAR,Nachroun,5.7,5.73,77.19612475593189,30.122081665945228
16065,11335,HARYANA,YAMUNANAGAR,Nachroun,9.0,8.8,77.19974095938095,30.11579093969647
25636,22144,HARYANA,KARNAL,Majra,26.0,25.96,76.71707513487969,29.798074587463447
25784,22345,HARYANA,KARNAL,Birchpur,20.0,18.89,76.94156400180323,29.613147902297523
25851,22394,HARYANA,KARNAL,Jani,2.0,1.89,76.90944804900897,29.623484856431777
16114,11374,HARYANA,FATEHABAD,Salamkhera,30.0,28.3,75.52898303101556,29.45762516478492
16068,11337,HARYANA,YAMUNANAGAR,Harnaul,9.9,9.8,77.20847582567589,30.128757762340253
16184,11421,PUNJAB,FEROZEPUR,Peeru wala,3.3,3.42,74.52028410500917,30.90665440256785
25592,22044,HARYANA,KURUKSHETRA,Mangoli jattan,12.0,11.71,77.04013224543053,30.138505761888684
16191,11427,HARYANA,AMBALA,Thamber,23.0,23.2,77.07050262363587,30.18907219135617
21521,16048,HARYANA,KURUKSHETRA,Gharadasi,12.0,12.46,76.69859744698604,29.91082436421928
16093,11357,HARYANA,KURUKSHETRA,Gudha,5.0,5.09,77.04545938938462,30.07340168467623
20557,15309,HARYANA,KURUKSHETRA,Chhapra,3.5,3.54,77.05998960281721,30.07892539070178
20556,15309,HARYANA,KURUKSHETRA,Chhapra,2.0,2.05,77.06174458465001,30.081823876022675
16067,11336,HARYANA,YAMUNANAGAR,Darajpur,17.4,17.33,77.20014423752723,30.1202421835661
22713,17108,HARYANA,KURUKSHETRA,Lukhi,32.0,32.26,76.75224811612186,30.04941579922069
20237,15062,HARYANA,KARNAL,Brass,55.0,55.2,76.75758042114897,29.731259825313657
22321,16751,HARYANA,KARNAL,Jani,8.5,8.77,76.89317562232641,29.62349372082613
22320,16751,HARYANA,KARNAL,Jani,12.0,13.13,76.90534466764123,29.60819169492162
16152,11400,HARYANA,KAITHAL,Sagroli,14.0,13.87,76.63767672487192,29.819488738240658
8185,6364,HARYANA,KURUKSHETRA,Berthala,12.0,12.62,76.98848057369759,30.137811547942977
5659,4520,HARYANA,KARNAL,Jundla,7.0,5.98,76.87945661091062,29.650428586100496
6932,5574,HARYANA,SIRSA,Banwala,45.0,40.44,76.25391822186398,29.883722225301184
18736,14094,HARYANA,KURUKSHETRA,Yara,6.0,6.05,76.94659633854481,30.14686531879082
18735,14094,HARYANA,KURUKSHETRA,Yara,9.0,8.92,76.97367876879132,30.146692387954936
15920,11248,HARYANA,YAMUNANAGAR,Bakana,5.2,4.81,77.1527411800479,30.050360914721697
15917,11248,HARYANA,YAMUNANAGAR,Bakana,4.7,3.72,77.1514582522689,30.05225463618763
12572,9203,HARYANA,KAITHAL,Keorak,40.0,38.52,76.47257171604676,29.87907956251999
12577,9208,HARYANA,KAITHAL,Balwanti,45.0,44.03,76.47645195135644,29.917156690398368
6959,5596,PUNJAB,MUKTSAR,channu,15.6,15.53,74.59818308582416,30.09168492885668
6768,5446,PUNJAB,MUKTSAR,Bhalaiana,23.0,17.7,74.69615180049965,30.34030856054143
23033,17743,HARYANA,KAITHAL,Kaul,7.5,7.77,76.63230139537811,29.841441267003884
23032,17743,HARYANA,KAITHAL,Kaul,3.5,3.28,76.635151701995,29.84657001671607
7102,5716,PUNJAB,FAZILKA,Bhagsar,9.0,8.42,74.24585267376166,30.02975310644785
7696,5196,HARYANA,KURUKSHETRA,kharindwa,6.0,5.56,76.92435264088466,30.10914421751439
6456,5196,HARYANA,KURUKSHETRA,kharindwa,4.0,3.76,76.92312264225669,30.10814608306716
23428,18320,HARYANA,FATEHABAD,Birdana,3.5,3.75,75.5542796221558,29.579786547970453
23427,18320,HARYANA,FATEHABAD,Birdana,10.5,9.86,75.55637979294622,29.579005955781188
6598,5313,HARYANA,SIRSA,Nanakpur,4.0,3.73,74.92701923356822,29.512361379732464
13820,9994,HARYANA,YAMUNANAGAR,Chhari,8.0,8.08,77.15114546383643,30.08707075668292
13816,9994,HARYANA,YAMUNANAGAR,Chhari,1.2,1.12,77.14768461433104,30.091540422301573
13815,9994,HARYANA,YAMUNANAGAR,Chhari,7.8,7.62,77.14740151055818,30.088510658297864
24461,9450,HARYANA,KURUKSHETRA,pehowa local,5.0,5.24,75.21529759790087,29.37905147265918
24460,9450,HARYANA,KURUKSHETRA,pehowa local,39.0,38.05,75.2147050353588,29.375572982626274
12944,9450,HARYANA,KURUKSHETRA,pehowa local,44.0,47.28,76.54410037941975,29.94656119090631
15007,10731,PUNJAB,FEROZEPUR,Jlalwala,3.1,2.97,74.52047987834804,30.945022621627448
15006,10731,PUNJAB,FEROZEPUR,Jlalwala,3.0,2.89,74.5229389562542,30.943211015271338
8385,6502,HARYANA,KURUKSHETRA,Mathana,20.0,21.79,76.93830873850834,29.988326515000676
10744,8020,PUNJAB,MUKTSAR,shahid chand,7.674,7.21,74.72086043138219,30.29794625600359
10743,8020,PUNJAB,MUKTSAR,shahid chand,2.0,1.92,74.70108235191385,30.304404904609488
10742,8020,PUNJAB,MUKTSAR,shahid chand,2.9,2.98,74.68359028263917,30.306975375019224
10740,8020,PUNJAB,MUKTSAR,shahid chand,6.297,6.59,74.68338625676452,30.301162161753
8258,6414,HARYANA,FATEHABAD,Jamalpur shekhan,25.0,23.33,75.79875178835195,29.69351652204194
8676,6705,HARYANA,FATEHABAD,Nagpur,5.0,5.38,75.40505786532354,29.66683489703484
8675,6705,HARYANA,FATEHABAD,Nagpur,8.0,7.39,75.39580763479746,29.664951215633003
20231,15059,HARYANA,KAITHAL,Sair,18.0,18.42,76.378745031156,29.97859135596219
26664,23476,PUNJAB,BARNALA,Gagewal,4.2,4.34,75.47610707446418,30.595520213737547
26663,23476,PUNJAB,BARNALA,Gagewal,8.4,8.39,75.48266126553204,30.594442334293312
26662,23476,PUNJAB,BARNALA,Gagewal,12.5,12.78,75.48309109493721,30.59636080506261
23306,18190,HARYANA,KAITHAL,Gobindpura,8.0,7.79,76.33034726741228,29.899598406725577
23305,18190,HARYANA,KAITHAL,Gobindpura,9.0,8.01,76.31898503628308,29.897716465333172
6977,5613,PUNJAB,FARIDKOT,Machaki mall singh,7.0,6.2,74.7401909350574,30.616986676865896
7966,6233,HARYANA,KURUKSHETRA,Sarasa,5.0,5.42,76.64695636853261,29.92976389396781
16975,11863,HARYANA,KAITHAL,Kaul,9.5,10.0,76.65606601867954,29.829020136923223
20222,15055,HARYANA,YAMUNANAGAR,Palaka,5.5,6.2,77.14900050412791,30.078795525366672
8651,6441,HARYANA,KURUKSHETRA,Bani,4.0,4.02,77.06882125757667,29.983751786986677
8299,6441,HARYANA,KURUKSHETRA,Bani,18.0,21.3,77.07618060747731,29.975678458297622
6291,5074,PUNJAB,MUKTSAR,channu,13.0,12.4,74.59121857692645,30.095362346651015
6290,5074,PUNJAB,MUKTSAR,channu,7.0,6.52,74.58487290959344,30.096922891263464
6453,5193,PUNJAB,MANSA,Khiwa dialuwala,24.5,24.29,75.5480849431573,30.124838809314028
9422,7199,HARYANA,KARNAL,Guniyana,33.0,32.77,76.73688060067676,29.71175802449901
4387,3473,HARYANA,SIRSA,Talwara khurd,10.4,11.28,74.61792800396073,29.50231028515075
4386,3473,HARYANA,SIRSA,Talwara khurd,15.0,14.52,74.62153225336908,29.50440520876605
14608,10488,HARYANA,FATEHABAD,Ratia,35.0,33.75,75.551284767109,29.683268424327665
12161,8919,HARYANA,AMBALA,Jaferpur,6.5,6.92,77.13825587411655,30.313926698125012
24961,21189,PUNJAB,BARNALA,Gagewal,12.0,11.21,75.47610376092283,30.592669859638033
19390,6464,PUNJAB,MUKTSAR,Sukhan abulo,14.317,14.45,74.6969026578502,30.36398667678585
19389,6464,PUNJAB,MUKTSAR,Sukhan abulo,32.061,31.98,74.69564767992854,30.361622276190474
7791,3457,HARYANA,KARNAL,Kalampura,5.0,5.16,76.91154183484966,29.703389684848773
26390,23140,HARYANA,SIRSA,Moju khera,15.0,13.21,75.23690617615453,29.52881720256487
8368,6488,HARYANA,KAITHAL,Siwan,35.0,34.95,76.36388068435481,29.90888139480815
8589,6647,HARYANA,KURUKSHETRA,Ladwa,9.0,8.01,77.03103586343744,30.004560834134924
11932,8759,HARYANA,YAMUNANAGAR,Jhaguri,8.6,8.67,77.17941313602016,30.10792568394466
9098,6981,HARYANA,KURUKSHETRA,Teora,7.0,6.5,76.88137118038458,30.11680377162172
8939,6884,HARYANA,KURUKSHETRA,Teokar,30.0,30.25,76.54927886471788,30.068073697124312
6478,5211,HARYANA,KARNAL,Gandhinagar,4.0,4.22,77.04148541961196,29.903373709914018
6477,5211,HARYANA,KARNAL,Gandhinagar,1.5,1.71,77.0402831773219,29.88997516991109
6476,5211,HARYANA,KARNAL,Gandhinagar,1.5,1.43,77.04330061297183,29.890271720874793
6284,5071,PUNJAB,MUKTSAR,channu,4.0,3.98,74.5986804939563,30.099763703781612
6283,5071,PUNJAB,MUKTSAR,channu,3.0,2.84,74.59746992973633,30.100203425368587
5413,4333,HARYANA,KURUKSHETRA,Alampur,15.0,14.0,76.82893062019632,29.942290561970207
10408,7804,HARYANA,KURUKSHETRA,Bir kalwa,14.0,14.84,76.96564086748214,30.110104507299223
9190,7042,HARYANA,KARNAL,Kharak,6.0,5.44,77.16213351283598,29.911281228756103
9920,7525,HARYANA,KAITHAL,Sair,2.0,1.9,76.29950868169446,29.932580614518624
13661,9880,PUNJAB,BATHINDA,Naruana,13.6,13.62,74.90323398375573,30.15815214563623
21655,16164,HARYANA,FATEHABAD,Ratakhera,30.8,31.2,75.51424716925358,29.668888981991746
8050,6287,HARYANA,KURUKSHETRA,Bekana,4.0,3.92,76.86997342568166,30.099307495404968
8112,6319,HARYANA,KURUKSHETRA,Bekana,3.0,2.87,76.87434712389621,30.12993625236667
8111,6319,HARYANA,KURUKSHETRA,Bekana,6.0,5.78,76.87999229227088,30.126088580534457
8110,6319,HARYANA,KURUKSHETRA,Bekana,20.0,23.93,76.90239912600173,30.11234420380791
13126,9557,PUNJAB,BARNALA,Hamidi,18.0,13.42,75.6006218028638,30.475513370701
13664,9882,HARYANA,KURUKSHETRA,Samaspur,24.0,24.37,76.73289976170666,29.981894835934355
6827,5488,PUNJAB,MUKTSAR,channu,2.0,2.11,74.59085395859144,30.101365091990033
7139,5744,HARYANA,KARNAL,Gonder,15.0,17.74,76.73549279540387,29.654984920475975
11867,8714,HARYANA,KARNAL,Gonder,30.0,30.19,76.7425691194974,29.617394210754064
8249,6408,HARYANA,AMBALA,Saini majra,7.0,7.23,76.70342619634259,30.19979075764121
12682,9279,PUNJAB,LUDHIANA,Gidder windi,3.0,2.24,75.42427716496677,30.931297903744685
26315,23063,HARYANA,KURUKSHETRA,Bani,9.0,9.28,77.08299805916783,29.972416372031496
26314,23063,HARYANA,KURUKSHETRA,Bani,10.0,9.76,77.08939566310481,29.97083197789011
26313,23063,HARYANA,KURUKSHETRA,Bani,16.0,16.25,77.10058796914963,29.97033728656792
13425,9733,HARYANA,YAMUNANAGAR,Kherki brahaman,2.3,2.36,77.08683628115746,30.062758143710784
13419,9733,HARYANA,YAMUNANAGAR,Kherki brahaman,9.1,9.23,77.08737506303169,30.06843406664472
13418,9733,HARYANA,YAMUNANAGAR,Kherki brahaman,7.3,7.31,77.0900595982231,30.06516176944587
24508,5065,HARYANA,KURUKSHETRA,kharindhw,4.0,3.95,76.91801461985641,30.110518738734164
7765,5065,HARYANA,KURUKSHETRA,kharindhw,4.0,3.88,76.90918446452896,30.113007728303472
6277,5065,HARYANA,KURUKSHETRA,kharindhw,3.0,2.83,76.91574378002186,30.10883091886063
8845,6824,HARYANA,KURUKSHETRA,Buhawa,6.0,6.03,76.98283814702815,30.159626493597933
9485,7238,PUNJAB,MANSA,Maghania,2.0,1.92,75.58628579810976,29.811331515708467
9484,7238,PUNJAB,MANSA,Maghania,3.5,3.35,75.5937975532279,29.819649715923887
9483,7238,PUNJAB,MANSA,Maghania,10.0,9.87,75.58750175589697,29.813597871407342
22768,17165,HARYANA,KURUKSHETRA,Murtzapur,23.0,23.39,76.65156572190749,29.98530797502878
13743,9945,PUNJAB,MUKTSAR,Loahri,14.0,14.53,74.66112786841525,30.364568090599175
10457,7827,HARYANA,KURUKSHETRA,Dhanani,5.0,5.05,76.9901897416058,30.12433649661639
12167,8923,HARYANA,AMBALA,Zaffarpur,4.0,3.88,77.1542176292521,30.305974701318323
11459,8449,HARYANA,KAITHAL,Kaul,11.0,10.87,76.6394180890868,29.832874566537186
6664,5372,HARYANA,KARNAL,Islamnagar,5.0,3.98,77.11957060045891,29.875470596260868
6523,5252,PUNJAB,MANSA,Khiwa dialuwala,2.5,2.17,75.56604947081563,30.1384405847008
7027,5655,PUNJAB,FARIDKOT,Ratti Rori,9.0,8.68,74.69862409958809,30.623147317888012
9694,7380,PUNJAB,FAZILKA,Rukanpura,11.0,11.5,74.1207853517787,30.03853820504696
5681,4535,PUNJAB,BARNALA,sanghera,13.0,13.05,75.59872522854782,30.406041736441377
6475,5210,HARYANA,KARNAL,Gandhinagar,5.0,3.51,77.04073789605062,29.89278464437594
5720,4566,HARYANA,KURUKSHETRA,Balahi,20.0,20.73,76.75938673766377,30.003811979624377
11910,8744,HARYANA,KURUKSHETRA,Jalkhari,20.4,21.35,76.92682508036863,30.082518440288016
22559,16953,HARYANA,KARNAL,Bajida,54.0,53.0,76.89127994802573,29.714197407204004
11636,8558,HARYANA,AMBALA,Zaffarpur,6.5,6.97,77.14436218475595,30.333261907247504
14851,10645,HARYANA,KURUKSHETRA,Adhon,12.0,11.8,76.82933727412589,30.012204334872028
22921,17331,HARYANA,YAMUNANAGAR,Khajuri,6.5,6.71,77.16935505602343,30.08165458125822
11912,8745,HARYANA,KURUKSHETRA,Jalkhari,17.7,15.48,76.91967872862911,30.072202000292037
11911,8745,HARYANA,KURUKSHETRA,Jalkhari,20.0,18.98,76.93094293455952,30.080412715403423
6931,5573,PUNJAB,MUKTSAR,channu,1.8,1.81,74.59281990477231,30.10026057234043
6411,5160,HARYANA,KURUKSHETRA,kharindwa,2.0,1.99,76.91403321417664,30.110768048459335
6415,5163,HARYANA,KURUKSHETRA,kharindwa,2.0,1.89,76.93656341669183,30.12543158633366
8851,6828,HARYANA,KURUKSHETRA,Buhawa,7.0,6.66,76.97663355809622,30.161391944180014
10707,7993,PUNJAB,FEROZEPUR,Nihal Singh wala,35.0,27.23,74.63335524239218,30.98989162809929
8386,6501,HARYANA,KURUKSHETRA,Bodla,10.0,10.94,76.94493240606637,30.00344625941493
8382,6501,HARYANA,KURUKSHETRA,Bodla,20.0,20.69,76.93440245413187,30.01869385339098
8748,6754,PUNJAB,MANSA,Birewala dogran,8.496,8.54,75.60995479338645,29.76168926644582
7954,6222,HARYANA,KURUKSHETRA,isherheri,2.0,2.21,76.95922592386485,30.12713024047353
7952,6222,HARYANA,KURUKSHETRA,isherheri,6.0,5.8,76.96083191115848,30.12724316297421
7951,6222,HARYANA,KURUKSHETRA,isherheri,2.0,2.07,76.95376640204168,30.114866076910133
26540,23343,HARYANA,FATEHABAD,Mehmara,21.0,21.15,75.64011810251444,29.739163439024058
23201,18026,HARYANA,KARNAL,Gonder,46.0,41.79,76.68687120356672,29.573305609238155
9963,7552,HARYANA,SIRSA,Kariwala,34.0,33.78,74.62603152781138,29.571993922846005
24781,20841,HARYANA,SIRSA,Nagoki,8.0,6.71,75.10126272992645,29.654940693892353
13571,9826,HARYANA,KURUKSHETRA,Tangore,24.0,23.91,76.78428944743109,30.134649585635227
13570,9826,HARYANA,KURUKSHETRA,Tangore,16.0,19.45,76.76656090069568,30.14811987621476
13569,9826,HARYANA,KURUKSHETRA,Tangore,15.0,14.52,76.76636887323332,30.14348883763046
15073,10770,HARYANA,FATEHABAD,Nagpur,21.0,19.85,75.42080526436706,29.68285847090777
8345,6470,HARYANA,SIRSA,Kelnian,8.5,8.05,74.95753663896407,29.53217375183674
8344,6470,HARYANA,SIRSA,Kelnian,4.0,4.19,74.97771758865467,29.551240470997687
7729,5707,HARYANA,KURUKSHETRA,dudhala,3.0,3.57,76.90887575300496,30.059378670081536
7093,5707,HARYANA,KURUKSHETRA,dudhala,8.0,7.46,76.90534905343986,30.05882602049229
19541,14565,HARYANA,KARNAL,Hathlana,43.0,43.21,76.78607488330285,29.703134519801313
9509,7190,HARYANA,FATEHABAD,Hukmawali,7.0,6.81,75.449497188479,29.690220676214565
9403,7190,HARYANA,FATEHABAD,Hukmawali,25.0,26.83,75.45741746168515,29.683121504006312
23606,18832,HARYANA,KARNAL,Samalkha,6.0,5.31,76.93020437532459,29.60996333585813
23605,18832,HARYANA,KARNAL,Samalkha,17.0,16.29,76.9272409797181,29.617636449357487
9138,7006,PUNJAB,MANSA,Jeevan nagar,19.681,19.74,75.59108600621465,29.782514920185623
20895,15536,HARYANA,KURUKSHETRA,Chhapra,1.4,1.32,77.0623497899055,30.090995948760728
9004,6921,HARYANA,KURUKSHETRA,Buhava,5.0,5.23,76.9695125524264,30.15231096045831
9002,6921,HARYANA,KURUKSHETRA,Buhava,6.0,5.8,76.9685097269677,30.15313026288451
16963,11853,PUNJAB,FEROZEPUR,Karmu wala,22.0,22.28,74.82684448636296,30.924557781547037
16962,11853,PUNJAB,FEROZEPUR,Karmu wala,11.0,8.15,74.8248705882108,30.92818673951752
16961,11853,PUNJAB,FEROZEPUR,Karmu wala,13.0,13.52,74.82287804017858,30.93067003761021
16960,11853,PUNJAB,FEROZEPUR,Karmu wala,8.0,5.83,74.82357223224986,30.92954234683465
25025,21277,HARYANA,KARNAL,Phusgarh,46.0,46.62,77.04668950078093,29.89835908667327
15804,11175,HARYANA,KURUKSHETRA,Rampura,7.0,6.78,76.9248134696103,30.05507792990878
24054,19710,HARYANA,KURUKSHETRA,Sanghour,35.0,35.02,77.02432042303026,30.11272158500963
20642,15371,HARYANA,YAMUNANAGAR,Rattangarh,5.0,5.9,77.19648401558193,30.087706652618728
9720,7392,HARYANA,FATEHABAD,Tamspura,5.4,5.21,75.49933260797684,29.62923036429828
13132,9560,PUNJAB,LUDHIANA,Patti multani,5.0,4.73,75.38030494044959,30.9467119161796
21690,16187,HARYANA,KARNAL,Bushli,3.0,2.77,76.943401016793,29.615672293044177
21689,16187,HARYANA,KARNAL,Bushli,20.5,19.48,76.9449700700533,29.61377987589802
18732,14091,HARYANA,KURUKSHETRA,Yara,24.4,24.64,76.94230840712113,30.134166773667605
16192,11428,HARYANA,AMBALA,Thamber,13.0,12.95,77.068752541558,30.192653420433388
22640,17031,HARYANA,KAITHAL,Kakhedi,20.0,17.49,76.36728895282187,29.972926869256305
25163,21450,HARYANA,KARNAL,Staundi,20.0,19.2,76.92151467774737,29.574112810293062
21358,15922,HARYANA,KAITHAL,Sakra,13.5,14.16,76.70567328854015,29.8138357865156
22133,16597,HARYANA,KARNAL,Bushli,4.0,4.19,76.95827753078338,29.607258157625775
20705,15421,HARYANA,KARNAL,Samalkha,10.0,8.78,76.94799438953277,29.603090574814352
20704,15421,HARYANA,KARNAL,Samalkha,37.5,36.59,76.93999816923245,29.610277198522592
6953,5590,HARYANA,KURUKSHETRA,berthal,5.0,4.57,76.98586243747748,30.14003815909194
22362,16795,HARYANA,KURUKSHETRA,Kalal majra 113,22.0,20.95,76.9606048603226,30.090357958844947
26059,22696,HARYANA,SIRSA,Narel khera,36.0,31.62,75.26667682805818,29.54484974000904
22123,16589,HARYANA,YAMUNANAGAR,Kail,3.2,3.2,77.23724925114665,30.197800559080797
21660,16169,HARYANA,KURUKSHETRA,Barout,29.5,29.64,77.10773716805001,29.97477486420173
22804,17214,HARYANA,KURUKSHETRA,Berthala,25.0,25.52,76.97736447379796,30.14386436516497
26136,22823,HARYANA,KURUKSHETRA,Antehri,21.5,21.34,76.96028676503934,29.992445710767868
8374,6494,HARYANA,KURUKSHETRA,Bodla,8.0,7.89,76.92701334438495,30.017189741046305
22363,16796,HARYANA,KURUKSHETRA,Sujra,21.0,20.5,76.96301404030149,30.08932356610601
21828,16315,HARYANA,FATEHABAD,Mohammad puri rohi,15.0,15.33,75.57735267593364,29.455940825860388
21826,16315,HARYANA,FATEHABAD,Mohammad puri rohi,3.0,3.28,75.55777248982726,29.451417121717483
23236,18073,HARYANA,KURUKSHETRA,Vill.bir mathana,15.3,14.97,76.91765114447992,30.0012795492674
8587,6645,HARYANA,KURUKSHETRA,Janpur jattan,17.0,17.02,77.02395318422705,29.971515165645897
8002,6253,HARYANA,KURUKSHETRA,Kharindwa,11.0,10.33,76.91333512331713,30.10939613351068
8000,6253,HARYANA,KURUKSHETRA,Kharindwa,3.0,3.57,76.91636763196033,30.106725918876837
7998,6253,HARYANA,KURUKSHETRA,Kharindwa,4.0,2.98,76.93883181727821,30.113843210278976
14177,10223,PUNJAB,BATHINDA,Naruana,4.4,4.44,74.91006959512444,30.16731518906848
14176,10223,PUNJAB,BATHINDA,Naruana,21.6,22.29,74.90503302441213,30.164481330266963
22102,16563,HARYANA,YAMUNANAGAR,Kail,3.0,2.94,77.23892827469874,30.19741596828212
22945,17360,HARYANA,YAMUNANAGAR,Khajuri,13.0,12.97,77.16871057190608,30.083852676166373
23235,18072,HARYANA,KURUKSHETRA,Vill.bir mathana,19.0,19.02,76.91910708772136,29.999942817122513
14868,10658,PUNJAB,BATHINDA,Naruana,6.6,6.5,74.87448831917783,30.157447464142873
14867,10658,PUNJAB,BATHINDA,Naruana,23.2,23.1,74.90683313283814,30.162361028649112
7537,6056,HARYANA,KURUKSHETRA,Berthala,8.0,8.18,76.99147848519314,30.130030389940856
19307,14421,HARYANA,KARNAL,Gonder,56.5,56.16,76.76956604011383,29.71831948007555
9408,4561,HARYANA,KURUKSHETRA,berthala,26.0,27.53,76.99424292019253,30.132940052610135
5715,4561,HARYANA,KURUKSHETRA,berthala,20.0,20.73,76.99155735356354,30.131573699884704
23367,18257,HARYANA,YAMUNANAGAR,Talakour,10.0,9.86,77.20832783685323,30.235507448485464
20637,15368,HARYANA,YAMUNANAGAR,Rattangarh,4.6,4.5,77.19348005740393,30.088937762981825
12859,9391,PUNJAB,LUDHIANA,Patti multani,2.0,1.83,75.37609299214759,30.946735572649228
9600,3669,PUNJAB,LUDHIANA,Chak bhai ka,31.0,35.77,75.55612666938592,30.4459896478049
14107,10150,PUNJAB,MUKTSAR,sukhan ablou,3.375,3.28,74.65196452814452,30.35286439386692
14066,10150,PUNJAB,MUKTSAR,sukhan ablou,5.537,6.64,74.65054649855179,30.34308418484693
8204,6375,HARYANA,KURUKSHETRA,Khark singh farm sandholi,10.0,9.3,76.61804443598515,29.974388122070675
9592,7310,PUNJAB,MUKTSAR,Buttar sharinh,10.0,10.61,74.69292858480875,30.35112909495736
7066,5686,HARYANA,KURUKSHETRA,dudhla,17.0,16.28,76.9007254684839,30.045824056644555
11607,8542,PUNJAB,BATHINDA,Bibi wala,2.0,1.91,74.85881529903807,30.155272137039088
11606,8542,PUNJAB,BATHINDA,Bibi wala,9.4,9.38,74.86079701156366,30.15516821281699
8467,6561,HARYANA,KURUKSHETRA,Jogana khera,10.0,10.56,76.79024246098415,29.981863670824765
23092,17807,HARYANA,HISAR,Kalirawan,24.0,24.74,75.5923930445881,29.30282003095609
7665,5153,HARYANA,KURUKSHETRA,baderpur,10.0,10.96,77.08576242594202,29.963637495533312
7036,5660,PUNJAB,MANSA,Chak alisher,20.166,20.12,75.626219772551,29.781894615480024
8622,6672,HARYANA,KARNAL,Gonder,5.0,4.87,76.75894000011895,29.62283742823267
8753,6759,HARYANA,KAITHAL,Rasulpur,25.0,25.22,76.40513320585919,29.92655937287949
12079,8859,HARYANA,KURUKSHETRA,Barwa,20.0,20.82,76.76385746299167,29.91088003793326
6700,5402,HARYANA,AMBALA,shahpur(129),7.0,7.88,77.11961903753055,30.34857748698822
4481,3541,HARYANA,KARNAL,Sugga,6.0,5.68,76.8529172447867,29.75969472618357
11454,8445,PUNJAB,BATHINDA,Behman dewana,20.0,20.01,74.859929260472,30.231519664848463
11453,8445,PUNJAB,BATHINDA,Behman dewana,3.7,3.57,74.88238109388163,30.232040009457567
11451,8445,PUNJAB,BATHINDA,Behman dewana,5.7,5.43,74.8792851158257,30.233595682623317
4515,3570,HARYANA,KARNAL,Arianpura,8.75,6.26,77.02213524988355,29.5492230443952
8572,6636,HARYANA,KURUKSHETRA,Brot,10.0,10.8,77.00924179648712,29.966540336875333
8217,6386,HARYANA,KURUKSHETRA,Megha majra,12.0,12.66,76.70501908210295,30.07973998655546
11503,8482,PUNJAB,FEROZEPUR,Bhagwanpura,10.0,9.39,74.6526673195974,30.991680387164855
11541,8506,HARYANA,FATEHABAD,Haroli,2.0,2.0,75.45794522386107,29.66050676102917
8730,6742,HARYANA,KURUKSHETRA,Yara,3.0,2.82,76.95548592711566,30.153997504792414
11779,8653,HARYANA,YAMUNANAGAR,Mansurpur,5.0,4.74,77.13952046713243,30.07822833225223
10180,7703,HARYANA,KURUKSHETRA,Dhanani,3.0,3.22,77.01033216986065,30.1231525300156
7135,5740,PUNJAB,MUKTSAR,channu,6.0,6.02,74.58781090265501,30.08215299262967
6862,5516,PUNJAB,MUKTSAR,Bhalaiana,19.8,20.54,74.7003860771656,30.34186701863408
13642,9865,HARYANA,YAMUNANAGAR,Chhari,7.0,6.98,77.1375268944209,30.08538836359549
13641,9865,HARYANA,YAMUNANAGAR,Chhari,9.3,9.38,77.13707783072645,30.088012878581683
13640,9865,HARYANA,YAMUNANAGAR,Chhari,4.8,4.27,77.14009615357519,30.088203229834654
8263,6418,HARYANA,AMBALA,Baroli,3.0,3.29,76.73364852511294,30.21446683996453
10713,7998,PUNJAB,FEROZEPUR,Bare ke,10.0,8.92,74.5306471537495,30.95734535200914
12471,9141,PUNJAB,BATHINDA,Naruana,31.0,31.38,74.86721722536673,30.170525330052957
16409,11559,HARYANA,KURUKSHETRA,Barna,42.0,42.71,76.73319440073548,29.90081081825763
25146,7264,HARYANA,KARNAL,Gonder,25.0,24.87,76.72926631560026,29.66405695827776
9525,7264,HARYANA,KARNAL,Gonder,80.0,79.33,76.73072837273112,29.701654124184156
8190,6367,HARYANA,KURUKSHETRA,Berthali,9.0,10.8,76.99059293071207,30.13865963389506
8049,6289,HARYANA,KURUKSHETRA,Bekana,5.0,5.67,76.87779300987084,30.102303593120407
8048,6289,HARYANA,KURUKSHETRA,Bekana,20.0,21.07,76.88030479522105,30.101387979820572
7519,6169,HARYANA,KURUKSHETRA,bhagwanpur,1.0,1.04,76.94434707286013,30.071434771333884
7518,6169,HARYANA,KURUKSHETRA,bhagwanpur,5.0,4.9,76.94339626217608,30.072766589803656
6208,5007,PUNJAB,LUDHIANA,Gobindgarh,12.0,13.41,75.58661075628544,30.58420028998616
12698,9292,HARYANA,KARNAL,Amupur,30.0,29.82,76.73490640894344,29.758815077805565
7179,5778,HARYANA,KURUKSHETRA,chihba,12.0,9.17,76.79351940769875,30.04699179740428
13104,9537,HARYANA,YAMUNANAGAR,Sarawi,10.3,9.66,77.20217930790449,30.335588046133875
4399,3478,HARYANA,KARNAL,Newal,8.0,9.97,77.05894935173967,29.71578191974828
10467,7829,HARYANA,YAMUNANAGAR,Haibatpur,1.0,0.97,77.22804151532846,30.285397012565824
10464,7829,HARYANA,YAMUNANAGAR,Haibatpur,2.0,1.58,77.22662020896176,30.29211674016346
10459,7829,HARYANA,YAMUNANAGAR,Haibatpur,3.0,2.98,77.2416077457631,30.30125379551084
11522,8491,HARYANA,YAMUNANAGAR,Ghillour,10.5,10.25,77.08809443118548,30.09792868004115
23203,18027,HARYANA,KURUKSHETRA,Bakhli,28.0,28.34,76.49569536401744,30.00379049814031
23202,18027,HARYANA,KURUKSHETRA,Bakhli,59.0,59.3,76.50699039830407,29.99661447566923
7018,5648,PUNJAB,FARIDKOT,Machaki Mall singh,6.0,5.41,74.73434447539609,30.605601558900773
13714,9925,HARYANA,FATEHABAD,Ratia,6.0,5.72,75.56654364764785,29.67660468613322
24827,9387,HARYANA,KAITHAL,Sakra,7.0,6.89,76.67709095085753,29.81620065784704
24826,9387,HARYANA,KAITHAL,Sakra,16.0,16.04,76.68022144848649,29.810793439038324
12854,9387,HARYANA,KAITHAL,Sakra,15.0,14.34,76.70170070410622,29.80783853914526
12853,9387,HARYANA,KAITHAL,Sakra,13.0,12.83,76.69836709484733,29.807758256967507
4782,3791,HARYANA,SIRSA,Jiwan nagar,16.0,13.73,74.74670943698135,29.543696566246084
12098,8877,HARYANA,YAMUNANAGAR,Jhaguri,14.0,12.16,77.17182936009458,30.111923900802676
12097,8877,HARYANA,YAMUNANAGAR,Jhaguri,9.5,9.28,77.17945704156108,30.104906639170796
4632,3661,HARYANA,SIRSA,Jiwan negar,32.0,39.45,74.7326401246871,29.530993161744345
11859,8710,PUNJAB,MUKTSAR,shahid chand,6.657,6.55,74.69727643360753,30.3028463585672
8150,6343,HARYANA,SIRSA,Bahia,3.4,4.09,74.68582398554192,29.589156349680287
12322,9040,PUNJAB,FEROZEPUR,Attari,5.0,3.34,74.69665649829128,31.01495834393366
12321,9040,PUNJAB,FEROZEPUR,Attari,21.6,18.63,74.6962568726398,31.016732594814343
7200,5790,HARYANA,KAITHAL,Ramdaspura,2.0,1.7,76.32334344182209,29.94914765974959
9547,7280,PUNJAB,BARNALA,bhadalwad,14.0,13.89,75.56816539676193,30.43774493705497
10469,7833,HARYANA,YAMUNANAGAR,Haibatpur,11.0,13.1,77.2141569412854,30.287451319213876
9036,6939,HARYANA,KARNAL,Nissing,17.0,21.21,76.728118480488,29.69044385041414
26960,4311,HARYANA,KARNAL,Gonder,37.0,32.34,76.74953976988222,29.648578587780623
5388,4311,HARYANA,KARNAL,Gonder,10.0,8.15,76.76965299130732,29.65187941241867
12554,9189,HARYANA,YAMUNANAGAR,Kunjal jattan,2.0,1.94,77.1826341189801,30.09566360829678
12552,9189,HARYANA,YAMUNANAGAR,Kunjal jattan,21.0,21.53,77.18769213380337,30.09407115374854
7203,5792,HARYANA,KURUKSHETRA,Talhari,10.0,5.73,76.64727620729563,30.03958322000521
11564,8519,PUNJAB,MUKTSAR,Lohara,7.0,7.45,74.66799645904516,30.363410887974513
11563,8519,PUNJAB,MUKTSAR,Lohara,6.0,6.27,74.65778277163261,30.375019446295894
11784,8493,HARYANA,YAMUNANAGAR,Daulatpur,4.7,4.68,77.1155007690425,30.09231575910026
11783,8493,HARYANA,YAMUNANAGAR,Daulatpur,2.0,1.85,77.10566561045498,30.08938940769192
11782,8493,HARYANA,YAMUNANAGAR,Daulatpur,5.5,5.59,77.11076613362118,30.098526863218193
11528,8493,HARYANA,YAMUNANAGAR,Daulatpur,3.5,3.35,77.11133490824095,30.093146404253915
11527,8493,HARYANA,YAMUNANAGAR,Daulatpur,10.0,9.51,77.11189788278394,30.09725793018563
11526,8493,HARYANA,YAMUNANAGAR,Daulatpur,24.0,23.27,77.1082451468694,30.09124601264626
6838,5497,PUNJAB,FARIDKOT,Teacher colony,7.0,7.34,74.75226346320426,30.653378427556586
8514,6594,HARYANA,KURUKSHETRA,Bhoot majra,10.0,11.15,77.06582117625284,29.95348645323853
8512,6594,HARYANA,KURUKSHETRA,Bhoot majra,15.0,16.47,77.06955115984711,29.957623068812985
8677,6706,HARYANA,FATEHABAD,Haroli,4.0,4.02,75.45745457849902,29.642910608316836
8811,6801,PUNJAB,MUKTSAR,Buttar sharinh,14.843,14.78,74.69592476999445,30.359031493429818
6997,5629,HARYANA,KURUKSHETRA,dudhala,12.0,12.27,76.90806425169806,30.058241735750975
11978,8790,HARYANA,FATEHABAD,Dhani dadupur,5.2,5.48,75.48279390062393,29.67524263332621
11977,8790,HARYANA,FATEHABAD,Dhani dadupur,3.0,3.05,75.489751546492,29.67181467643401
6426,5173,PUNJAB,MUKTSAR,channu,20.5,18.31,74.60534081386457,30.09435508787856
10252,7746,PUNJAB,FEROZEPUR,Bhure kla,32.0,28.58,74.53118217802417,30.886131192529025
10251,7746,PUNJAB,FEROZEPUR,Bhure kla,11.0,10.13,74.52286820741293,30.892795897559477
11414,8424,HARYANA,KAITHAL,Sahil,13.0,13.01,76.64491130404139,29.843626113301053
10708,7994,PUNJAB,FEROZEPUR,Kunde,10.4,9.04,74.58154845569032,30.975615579323627
8513,6595,HARYANA,KURUKSHETRA,Bhoot majra,6.0,6.28,77.07129147146202,29.95661207245384
18916,14200,HARYANA,KAITHAL,Sagroli,17.0,16.86,76.64238815888577,29.81815067757313
6802,5471,HARYANA,KURUKSHETRA,Kharindwa,3.0,3.14,76.9188641434004,30.10592994993473
23887,19246,HARYANA,KURUKSHETRA,Kirmuch,23.0,22.71,76.80362845931064,29.900876812565283
23881,19246,HARYANA,KURUKSHETRA,Kirmuch,16.0,15.71,76.80352172474025,29.898365668337068
17315,12046,HARYANA,KAITHAL,Kaul,4.0,3.66,76.63560518340272,29.83770788665079
23800,19252,HARYANA,FATEHABAD,Pili mandori,33.0,37.08,75.25083676134417,29.369496616483207
23625,18845,HARYANA,FATEHABAD,Birabadi,11.2,11.26,75.36921141539304,29.67027888371671
19296,14410,HARYANA,KURUKSHETRA,Chhapra,2.0,2.09,77.06533842314637,30.089150003503168
9105,6985,HARYANA,KURUKSHETRA,Bakhli,6.0,5.76,76.51729615897128,30.04083055911372
9104,6985,HARYANA,KURUKSHETRA,Bakhli,46.0,46.5,76.5165014724604,30.038444640493537
9103,6985,HARYANA,KURUKSHETRA,Bakhli,18.0,19.78,76.52021934430354,30.030626975801045
26883,18229,HARYANA,KURUKSHETRA,Palwal,61.0,59.95,76.56877118095338,29.92451099149613
23337,18229,HARYANA,KURUKSHETRA,Palwal,7.0,7.06,76.87052748451896,29.94730268394382
19419,14480,HARYANA,KURUKSHETRA,Kasithal,10.9,10.56,76.94235496361088,30.058797424451555
18907,14187,HARYANA,AMBALA,Jandheri,36.0,35.68,76.61442885498707,30.091683313106813
10454,7824,HARYANA,YAMUNANAGAR,Haibtpur,2.0,1.96,77.23881824530888,30.301032631407494
26354,23097,HARYANA,SIRSA,Suchan,6.5,7.2,75.19204312593747,29.53422768084647
23686,18839,HARYANA,YAMUNANAGAR,Sudhail,3.5,3.26,77.23316940664867,30.167399579918797
23619,18839,HARYANA,YAMUNANAGAR,Sudhail,1.8,1.57,77.23146804350627,30.169799221358662
23410,18301,HARYANA,YAMUNANAGAR,Thaska khadar,9.5,8.94,77.15487168545508,29.984939520357063
23407,18301,HARYANA,YAMUNANAGAR,Thaska khadar,5.0,5.28,77.1597110779918,29.97902321832457
26036,22634,HARYANA,SIRSA,Karnoli,5.0,5.01,75.02440572785446,29.58529365261078
22920,17330,HARYANA,YAMUNANAGAR,Baindi,5.0,5.19,77.17112249146662,30.0832089513928
25880,22453,HARYANA,KARNAL,Gonder,37.5,37.66,76.7557135452996,29.646482936407775
24223,19937,HARYANA,KURUKSHETRA,Buhavi,23.0,22.17,77.01036130655926,30.1506767776188
24222,19937,HARYANA,KURUKSHETRA,Buhavi,7.0,7.29,76.98850626214703,30.1502252893126
17280,12023,PUNJAB,BATHINDA,Jodhpur romana,10.2,10.2,74.93048979004054,30.13671180315046
17279,12023,PUNJAB,BATHINDA,Jodhpur romana,8.4,8.75,74.91608628359265,30.15779914364225
23015,17712,HARYANA,FATEHABAD,Chankothi,32.0,31.52,75.45090684826366,29.60963473053539
23089,17804,HARYANA,KURUKSHETRA,Bir mathana,18.0,17.44,76.91880068487673,29.997945840440256
16325,11508,HARYANA,FATEHABAD,Tamspura,2.0,1.86,75.49909003946115,29.629143278627176
16324,11508,HARYANA,FATEHABAD,Tamspura,9.0,9.37,75.49469072382546,29.630016958984175
23886,19260,HARYANA,YAMUNANAGAR,Khandwa,3.0,3.13,77.252698196763,30.084530335380844
15223,10856,HARYANA,KARNAL,Chogawan,5.5,5.55,77.2051113448246,29.929240767473992
15222,10856,HARYANA,KARNAL,Chogawan,3.0,3.0,77.18387738755301,29.931360098174125
15364,10933,HARYANA,KURUKSHETRA,Ban,10.0,10.75,77.0878081510777,30.00440711134291
17554,13425,HARYANA,KURUKSHETRA,Deeg,17.1,16.78,76.90864595821141,30.13057941396595
26404,23170,PUNJAB,BARNALA,Moom,3.3,3.46,75.5009386724034,30.55466886523205
26402,23168,PUNJAB,BARNALA,Moom,7.0,6.92,75.48053657182844,30.56899968024343
26048,22644,HARYANA,KURUKSHETRA,Ramsaran majra,10.0,9.96,77.0009912177078,30.06468006134958
26420,23184,HARYANA,YAMUNANAGAR,Nagal,8.0,7.68,77.2679845057142,30.06793291937772
26419,23184,HARYANA,YAMUNANAGAR,Nagal,12.0,11.76,77.26252942495681,30.077668547279305
26026,22626,HARYANA,KURUKSHETRA,Mangoli jattan,22.0,21.07,77.04134178704939,30.123060990518045
26030,22630,HARYANA,YAMUNANAGAR,Panjupur,26.0,23.6,77.2714836834831,30.08644106713014
26353,23094,PUNJAB,LUDHIANA,Bharowal kalan,6.0,5.4,75.58957803551591,30.869323309621254
26352,23094,PUNJAB,LUDHIANA,Bharowal kalan,13.0,13.03,75.59749938322243,30.876874548408104
26351,23094,PUNJAB,LUDHIANA,Bharowal kalan,5.0,4.61,75.59265545961615,30.912124543378273
26350,23094,PUNJAB,LUDHIANA,Bharowal kalan,17.0,17.39,75.57197957827559,30.919635052316327
26349,23094,PUNJAB,LUDHIANA,Bharowal kalan,7.0,6.34,75.57927145650426,30.90461281253428
26348,23094,PUNJAB,LUDHIANA,Bharowal kalan,14.0,14.11,75.58468661775397,30.905738500170298
26567,23372,PUNJAB,LUDHIANA,Sowaddi,8.0,7.35,75.58447947469543,30.88724321332453
26566,23372,PUNJAB,LUDHIANA,Sowaddi,3.0,2.83,75.58845270161109,30.87707281350056
26565,23372,PUNJAB,LUDHIANA,Sowaddi,5.0,4.59,75.58393116428077,30.878784364140476
26564,23372,PUNJAB,LUDHIANA,Sowaddi,3.0,3.08,75.58241964795825,30.876522472027943
26563,23372,PUNJAB,LUDHIANA,Sowaddi,6.0,5.85,75.60126819386693,30.87423629738265
26562,23372,PUNJAB,LUDHIANA,Sowaddi,10.0,10.12,75.59539496053699,30.86833666193334
26670,23480,PUNJAB,BARNALA,Chiniwal khurd,17.0,16.89,75.45418005307302,30.573730582963343
26524,23329,PUNJAB,BARNALA,Gagewal,3.0,3.22,75.48508552143275,30.581162415889064
26523,23329,PUNJAB,BARNALA,Gagewal,5.5,5.5,75.4730015111065,30.60063594552243
26667,23477,PUNJAB,BARNALA,Gagewal,7.0,7.04,75.47725069167973,30.58849051956041
26666,23477,PUNJAB,BARNALA,Gagewal,6.8,6.74,75.47710410206582,30.593679622375348
26665,23477,PUNJAB,BARNALA,Gagewal,4.1,4.11,75.48140901688512,30.595292724012264
26620,23433,HARYANA,KARNAL,Karnal,47.0,47.27,76.9787290312838,29.65626725408876
26542,23345,HARYANA,KURUKSHETRA,Ramsaran majra,10.0,9.89,76.99321059572381,30.092836791114888
26004,22577,PUNJAB,LUDHIANA,Chaukiman,21.0,21.76,75.55516145004106,30.81557202845824
24623,20624,HARYANA,SIRSA,Suchan,12.0,13.34,75.1855149186748,29.50595208575144
24622,20624,HARYANA,SIRSA,Suchan,18.0,34.2,75.19352509919914,29.52327063879841
24665,20678,HARYANA,SIRSA,Suchan,4.5,4.06,75.18478946299007,29.50062126385204
24679,20693,HARYANA,SIRSA,Panjuana,14.5,16.68,74.99017473766199,29.631934176657698
24644,20650,HARYANA,KARNAL,Sanwat,9.0,8.82,76.80463427912414,29.836787653736355
26490,23301,HARYANA,SIRSA,Mirpur,10.0,13.0,75.01005716015425,29.589470046291307
26489,23301,HARYANA,SIRSA,Mirpur,9.0,8.49,74.98656170978815,29.580337120384915
24693,20707,HARYANA,KURUKSHETRA,Helwa,45.0,44.94,76.48497109699922,29.97761433319964
24692,20707,HARYANA,KURUKSHETRA,Helwa,40.0,39.14,76.48879034857613,29.970261345262102
24619,20606,HARYANA,SIRSA,Dhani majra,14.0,14.29,75.25733515861629,29.503498159414203
24697,20712,HARYANA,SIRSA,Nehrana,9.0,9.55,75.21684634800765,29.378687349736104
24696,20712,HARYANA,SIRSA,Nehrana,24.0,22.25,75.21393907602494,29.380996281219534
24655,20662,HARYANA,KURUKSHETRA,Dhanoura jataan,3.0,3.01,77.03121179241334,30.04125764055512
24654,20662,HARYANA,KURUKSHETRA,Dhanoura jataan,4.0,4.07,77.03590751676583,30.038600073665823
24653,20662,HARYANA,KURUKSHETRA,Dhanoura jataan,17.0,17.25,77.03814045032553,30.04118947889615
20638,15369,HARYANA,YAMUNANAGAR,Rattangarh,5.8,5.61,77.19676168989758,30.09801012461721
7468,6149,HARYANA,AMBALA,Dhanoura,7.0,6.77,76.83188135304158,30.267679651603352
7467,6149,HARYANA,AMBALA,Dhanoura,24.0,21.09,76.80508460867121,30.26475650424854
7673,5783,HARYANA,KURUKSHETRA,berthala,5.0,4.95,76.97873559882039,30.126799677806883
16797,11646,HARYANA,KURUKSHETRA,Bakali,3.1,2.95,77.06204840659667,30.023393595541386
16561,11646,HARYANA,KURUKSHETRA,Bakali,2.1,2.12,77.06316072584913,30.018124140455644
16560,11646,HARYANA,KURUKSHETRA,Bakali,5.2,5.34,77.0646867421911,30.018941542998324
16551,11646,HARYANA,KURUKSHETRA,Bakali,5.0,4.91,77.05934337328851,30.016231340499587
16899,11827,HARYANA,KURUKSHETRA,Bakali,8.3,8.24,77.05000260761284,30.019392713999864
16898,11827,HARYANA,KURUKSHETRA,Bakali,7.0,6.87,77.05074402153276,30.021342594371458
2936,2376,HARYANA,JIND,Sriragkhera,5.0,3.75,76.36260099759562,29.39038635640541
3163,2537,HARYANA,SIRSA,Mirzapur,7.0,6.32,74.6498214773845,29.509361412743644
3161,2537,HARYANA,SIRSA,Mirzapur,4.0,3.48,74.68649019777462,29.521520027521497
7870,2831,HARYANA,FATEHABAD,Haroli,2.0,1.67,75.44849054155507,29.65427497485862
3548,2831,HARYANA,FATEHABAD,Haroli,6.0,6.14,75.44701935773503,29.651311633268104
25599,22054,HARYANA,KAITHAL,Ahun,4.0,3.71,76.68324280985759,29.787673734933527
4385,3472,HARYANA,SIRSA,Talwara khurd,15.0,10.5,74.6255294860929,29.502143862383228
4383,3472,HARYANA,SIRSA,Talwara khurd,17.0,17.94,74.62584119849141,29.505944532865932
5988,4804,HARYANA,HISAR,Sandol,4.0,4.01,75.71710102911447,29.35863366739311
7816,1454,HARYANA,FATEHABAD,Haroli,2.5,1.82,75.46072144370504,29.66648406295791
1754,1454,HARYANA,FATEHABAD,Haroli,1.0,0.77,75.45238241660354,29.659735999163175
1753,1454,HARYANA,FATEHABAD,Haroli,12.0,11.8,75.45442774236099,29.662529621769917
15885,11229,HARYANA,KURUKSHETRA,Kenoni,7.6,7.52,76.96859507693303,30.09311102594165
21829,16316,HARYANA,FATEHABAD,Mohammad pur rohi,15.0,14.05,75.5798190917509,29.456854022501073
25349,21768,HARYANA,SIRSA,Chamal,7.0,6.42,74.96323768780387,29.587912839326847
9120,6993,HARYANA,KURUKSHETRA,Charuni jattan,35.0,36.26,76.86382705659295,30.100282359847892
20881,15526,HARYANA,KAITHAL,Ahun,16.5,19.49,76.69054928035635,29.785700646903628
10658,7965,HARYANA,AMBALA,Mansoorpur,4.0,3.43,76.82247230026417,30.231281119656753
8191,6366,HARYANA,KURUKSHETRA,Clonny,20.0,20.32,76.96838700701016,30.09488485960923
8189,6366,HARYANA,KURUKSHETRA,Clonny,8.0,8.87,76.95367525646505,30.09742049188753
11375,8402,HARYANA,SIRSA,Khairkan,6.0,6.25,74.99658943119785,29.584360985560153
15383,10945,HARYANA,FATEHABAD,Dani manjra,38.0,35.67,75.53272533203261,29.508284130584133
7842,4925,HARYANA,KARNAL,Gonder,16.0,15.95,76.7476766149689,29.625742752616084
6118,4925,HARYANA,KARNAL,Gonder,12.0,10.42,76.72960541043172,29.66001923900379
16534,11634,HARYANA,KURUKSHETRA,Barna,15.5,16.23,76.7180111069099,29.915749692905223
5695,4548,HARYANA,SIRSA,Damdama,25.0,29.29,74.66807692934209,29.60133607620892
19399,14471,HARYANA,KARNAL,Birchpur,8.0,6.92,76.90993331141199,29.61513013499777
3225,2582,HARYANA,JIND,Sharda,20.0,24.6,76.41840837114131,29.366102699350172
3224,2581,HARYANA,JIND,Sharda,20.0,24.98,76.42874014902128,29.36794789434588
9121,6983,HARYANA,KURUKSHETRA,Bakana,18.0,20.11,76.87011210822797,30.1012861752902
9100,6983,HARYANA,KURUKSHETRA,Bakana,16.0,15.86,76.88542793193172,30.096728488015923
